transaction_id,beneficiary_id,ration_shop_id,region,commodity,card_type,family_size,entitled_quota,quantity,quantity_to_quota_ratio,days_since_prior_txn,monthly_frequency,timestamp,hour,is_anomaly,risk_label
TXN-10001,BEN169,FPS-COI-001,Coimbatore,Wheat,Priority (PHH),3,6.0,4.8,0.8,2.8,2,2024-02-01 09:42:00,9,0,NORMAL
TXN-10002,BEN228,FPS-COI-001,Coimbatore,Wheat,Priority (PHH),2,4.0,3.5,0.875,7.8,1,2024-04-06 17:50:00,17,0,NORMAL
TXN-10003,BEN062,FPS-CHE-001,Chennai,Wheat,Priority (PHH),5,10.0,8.0,0.8,6.0,1,2024-07-05 09:57:00,9,0,NORMAL
TXN-10004,BEN203,FPS-SAL-002,Salem,Rice,Priority (PHH),5,25.0,18.2,0.728,3.1,1,2024-04-26 13:40:00,13,0,NORMAL
TXN-10005,BEN352,FPS-TIR-001,Tiruchirappalli,Sugar,Priority (PHH),5,1.0,0.8,0.8,4.0,3,2024-05-16 11:16:00,11,0,NORMAL
TXN-10006,BEN365,FPS-TIR-001,Tiruchirappalli,Wheat,Antyodaya Anna Yojana (AAY),5,10.0,9.9,0.99,10.9,2,2024-07-30 12:44:00,12,0,NORMAL
TXN-10007,BEN047,FPS-SAL-001,Salem,Wheat,Antyodaya Anna Yojana (AAY),2,10.0,9.1,0.91,7.1,2,2024-03-19 18:14:00,18,0,NORMAL
TXN-10008,BEN181,FPS-SAL-001,Salem,Wheat,Priority (PHH),3,6.0,5.7,0.95,36.9,2,2024-10-01 08:43:00,8,0,NORMAL
TXN-10009,BEN356,FPS-MAD-001,Madurai,Dal,Priority (PHH),3,1.0,0.9,0.9,2.3,2,2024-07-07 13:00:00,13,0,NORMAL
TXN-10010,BEN148,FPS-SAL-002,Salem,Wheat,Priority (PHH),3,6.0,4.4,0.733,23.7,2,2024-10-25 17:25:00,17,0,NORMAL
TXN-10011,BEN002,FPS-SAL-002,Salem,Sugar,Priority (PHH),2,1.0,0.8,0.8,20.2,3,2024-05-19 17:43:00,17,0,NORMAL
TXN-10012,BEN087,FPS-COI-001,Coimbatore,Rice,Priority (PHH),2,10.0,8.7,0.87,5.2,4,2024-09-10 19:01:00,19,0,NORMAL
TXN-10013,BEN238,FPS-COI-002,Coimbatore,Dal,Priority (PHH),5,1.0,0.9,0.9,47.1,2,2024-10-04 09:11:00,9,0,NORMAL
TXN-10014,BEN155,FPS-MAD-001,Madurai,Rice,Antyodaya Anna Yojana (AAY),5,25.0,21.5,0.86,6.0,2,2024-05-14 18:04:00,18,0,NORMAL
TXN-10015,BEN017,FPS-MAD-002,Madurai,Rice,Antyodaya Anna Yojana (AAY),2,25.0,22.7,0.908,67.0,2,2024-09-23 13:07:00,13,0,NORMAL
TXN-10016,BEN034,FPS-SAL-001,Salem,Rice,Priority (PHH),2,10.0,8.9,0.89,20.0,3,2024-05-24 10:30:00,10,0,NORMAL
TXN-10017,BEN019,FPS-SAL-002,Salem,Wheat,Antyodaya Anna Yojana (AAY),3,10.0,8.2,0.82,17.7,1,2024-09-18 15:50:00,15,0,NORMAL
TXN-10018,BEN309,FPS-COI-002,Coimbatore,Rice,Antyodaya Anna Yojana (AAY),5,25.0,19.6,0.784,3.2,2,2024-04-21 15:35:00,15,0,NORMAL
TXN-10019,BEN167,FPS-TIR-002,Tiruchirappalli,Rice,Non-Priority (NPHH),4,20.0,14.2,0.71,46.3,2,2024-05-08 17:37:00,17,0,NORMAL
TXN-10020,BEN294,FPS-CHE-002,Chennai,Wheat,Priority (PHH),5,10.0,8.4,0.84,5.9,1,2024-07-18 12:55:00,12,0,NORMAL
TXN-10021,BEN313,FPS-COI-002,Coimbatore,Rice,Priority (PHH),5,25.0,18.4,0.736,18.6,2,2024-10-24 18:09:00,18,0,NORMAL
TXN-10022,BEN232,FPS-COI-002,Coimbatore,Rice,Priority (PHH),4,20.0,16.4,0.82,73.0,1,2024-03-04 14:39:00,14,0,NORMAL
TXN-10023,BEN370,FPS-SAL-001,Salem,Rice,Priority (PHH),3,15.0,14.8,0.987,3.8,2,2024-09-10 15:07:00,15,0,NORMAL
TXN-10024,BEN161,FPS-COI-001,Coimbatore,Wheat,Priority (PHH),2,4.0,3.9,0.975,16.2,3,2024-02-11 10:17:00,10,0,NORMAL
TXN-10025,BEN018,FPS-TIR-001,Tiruchirappalli,Rice,Priority (PHH),3,15.0,14.6,0.973,7.2,2,2024-06-30 10:28:00,10,0,NORMAL
TXN-10026,BEN077,FPS-SAL-001,Salem,Dal,Priority (PHH),3,1.0,0.9,0.9,68.4,2,2024-05-06 12:06:00,12,0,NORMAL
TXN-10027,BEN330,FPS-TIR-002,Tiruchirappalli,Wheat,Priority (PHH),2,4.0,3.7,0.925,60.9,3,2024-06-26 17:55:00,17,0,NORMAL
TXN-10028,BEN108,FPS-CHE-002,Chennai,Rice,Non-Priority (NPHH),4,20.0,16.1,0.805,8.3,3,2024-08-08 12:47:00,12,0,NORMAL
TXN-10029,BEN159,FPS-SAL-001,Salem,Sugar,Priority (PHH),5,1.0,0.9,0.9,2.0,2,2024-03-30 12:47:00,12,0,NORMAL
TXN-10030,BEN366,FPS-MAD-002,Madurai,Rice,Priority (PHH),3,15.0,14.7,0.98,15.0,2,2024-02-27 18:41:00,18,0,NORMAL
TXN-10031,BEN377,FPS-MAD-001,Madurai,Rice,Priority (PHH),2,10.0,9.2,0.92,9.3,2,2024-08-08 10:53:00,10,0,NORMAL
TXN-10032,BEN098,FPS-CHE-002,Chennai,Rice,Priority (PHH),2,10.0,8.5,0.85,34.8,3,2024-03-01 12:17:00,12,0,NORMAL
TXN-10033,BEN028,FPS-TIR-002,Tiruchirappalli,Rice,Non-Priority (NPHH),5,25.0,24.0,0.96,12.5,2,2024-03-09 09:41:00,9,0,NORMAL
TXN-10034,BEN090,FPS-COI-001,Coimbatore,Wheat,Priority (PHH),4,8.0,5.9,0.737,9.3,2,2024-05-29 11:48:00,11,0,NORMAL
TXN-10035,BEN216,FPS-MAD-001,Madurai,Wheat,Priority (PHH),5,10.0,9.3,0.93,70.9,1,2024-07-03 18:03:00,18,0,NORMAL
TXN-10036,BEN242,FPS-CHE-001,Chennai,Rice,Priority (PHH),5,25.0,23.7,0.948,7.2,1,2024-07-14 19:30:00,19,0,NORMAL
TXN-10037,BEN145,FPS-TIR-002,Tiruchirappalli,Rice,Priority (PHH),4,20.0,16.8,0.84,4.5,1,2024-02-14 09:13:00,9,0,NORMAL
TXN-10038,BEN068,FPS-CHE-001,Chennai,Rice,Non-Priority (NPHH),2,10.0,8.4,0.84,17.6,1,2024-02-24 17:31:00,17,0,NORMAL
TXN-10039,BEN179,FPS-MAD-001,Madurai,Dal,Antyodaya Anna Yojana (AAY),5,2.0,1.5,0.75,2.0,1,2024-08-18 12:29:00,12,0,NORMAL
TXN-10040,BEN166,FPS-SAL-001,Salem,Wheat,Antyodaya Anna Yojana (AAY),5,10.0,9.7,0.97,22.0,3,2024-06-09 15:32:00,15,0,NORMAL
TXN-10041,BEN092,FPS-COI-001,Coimbatore,Wheat,Antyodaya Anna Yojana (AAY),3,10.0,9.5,0.95,8.6,2,2024-06-30 16:27:00,16,0,NORMAL
TXN-10042,BEN387,FPS-CHE-002,Chennai,Dal,Priority (PHH),2,1.0,0.7,0.7,15.5,2,2024-02-09 10:24:00,10,0,NORMAL
TXN-10043,BEN368,FPS-TIR-001,Tiruchirappalli,Wheat,Priority (PHH),2,4.0,3.7,0.925,25.5,4,2024-03-27 16:16:00,16,0,NORMAL
TXN-10044,BEN063,FPS-MAD-002,Madurai,Rice,Priority (PHH),2,10.0,9.6,0.96,20.1,2,2024-09-02 18:06:00,18,0,NORMAL
TXN-10045,BEN285,FPS-SAL-001,Salem,Sugar,Priority (PHH),5,1.0,0.9,0.9,3.4,2,2024-01-14 12:17:00,12,0,NORMAL
TXN-10046,BEN288,FPS-CHE-002,Chennai,Dal,Priority (PHH),5,1.0,0.9,0.9,40.8,2,2024-07-06 10:21:00,10,0,NORMAL
TXN-10047,BEN315,FPS-COI-002,Coimbatore,Rice,Priority (PHH),5,25.0,24.0,0.96,50.8,1,2024-05-25 18:27:00,18,0,NORMAL
TXN-10048,BEN038,FPS-COI-001,Coimbatore,Rice,Priority (PHH),4,20.0,19.4,0.97,80.3,1,2024-07-19 15:50:00,15,0,NORMAL
TXN-10049,BEN204,FPS-SAL-002,Salem,Rice,Priority (PHH),3,15.0,12.2,0.813,34.3,1,2024-06-07 14:47:00,14,0,NORMAL
TXN-10050,BEN351,FPS-CHE-002,Chennai,Sugar,Non-Priority (NPHH),5,1.0,0.9,0.9,37.1,3,2024-06-26 17:37:00,17,0,NORMAL
TXN-10051,BEN252,FPS-CHE-001,Chennai,Sugar,Antyodaya Anna Yojana (AAY),4,2.0,1.4,0.7,23.7,2,2024-06-10 13:49:00,13,0,NORMAL
TXN-10052,BEN003,FPS-COI-002,Coimbatore,Rice,Priority (PHH),4,20.0,15.4,0.77,11.7,3,2024-03-07 19:28:00,19,0,NORMAL
TXN-10053,BEN393,FPS-MAD-001,Madurai,Rice,Priority (PHH),2,10.0,9.1,0.91,52.3,2,2024-01-24 13:03:00,13,0,NORMAL
TXN-10054,BEN108,FPS-MAD-001,Madurai,Rice,Priority (PHH),5,25.0,17.6,0.704,30.1,2,2024-05-20 18:05:00,18,0,NORMAL
TXN-10055,BEN348,FPS-SAL-001,Salem,Rice,Non-Priority (NPHH),3,15.0,11.5,0.767,9.7,3,2024-04-16 14:02:00,14,0,NORMAL
TXN-10056,BEN013,FPS-TIR-002,Tiruchirappalli,Wheat,Priority (PHH),2,4.0,3.4,0.85,22.1,1,2024-02-09 13:15:00,13,0,NORMAL
TXN-10057,BEN362,FPS-TIR-002,Tiruchirappalli,Wheat,Priority (PHH),5,10.0,8.0,0.8,17.9,2,2024-01-31 18:44:00,18,0,NORMAL
TXN-10058,BEN396,FPS-COI-001,Coimbatore,Rice,Priority (PHH),2,10.0,9.5,0.95,42.3,2,2024-03-31 13:37:00,13,0,NORMAL
TXN-10059,BEN289,FPS-TIR-002,Tiruchirappalli,Sugar,Priority (PHH),2,1.0,0.7,0.7,3.1,2,2024-09-30 13:53:00,13,0,NORMAL
TXN-10060,BEN225,FPS-SAL-002,Salem,Sugar,Antyodaya Anna Yojana (AAY),4,2.0,1.9,0.95,19.8,2,2024-04-07 19:01:00,19,0,NORMAL
TXN-10061,BEN189,FPS-TIR-001,Tiruchirappalli,Sugar,Priority (PHH),2,1.0,0.9,0.9,58.4,1,2024-05-07 14:41:00,14,0,NORMAL
TXN-10062,BEN154,FPS-TIR-002,Tiruchirappalli,Sugar,Antyodaya Anna Yojana (AAY),2,2.0,2.0,1.0,11.4,2,2024-03-04 13:57:00,13,0,NORMAL
TXN-10063,BEN203,FPS-CHE-001,Chennai,Dal,Priority (PHH),4,1.0,1.0,1.0,1.5,1,2024-08-10 13:45:00,13,0,NORMAL
TXN-10064,BEN103,FPS-MAD-001,Madurai,Wheat,Non-Priority (NPHH),3,6.0,5.7,0.95,3.6,1,2024-03-24 10:50:00,10,0,NORMAL
TXN-10065,BEN188,FPS-CHE-002,Chennai,Rice,Non-Priority (NPHH),3,15.0,12.1,0.807,19.6,1,2024-04-23 19:35:00,19,0,NORMAL
TXN-10066,BEN218,FPS-COI-001,Coimbatore,Wheat,Priority (PHH),3,6.0,4.3,0.717,10.5,1,2024-08-17 19:25:00,19,0,NORMAL
TXN-10067,BEN047,FPS-TIR-001,Tiruchirappalli,Rice,Non-Priority (NPHH),5,25.0,23.8,0.952,28.8,2,2024-08-22 12:01:00,12,0,NORMAL
TXN-10068,BEN097,FPS-MAD-001,Madurai,Rice,Priority (PHH),3,15.0,12.8,0.853,25.9,1,2024-01-21 15:50:00,15,0,NORMAL
TXN-10069,BEN265,FPS-COI-001,Coimbatore,Rice,Priority (PHH),3,15.0,14.8,0.987,51.9,1,2024-10-11 13:15:00,13,0,NORMAL
TXN-10070,BEN336,FPS-CHE-002,Chennai,Sugar,Antyodaya Anna Yojana (AAY),3,2.0,2.0,1.0,20.5,1,2024-06-07 12:32:00,12,0,NORMAL
TXN-10071,BEN220,FPS-TIR-002,Tiruchirappalli,Sugar,Priority (PHH),2,1.0,0.9,0.9,11.9,1,2024-02-11 14:41:00,14,0,NORMAL
TXN-10072,BEN087,FPS-TIR-002,Tiruchirappalli,Wheat,Priority (PHH),2,4.0,3.7,0.925,22.6,4,2024-06-30 10:05:00,10,0,NORMAL
TXN-10073,BEN209,FPS-SAL-001,Salem,Wheat,Non-Priority (NPHH),5,10.0,7.1,0.71,39.9,2,2024-08-24 16:46:00,16,0,NORMAL
TXN-10074,BEN035,FPS-TIR-002,Tiruchirappalli,Rice,Priority (PHH),5,25.0,21.2,0.848,8.3,3,2024-01-16 18:16:00,18,0,NORMAL
TXN-10075,BEN397,FPS-SAL-002,Salem,Rice,Antyodaya Anna Yojana (AAY),3,25.0,19.0,0.76,2.4,3,2024-04-12 16:41:00,16,0,NORMAL
TXN-10076,BEN132,FPS-COI-002,Coimbatore,Dal,Priority (PHH),5,1.0,0.7,0.7,10.0,1,2024-10-14 19:12:00,19,0,NORMAL
TXN-10077,BEN080,FPS-CHE-002,Chennai,Wheat,Priority (PHH),2,4.0,3.0,0.75,16.1,4,2024-05-07 10:21:00,10,0,NORMAL
TXN-10078,BEN066,FPS-CHE-001,Chennai,Rice,Priority (PHH),5,25.0,24.9,0.996,2.0,3,2024-04-12 14:28:00,14,0,NORMAL
TXN-10079,BEN176,FPS-TIR-002,Tiruchirappalli,Rice,Priority (PHH),2,10.0,9.6,0.96,4.5,2,2024-04-08 17:38:00,17,0,NORMAL
TXN-10080,BEN140,FPS-COI-001,Coimbatore,Rice,Priority (PHH),4,20.0,18.4,0.92,36.9,3,2024-01-12 10:04:00,10,0,NORMAL
TXN-10081,BEN146,FPS-CHE-001,Chennai,Wheat,Priority (PHH),2,4.0,2.9,0.725,10.5,3,2024-04-23 16:14:00,16,0,NORMAL
TXN-10082,BEN114,FPS-MAD-002,Madurai,Wheat,Antyodaya Anna Yojana (AAY),3,10.0,9.0,0.9,43.8,2,2024-07-28 17:19:00,17,0,NORMAL
TXN-10083,BEN008,FPS-SAL-002,Salem,Rice,Priority (PHH),2,10.0,7.8,0.78,5.5,1,2024-03-09 16:41:00,16,0,NORMAL
TXN-10084,BEN253,FPS-MAD-002,Madurai,Rice,Antyodaya Anna Yojana (AAY),3,25.0,17.6,0.704,19.1,3,2024-03-02 10:45:00,10,0,NORMAL
TXN-10085,BEN031,FPS-CHE-002,Chennai,Wheat,Priority (PHH),5,10.0,8.5,0.85,2.6,3,2024-04-19 12:57:00,12,0,NORMAL
TXN-10086,BEN026,FPS-MAD-001,Madurai,Dal,Priority (PHH),2,1.0,0.8,0.8,23.6,3,2024-07-16 18:59:00,18,0,NORMAL
TXN-10087,BEN046,FPS-TIR-002,Tiruchirappalli,Wheat,Non-Priority (NPHH),4,8.0,7.2,0.9,25.3,3,2024-04-23 18:59:00,18,0,NORMAL
TXN-10088,BEN328,FPS-MAD-001,Madurai,Sugar,Antyodaya Anna Yojana (AAY),5,2.0,1.8,0.9,19.2,1,2024-01-26 18:18:00,18,0,NORMAL
TXN-10089,BEN097,FPS-MAD-001,Madurai,Dal,Non-Priority (NPHH),4,1.0,1.0,1.0,7.8,3,2024-01-26 19:07:00,19,0,NORMAL
TXN-10090,BEN353,FPS-CHE-001,Chennai,Wheat,Priority (PHH),2,4.0,3.1,0.775,31.3,2,2024-10-12 17:15:00,17,0,NORMAL
TXN-10091,BEN216,FPS-COI-002,Coimbatore,Wheat,Priority (PHH),5,10.0,8.9,0.89,8.2,3,2024-09-29 14:28:00,14,0,NORMAL
TXN-10092,BEN104,FPS-MAD-002,Madurai,Rice,Non-Priority (NPHH),2,10.0,9.6,0.96,10.0,1,2024-08-20 17:52:00,17,0,NORMAL
TXN-10093,BEN034,FPS-COI-001,Coimbatore,Sugar,Priority (PHH),4,1.0,1.0,1.0,12.1,3,2024-04-29 18:05:00,18,0,NORMAL
TXN-10094,BEN094,FPS-MAD-002,Madurai,Rice,Priority (PHH),4,20.0,16.3,0.815,3.0,2,2024-04-01 09:11:00,9,0,NORMAL
TXN-10095,BEN314,FPS-SAL-002,Salem,Dal,Priority (PHH),5,1.0,1.0,1.0,7.7,1,2024-05-22 19:30:00,19,0,NORMAL
TXN-10096,BEN215,FPS-MAD-002,Madurai,Rice,Priority (PHH),4,20.0,15.9,0.795,5.3,3,2024-08-19 17:28:00,17,0,NORMAL
TXN-10097,BEN149,FPS-CHE-001,Chennai,Wheat,Antyodaya Anna Yojana (AAY),4,10.0,9.5,0.95,17.5,3,2024-07-16 14:43:00,14,0,NORMAL
TXN-10098,BEN302,FPS-SAL-002,Salem,Rice,Non-Priority (NPHH),2,10.0,8.7,0.87,2.3,1,2024-03-25 18:04:00,18,0,NORMAL
TXN-10099,BEN031,FPS-TIR-001,Tiruchirappalli,Dal,Antyodaya Anna Yojana (AAY),3,2.0,1.9,0.95,2.3,2,2024-04-14 18:34:00,18,0,NORMAL
TXN-10100,BEN038,FPS-SAL-002,Salem,Wheat,Priority (PHH),3,6.0,4.4,0.733,10.8,4,2024-04-30 17:05:00,17,0,NORMAL
TXN-10101,BEN261,FPS-MAD-002,Madurai,Wheat,Priority (PHH),2,4.0,3.8,0.95,25.3,2,2024-07-03 13:02:00,13,0,NORMAL
TXN-10102,BEN016,FPS-COI-002,Coimbatore,Wheat,Priority (PHH),2,4.0,2.9,0.725,63.4,2,2024-02-08 16:45:00,16,0,NORMAL
TXN-10103,BEN015,FPS-COI-002,Coimbatore,Wheat,Antyodaya Anna Yojana (AAY),2,10.0,8.8,0.88,52.7,1,2024-08-01 16:09:00,16,0,NORMAL
TXN-10104,BEN227,FPS-SAL-002,Salem,Rice,Antyodaya Anna Yojana (AAY),2,25.0,21.1,0.844,22.8,1,2024-05-30 12:13:00,12,0,NORMAL
TXN-10105,BEN398,FPS-MAD-001,Madurai,Dal,Priority (PHH),4,1.0,0.8,0.8,17.0,4,2024-06-29 14:55:00,14,0,NORMAL
TXN-10106,BEN326,FPS-CHE-001,Chennai,Dal,Priority (PHH),3,1.0,0.8,0.8,96.8,2,2024-03-24 16:03:00,16,0,NORMAL
TXN-10107,BEN272,FPS-CHE-001,Chennai,Rice,Priority (PHH),5,25.0,21.2,0.848,28.9,2,2024-01-12 10:48:00,10,0,NORMAL
TXN-10108,BEN066,FPS-MAD-001,Madurai,Sugar,Priority (PHH),2,1.0,0.9,0.9,9.4,5,2024-09-15 11:05:00,11,0,NORMAL
TXN-10109,BEN315,FPS-COI-001,Coimbatore,Rice,Priority (PHH),5,25.0,24.8,0.992,3.1,1,2024-09-29 15:35:00,15,0,NORMAL
TXN-10110,BEN116,FPS-CHE-002,Chennai,Rice,Antyodaya Anna Yojana (AAY),2,25.0,21.5,0.86,16.1,1,2024-10-08 16:59:00,16,0,NORMAL
TXN-10111,BEN235,FPS-TIR-001,Tiruchirappalli,Rice,Priority (PHH),2,10.0,9.3,0.93,5.1,1,2024-04-09 14:18:00,14,0,NORMAL
TXN-10112,BEN364,FPS-COI-002,Coimbatore,Rice,Priority (PHH),5,25.0,24.1,0.964,26.4,3,2024-08-01 09:37:00,9,0,NORMAL
TXN-10113,BEN050,FPS-TIR-002,Tiruchirappalli,Sugar,Priority (PHH),4,1.0,0.9,0.9,5.8,3,2024-07-09 19:11:00,19,0,NORMAL
TXN-10114,BEN149,FPS-MAD-002,Madurai,Wheat,Non-Priority (NPHH),5,10.0,8.9,0.89,2.6,2,2024-05-30 12:03:00,12,0,NORMAL
TXN-10115,BEN243,FPS-COI-001,Coimbatore,Rice,Antyodaya Anna Yojana (AAY),4,25.0,19.9,0.796,19.7,2,2024-04-04 09:05:00,9,0,NORMAL
TXN-10116,BEN135,FPS-TIR-002,Tiruchirappalli,Rice,Non-Priority (NPHH),5,25.0,18.6,0.744,39.8,1,2024-06-06 08:31:00,8,0,NORMAL
TXN-10117,BEN358,FPS-TIR-002,Tiruchirappalli,Rice,Non-Priority (NPHH),4,20.0,17.7,0.885,4.8,2,2024-07-21 13:53:00,13,0,NORMAL
TXN-10118,BEN234,FPS-TIR-001,Tiruchirappalli,Dal,Priority (PHH),3,1.0,0.7,0.7,10.5,5,2024-10-10 18:17:00,18,0,NORMAL
TXN-10119,BEN103,FPS-COI-001,Coimbatore,Rice,Priority (PHH),2,10.0,7.3,0.73,31.7,1,2024-10-19 09:06:00,9,0,NORMAL
TXN-10120,BEN132,FPS-TIR-002,Tiruchirappalli,Rice,Priority (PHH),5,25.0,18.7,0.748,1.1,2,2024-01-07 13:27:00,13,0,NORMAL
TXN-10121,BEN323,FPS-SAL-001,Salem,Wheat,Non-Priority (NPHH),2,4.0,3.7,0.925,34.7,3,2024-10-16 17:18:00,17,0,NORMAL
TXN-10122,BEN039,FPS-SAL-001,Salem,Wheat,Priority (PHH),4,8.0,7.6,0.95,21.0,4,2024-04-13 17:03:00,17,0,NORMAL
TXN-10123,BEN258,FPS-MAD-002,Madurai,Rice,Non-Priority (NPHH),4,20.0,17.5,0.875,26.4,3,2024-09-07 15:43:00,15,0,NORMAL
TXN-10124,BEN353,FPS-TIR-001,Tiruchirappalli,Wheat,Priority (PHH),4,8.0,7.7,0.962,36.9,2,2024-04-13 10:31:00,10,0,NORMAL
TXN-10125,BEN137,FPS-CHE-002,Chennai,Rice,Priority (PHH),3,15.0,11.9,0.793,51.6,3,2024-07-17 12:53:00,12,0,NORMAL
TXN-10126,BEN295,FPS-MAD-001,Madurai,Sugar,Priority (PHH),3,1.0,0.9,0.9,18.5,1,2024-02-07 15:53:00,15,0,NORMAL
TXN-10127,BEN366,FPS-CHE-002,Chennai,Dal,Priority (PHH),2,1.0,0.9,0.9,6.4,2,2024-01-09 08:59:00,8,0,NORMAL
TXN-10128,BEN065,FPS-MAD-002,Madurai,Wheat,Priority (PHH),3,6.0,4.9,0.817,10.5,3,2024-01-10 16:48:00,16,0,NORMAL
TXN-10129,BEN218,FPS-SAL-002,Salem,Wheat,Priority (PHH),5,10.0,8.9,0.89,58.6,2,2024-02-25 13:03:00,13,0,NORMAL
TXN-10130,BEN135,FPS-SAL-002,Salem,Sugar,Priority (PHH),5,1.0,1.5,1.5,183.9,1,2024-08-12 23:28:00,23,1,SUSPICIOUS
TXN-10131,BEN090,FPS-COI-002,Coimbatore,Rice,Non-Priority (NPHH),3,15.0,13.3,0.887,60.1,3,2024-10-18 16:23:00,16,0,NORMAL
TXN-10132,BEN140,FPS-CHE-001,Chennai,Sugar,Priority (PHH),5,1.0,1.5,1.5,2.0,6,2024-08-11 23:24:00,23,1,SUSPICIOUS
TXN-10133,BEN167,FPS-MAD-001,Madurai,Dal,Priority (PHH),3,1.0,0.8,0.8,30.6,2,2024-02-21 18:32:00,18,0,NORMAL
TXN-10134,BEN369,FPS-SAL-002,Salem,Dal,Non-Priority (NPHH),2,1.0,0.9,0.9,2.5,2,2024-04-23 11:15:00,11,0,NORMAL
TXN-10135,BEN300,FPS-CHE-002,Chennai,Sugar,Non-Priority (NPHH),2,1.0,1.0,1.0,14.8,3,2024-03-19 16:38:00,16,0,NORMAL
TXN-10136,BEN226,FPS-MAD-002,Madurai,Rice,Priority (PHH),2,10.0,8.7,0.87,8.8,5,2024-07-28 15:24:00,15,0,NORMAL
TXN-10137,BEN314,FPS-TIR-001,Tiruchirappalli,Rice,Non-Priority (NPHH),3,15.0,12.9,0.86,33.1,1,2024-02-15 13:07:00,13,0,NORMAL
TXN-10138,BEN161,FPS-MAD-001,Madurai,Wheat,Priority (PHH),5,10.0,8.8,0.88,3.5,1,2024-02-03 09:06:00,9,0,NORMAL
TXN-10139,BEN212,FPS-CHE-002,Chennai,Sugar,Non-Priority (NPHH),5,1.0,0.7,0.7,8.8,2,2024-06-06 08:58:00,8,0,NORMAL
TXN-10140,BEN191,FPS-MAD-001,Madurai,Dal,Priority (PHH),4,1.0,0.7,0.7,19.2,1,2024-07-08 09:35:00,9,0,NORMAL
TXN-10141,BEN181,FPS-MAD-001,Madurai,Wheat,Priority (PHH),4,8.0,7.0,0.875,76.1,2,2024-09-18 15:47:00,15,0,NORMAL
TXN-10142,BEN311,FPS-COI-001,Coimbatore,Sugar,Priority (PHH),2,1.0,1.0,1.0,14.2,1,2024-10-19 11:23:00,11,0,NORMAL
TXN-10143,BEN280,FPS-CHE-001,Chennai,Dal,Antyodaya Anna Yojana (AAY),4,2.0,1.4,0.7,9.2,3,2024-08-15 19:56:00,19,0,NORMAL
TXN-10144,BEN128,FPS-MAD-002,Madurai,Wheat,Priority (PHH),3,6.0,5.4,0.9,34.4,2,2024-01-15 16:10:00,16,0,NORMAL
TXN-10145,BEN124,FPS-TIR-001,Tiruchirappalli,Dal,Antyodaya Anna Yojana (AAY),5,2.0,1.5,0.75,7.6,1,2024-03-17 12:01:00,12,0,NORMAL
TXN-10146,BEN326,FPS-CHE-001,Chennai,Rice,Non-Priority (NPHH),4,20.0,14.5,0.725,6.2,3,2024-07-12 10:03:00,10,0,NORMAL
TXN-10147,BEN018,FPS-CHE-002,Chennai,Wheat,Priority (PHH),2,4.0,2.8,0.7,1.7,1,2024-02-21 10:17:00,10,0,NORMAL
TXN-10148,BEN309,FPS-SAL-001,Salem,Dal,Priority (PHH),2,1.0,0.8,0.8,5.2,2,2024-01-02 14:21:00,14,0,NORMAL
TXN-10149,BEN167,FPS-CHE-002,Chennai,Sugar,Priority (PHH),5,1.0,1.0,1.0,93.0,2,2024-08-15 08:20:00,8,0,NORMAL
TXN-10150,BEN353,FPS-MAD-002,Madurai,Dal,Priority (PHH),5,1.0,0.9,0.9,14.2,2,2024-07-20 09:21:00,9,0,NORMAL
TXN-10151,BEN319,FPS-MAD-001,Madurai,Rice,Priority (PHH),5,25.0,19.1,0.764,37.6,3,2024-07-09 19:27:00,19,0,NORMAL
TXN-10152,BEN202,FPS-CHE-002,Chennai,Wheat,Antyodaya Anna Yojana (AAY),3,10.0,7.2,0.72,6.4,1,2024-08-03 19:42:00,19,0,NORMAL
TXN-10153,BEN022,FPS-CHE-001,Chennai,Rice,Antyodaya Anna Yojana (AAY),2,25.0,21.1,0.844,33.3,1,2024-03-19 17:07:00,17,0,NORMAL
TXN-10154,BEN302,FPS-COI-002,Coimbatore,Sugar,Priority (PHH),3,1.0,1.0,1.0,35.0,3,2024-09-23 19:41:00,19,0,NORMAL
TXN-10155,BEN311,FPS-CHE-001,Chennai,Dal,Antyodaya Anna Yojana (AAY),5,2.0,1.9,0.95,18.1,2,2024-08-17 10:42:00,10,0,NORMAL
TXN-10156,BEN057,FPS-COI-002,Coimbatore,Rice,Priority (PHH),4,20.0,15.5,0.775,5.9,1,2024-03-22 11:40:00,11,0,NORMAL
TXN-10157,BEN065,FPS-COI-002,Coimbatore,Sugar,Priority (PHH),4,1.0,0.8,0.8,10.1,1,2024-07-31 11:22:00,11,0,NORMAL
TXN-10158,BEN353,FPS-CHE-002,Chennai,Rice,Priority (PHH),2,10.0,8.6,0.86,4.5,3,2024-07-21 15:59:00,15,0,NORMAL
TXN-10159,BEN163,FPS-CHE-001,Chennai,Rice,Priority (PHH),2,10.0,9.4,0.94,9.8,2,2024-07-04 13:38:00,13,0,NORMAL
TXN-10160,BEN350,FPS-SAL-002,Salem,Wheat,Priority (PHH),5,10.0,9.2,0.92,12.0,2,2024-01-26 10:00:00,10,0,NORMAL
TXN-10161,BEN022,FPS-SAL-002,Salem,Rice,Non-Priority (NPHH),2,10.0,8.5,0.85,8.0,1,2024-03-13 11:52:00,11,0,NORMAL
TXN-10162,BEN299,FPS-COI-001,Coimbatore,Sugar,Priority (PHH),4,1.0,0.8,0.8,9.6,2,2024-02-17 14:15:00,14,0,NORMAL
TXN-10163,BEN214,FPS-CHE-002,Chennai,Wheat,Antyodaya Anna Yojana (AAY),2,10.0,10.0,1.0,0.4,7,2024-06-09 09:29:00,9,1,SUSPICIOUS
TXN-10164,BEN253,FPS-TIR-001,Tiruchirappalli,Dal,Priority (PHH),5,1.0,1.0,1.0,40.0,5,2024-02-02 17:18:00,17,0,NORMAL
TXN-10165,BEN320,FPS-TIR-001,Tiruchirappalli,Rice,Priority (PHH),5,25.0,18.7,0.748,46.3,3,2024-08-23 16:26:00,16,0,NORMAL
TXN-10166,BEN169,FPS-TIR-002,Tiruchirappalli,Rice,Non-Priority (NPHH),3,15.0,13.4,0.893,54.3,2,2024-06-12 11:52:00,11,0,NORMAL
TXN-10167,BEN104,FPS-SAL-002,Salem,Rice,Priority (PHH),2,10.0,7.9,0.79,2.4,2,2024-05-06 09:09:00,9,0,NORMAL
TXN-10168,BEN343,FPS-TIR-001,Tiruchirappalli,Rice,Non-Priority (NPHH),3,15.0,12.6,0.84,44.7,2,2024-02-02 09:38:00,9,0,NORMAL
TXN-10169,BEN023,FPS-CHE-002,Chennai,Rice,Antyodaya Anna Yojana (AAY),2,25.0,18.8,0.752,12.4,5,2024-05-18 19:41:00,19,0,NORMAL
TXN-10170,BEN048,FPS-CHE-001,Chennai,Wheat,Priority (PHH),2,4.0,3.1,0.775,69.6,5,2024-05-11 11:53:00,11,0,NORMAL
TXN-10171,BEN204,FPS-COI-001,Coimbatore,Wheat,Priority (PHH),5,10.0,8.9,0.89,63.7,2,2024-01-15 12:43:00,12,0,NORMAL
TXN-10172,BEN277,FPS-TIR-002,Tiruchirappalli,Rice,Antyodaya Anna Yojana (AAY),3,25.0,18.0,0.72,6.4,2,2024-06-02 16:45:00,16,0,NORMAL
TXN-10173,BEN359,FPS-COI-001,Coimbatore,Rice,Priority (PHH),4,20.0,17.8,0.89,25.7,1,2024-08-28 13:28:00,13,0,NORMAL
TXN-10174,BEN345,FPS-COI-001,Coimbatore,Rice,Priority (PHH),3,15.0,11.7,0.78,32.4,2,2024-06-17 11:22:00,11,0,NORMAL
TXN-10175,BEN085,FPS-CHE-002,Chennai,Rice,Priority (PHH),5,25.0,19.0,0.76,6.3,2,2024-10-23 09:37:00,9,0,NORMAL
TXN-10176,BEN138,FPS-SAL-001,Salem,Wheat,Non-Priority (NPHH),3,6.0,5.6,0.933,17.5,3,2024-02-14 08:15:00,8,0,NORMAL
TXN-10177,BEN314,FPS-CHE-002,Chennai,Dal,Antyodaya Anna Yojana (AAY),5,2.0,1.9,0.95,49.9,4,2024-07-28 16:18:00,16,0,NORMAL
TXN-10178,BEN165,FPS-CHE-002,Chennai,Wheat,Priority (PHH),4,8.0,5.7,0.712,12.9,3,2024-02-22 18:51:00,18,0,NORMAL
TXN-10179,BEN324,FPS-TIR-001,Tiruchirappalli,Dal,Antyodaya Anna Yojana (AAY),2,2.0,1.7,0.85,30.9,2,2024-01-04 19:08:00,19,0,NORMAL
TXN-10180,BEN369,FPS-MAD-001,Madurai,Rice,Antyodaya Anna Yojana (AAY),5,25.0,17.5,0.7,36.4,2,2024-09-01 09:09:00,9,0,NORMAL
TXN-10181,BEN158,FPS-CHE-002,Chennai,Sugar,Priority (PHH),4,1.0,0.8,0.8,17.1,2,2024-04-21 09:16:00,9,0,NORMAL
TXN-10182,BEN063,FPS-MAD-002,Madurai,Wheat,Non-Priority (NPHH),4,8.0,7.6,0.95,77.8,2,2024-09-02 08:29:00,8,0,NORMAL
TXN-10183,BEN199,FPS-CHE-001,Chennai,Dal,Antyodaya Anna Yojana (AAY),3,2.0,1.9,0.95,14.3,2,2024-03-04 13:45:00,13,0,NORMAL
TXN-10184,BEN150,FPS-CHE-002,Chennai,Wheat,Priority (PHH),2,4.0,3.2,0.8,17.0,2,2024-02-15 16:33:00,16,0,NORMAL
TXN-10185,BEN271,FPS-TIR-001,Tiruchirappalli,Dal,Priority (PHH),3,1.0,0.9,0.9,14.0,3,2024-09-26 11:17:00,11,0,NORMAL
TXN-10186,BEN071,FPS-MAD-001,Madurai,Sugar,Priority (PHH),2,1.0,0.8,0.8,1.0,1,2024-09-27 10:46:00,10,0,NORMAL
TXN-10187,BEN130,FPS-COI-001,Coimbatore,Rice,Priority (PHH),2,10.0,8.5,0.85,12.0,5,2024-01-09 19:26:00,19,0,NORMAL
TXN-10188,BEN196,FPS-MAD-001,Madurai,Sugar,Antyodaya Anna Yojana (AAY),4,2.0,2.0,1.0,8.5,2,2024-05-07 16:09:00,16,0,NORMAL
TXN-10189,BEN063,FPS-SAL-002,Salem,Rice,Priority (PHH),2,10.0,28.4,2.84,5.1,3,2024-10-07 18:08:00,18,1,SUSPICIOUS
TXN-10190,BEN389,FPS-MAD-001,Madurai,Dal,Non-Priority (NPHH),4,1.0,1.0,1.0,4.2,2,2024-01-09 13:29:00,13,0,NORMAL
TXN-10191,BEN270,FPS-COI-001,Coimbatore,Rice,Antyodaya Anna Yojana (AAY),4,25.0,20.7,0.828,5.2,1,2024-03-12 09:01:00,9,0,NORMAL
TXN-10192,BEN373,FPS-SAL-002,Salem,Dal,Priority (PHH),5,1.0,0.8,0.8,22.2,1,2024-03-03 08:48:00,8,0,NORMAL
TXN-10193,BEN380,FPS-TIR-001,Tiruchirappalli,Wheat,Antyodaya Anna Yojana (AAY),5,10.0,9.8,0.98,10.3,1,2024-01-11 18:21:00,18,0,NORMAL
TXN-10194,BEN351,FPS-SAL-002,Salem,Wheat,Priority (PHH),2,4.0,4.0,1.0,7.8,2,2024-09-10 09:46:00,9,0,NORMAL
TXN-10195,BEN335,FPS-COI-001,Coimbatore,Rice,Priority (PHH),2,10.0,9.1,0.91,88.2,2,2024-09-22 17:47:00,17,0,NORMAL
TXN-10196,BEN056,FPS-TIR-002,Tiruchirappalli,Wheat,Priority (PHH),2,4.0,2.9,0.725,4.0,3,2024-08-18 17:27:00,17,0,NORMAL
TXN-10197,BEN057,FPS-CHE-002,Chennai,Rice,Antyodaya Anna Yojana (AAY),3,25.0,23.0,0.92,28.8,1,2024-08-29 17:07:00,17,0,NORMAL
TXN-10198,BEN287,FPS-CHE-001,Chennai,Rice,Priority (PHH),3,15.0,13.3,0.887,17.0,2,2024-05-10 10:32:00,10,0,NORMAL
TXN-10199,BEN288,FPS-TIR-002,Tiruchirappalli,Rice,Priority (PHH),5,25.0,23.0,0.92,43.9,2,2024-08-10 12:53:00,12,0,NORMAL
TXN-10200,BEN354,FPS-CHE-002,Chennai,Wheat,Priority (PHH),5,10.0,8.4,0.84,32.0,1,2024-05-04 14:50:00,14,0,NORMAL
TXN-10201,BEN253,FPS-SAL-001,Salem,Rice,Priority (PHH),4,20.0,17.9,0.895,12.0,1,2024-10-01 12:26:00,12,0,NORMAL
TXN-10202,BEN273,FPS-COI-002,Coimbatore,Rice,Priority (PHH),2,10.0,7.8,0.78,17.3,2,2024-05-02 11:09:00,11,0,NORMAL
TXN-10203,BEN146,FPS-MAD-002,Madurai,Rice,Priority (PHH),5,25.0,18.3,0.732,37.3,4,2024-07-14 16:36:00,16,0,NORMAL
TXN-10204,BEN261,FPS-CHE-001,Chennai,Rice,Priority (PHH),4,20.0,18.7,0.935,72.9,3,2024-10-13 11:57:00,11,0,NORMAL
TXN-10205,BEN313,FPS-MAD-001,Madurai,Wheat,Non-Priority (NPHH),4,8.0,7.7,0.962,8.0,1,2024-02-16 16:14:00,16,0,NORMAL
TXN-10206,BEN260,FPS-TIR-001,Tiruchirappalli,Dal,Non-Priority (NPHH),3,1.0,0.8,0.8,37.2,1,2024-02-12 08:28:00,8,0,NORMAL
TXN-10207,BEN270,FPS-CHE-002,Chennai,Wheat,Priority (PHH),3,6.0,5.4,0.9,20.0,1,2024-01-24 14:35:00,14,0,NORMAL
TXN-10208,BEN004,FPS-COI-001,Coimbatore,Rice,Priority (PHH),4,20.0,16.7,0.835,2.3,1,2024-03-14 18:16:00,18,0,NORMAL
TXN-10209,BEN385,FPS-MAD-002,Madurai,Rice,Priority (PHH),3,15.0,11.9,0.793,6.3,2,2024-02-25 13:36:00,13,0,NORMAL
TXN-10210,BEN064,FPS-SAL-001,Salem,Rice,Antyodaya Anna Yojana (AAY),3,25.0,22.2,0.888,24.3,2,2024-02-29 08:00:00,8,0,NORMAL
TXN-10211,BEN048,FPS-CHE-002,Chennai,Wheat,Non-Priority (NPHH),5,10.0,8.8,0.88,82.7,2,2024-03-05 19:04:00,19,0,NORMAL
TXN-10212,BEN316,FPS-MAD-001,Madurai,Rice,Priority (PHH),3,15.0,14.2,0.947,9.0,2,2024-05-24 19:45:00,19,0,NORMAL
TXN-10213,BEN178,FPS-CHE-001,Chennai,Wheat,Non-Priority (NPHH),4,8.0,6.7,0.837,2.7,2,2024-05-18 14:19:00,14,0,NORMAL
TXN-10214,BEN382,FPS-CHE-001,Chennai,Rice,Priority (PHH),4,20.0,17.5,0.875,35.0,2,2024-04-03 10:26:00,10,0,NORMAL
TXN-10215,BEN227,FPS-CHE-001,Chennai,Rice,Antyodaya Anna Yojana (AAY),2,25.0,21.2,0.848,8.8,4,2024-03-20 14:03:00,14,0,NORMAL
TXN-10216,BEN227,FPS-TIR-001,Tiruchirappalli,Rice,Priority (PHH),2,10.0,8.6,0.86,11.0,1,2024-02-12 10:26:00,10,0,NORMAL
TXN-10217,BEN147,FPS-COI-002,Coimbatore,Rice,Antyodaya Anna Yojana (AAY),3,25.0,20.4,0.816,7.7,1,2024-05-29 14:57:00,14,0,NORMAL
TXN-10218,BEN166,FPS-COI-001,Coimbatore,Wheat,Priority (PHH),2,4.0,3.2,0.8,19.3,1,2024-07-07 18:01:00,18,0,NORMAL
TXN-10219,BEN195,FPS-CHE-002,Chennai,Rice,Priority (PHH),4,20.0,17.4,0.87,15.1,1,2024-01-07 16:18:00,16,0,NORMAL
TXN-10220,BEN031,FPS-COI-001,Coimbatore,Wheat,Non-Priority (NPHH),4,8.0,6.0,0.75,1.6,3,2024-09-10 14:30:00,14,0,NORMAL
TXN-10221,BEN107,FPS-MAD-001,Madurai,Rice,Priority (PHH),2,10.0,8.5,0.85,16.8,2,2024-04-04 19:22:00,19,0,NORMAL
TXN-10222,BEN090,FPS-CHE-002,Chennai,Wheat,Priority (PHH),5,10.0,7.3,0.73,17.6,2,2024-09-13 12:18:00,12,0,NORMAL
TXN-10223,BEN325,FPS-COI-002,Coimbatore,Wheat,Priority (PHH),2,4.0,3.6,0.9,12.5,1,2024-04-25 10:52:00,10,0,NORMAL
TXN-10224,BEN320,FPS-COI-001,Coimbatore,Rice,Priority (PHH),4,20.0,14.8,0.74,6.9,1,2024-01-01 10:02:00,10,0,NORMAL
TXN-10225,BEN241,FPS-COI-002,Coimbatore,Sugar,Priority (PHH),2,1.0,0.7,0.7,21.4,1,2024-06-24 10:22:00,10,0,NORMAL
TXN-10226,BEN122,FPS-TIR-001,Tiruchirappalli,Dal,Priority (PHH),4,1.0,0.7,0.7,104.0,4,2024-01-29 14:59:00,14,0,NORMAL
TXN-10227,BEN333,FPS-SAL-002,Salem,Rice,Priority (PHH),4,20.0,18.2,0.91,10.2,1,2024-06-09 12:05:00,12,0,NORMAL
TXN-10228,BEN074,FPS-SAL-001,Salem,Wheat,Non-Priority (NPHH),4,8.0,7.2,0.9,4.7,2,2024-07-05 09:51:00,9,0,NORMAL
TXN-10229,BEN120,FPS-CHE-001,Chennai,Sugar,Non-Priority (NPHH),4,1.0,1.0,1.0,11.3,3,2024-07-09 13:44:00,13,0,NORMAL
TXN-10230,BEN132,FPS-SAL-002,Salem,Dal,Non-Priority (NPHH),2,1.0,0.9,0.9,7.4,2,2024-07-15 13:33:00,13,0,NORMAL
TXN-10231,BEN173,FPS-SAL-001,Salem,Rice,Non-Priority (NPHH),3,15.0,10.8,0.72,9.4,1,2024-03-27 09:30:00,9,0,NORMAL
TXN-10232,BEN106,FPS-MAD-001,Madurai,Sugar,Non-Priority (NPHH),3,1.0,0.7,0.7,20.8,2,2024-08-13 08:49:00,8,0,NORMAL
TXN-10233,BEN085,FPS-MAD-001,Madurai,Wheat,Antyodaya Anna Yojana (AAY),5,10.0,9.9,0.99,9.6,3,2024-10-24 12:08:00,12,0,NORMAL
TXN-10234,BEN196,FPS-CHE-002,Chennai,Sugar,Priority (PHH),4,1.0,0.9,0.9,49.4,2,2024-06-02 15:35:00,15,0,NORMAL
TXN-10235,BEN110,FPS-SAL-001,Salem,Wheat,Priority (PHH),4,8.0,5.8,0.725,11.5,2,2024-10-15 14:11:00,14,0,NORMAL
TXN-10236,BEN270,FPS-SAL-001,Salem,Wheat,Priority (PHH),5,10.0,9.2,0.92,68.4,3,2024-07-08 11:26:00,11,0,NORMAL
TXN-10237,BEN273,FPS-CHE-002,Chennai,Rice,Priority (PHH),5,25.0,25.0,1.0,24.4,3,2024-07-26 09:58:00,9,0,NORMAL
TXN-10238,BEN136,FPS-CHE-001,Chennai,Dal,Priority (PHH),3,1.0,0.8,0.8,5.9,3,2024-07-01 15:18:00,15,0,NORMAL
TXN-10239,BEN235,FPS-CHE-001,Chennai,Rice,Antyodaya Anna Yojana (AAY),2,25.0,24.8,0.992,8.0,2,2024-06-08 13:21:00,13,0,NORMAL
TXN-10240,BEN184,FPS-CHE-001,Chennai,Rice,Antyodaya Anna Yojana (AAY),4,25.0,18.3,0.732,29.6,2,2024-08-14 08:56:00,8,0,NORMAL
TXN-10241,BEN017,FPS-MAD-002,Madurai,Wheat,Priority (PHH),4,8.0,6.9,0.862,64.8,1,2024-07-15 10:22:00,10,0,NORMAL
TXN-10242,BEN272,FPS-COI-001,Coimbatore,Wheat,Priority (PHH),5,10.0,8.8,0.88,19.1,1,2024-08-16 13:16:00,13,0,NORMAL
TXN-10243,BEN342,FPS-COI-001,Coimbatore,Rice,Priority (PHH),4,20.0,30.0,1.5,32.5,3,2024-07-11 01:11:00,1,1,SUSPICIOUS
TXN-10244,BEN073,FPS-TIR-002,Tiruchirappalli,Wheat,Priority (PHH),5,10.0,9.6,0.96,52.2,2,2024-07-31 09:09:00,9,0,NORMAL
TXN-10245,BEN154,FPS-MAD-002,Madurai,Dal,Priority (PHH),2,1.0,0.9,0.9,67.3,1,2024-09-17 08:22:00,8,0,NORMAL
TXN-10246,BEN359,FPS-MAD-002,Madurai,Rice,Priority (PHH),2,10.0,9.8,0.98,2.9,2,2024-10-22 08:28:00,8,0,NORMAL
TXN-10247,BEN365,FPS-CHE-002,Chennai,Wheat,Non-Priority (NPHH),2,4.0,2.8,0.7,35.7,2,2024-03-24 08:04:00,8,0,NORMAL
TXN-10248,BEN095,FPS-SAL-001,Salem,Wheat,Antyodaya Anna Yojana (AAY),2,10.0,9.1,0.91,9.2,2,2024-07-24 14:59:00,14,0,NORMAL
TXN-10249,BEN333,FPS-COI-001,Coimbatore,Rice,Priority (PHH),4,20.0,16.5,0.825,35.5,2,2024-09-13 15:31:00,15,0,NORMAL
TXN-10250,BEN264,FPS-MAD-002,Madurai,Wheat,Antyodaya Anna Yojana (AAY),5,10.0,7.2,0.72,3.3,3,2024-05-16 17:01:00,17,0,NORMAL
TXN-10251,BEN223,FPS-SAL-002,Salem,Rice,Non-Priority (NPHH),3,15.0,14.2,0.947,1.3,2,2024-10-07 11:43:00,11,0,NORMAL
TXN-10252,BEN170,FPS-SAL-001,Salem,Wheat,Priority (PHH),2,4.0,3.7,0.925,6.5,2,2024-01-18 13:17:00,13,0,NORMAL
TXN-10253,BEN288,FPS-CHE-002,Chennai,Dal,Priority (PHH),2,1.0,0.8,0.8,31.8,1,2024-09-25 14:53:00,14,0,NORMAL
TXN-10254,BEN071,FPS-COI-002,Coimbatore,Rice,Non-Priority (NPHH),2,10.0,8.5,0.85,1.8,2,2024-05-17 09:05:00,9,0,NORMAL
TXN-10255,BEN397,FPS-MAD-001,Madurai,Dal,Priority (PHH),4,1.0,0.7,0.7,27.4,2,2024-02-02 11:41:00,11,0,NORMAL
TXN-10256,BEN144,FPS-SAL-001,Salem,Rice,Antyodaya Anna Yojana (AAY),2,25.0,88.5,3.54,3.8,3,2024-08-21 19:04:00,19,1,SUSPICIOUS
TXN-10257,BEN225,FPS-MAD-001,Madurai,Rice,Priority (PHH),2,10.0,8.2,0.82,71.6,3,2024-02-28 19:01:00,19,0,NORMAL
TXN-10258,BEN350,FPS-COI-002,Coimbatore,Wheat,Non-Priority (NPHH),2,4.0,3.0,0.75,3.5,1,2024-10-26 16:03:00,16,0,NORMAL
TXN-10259,BEN001,FPS-TIR-001,Tiruchirappalli,Rice,Priority (PHH),3,15.0,14.2,0.947,15.5,1,2024-07-24 16:34:00,16,0,NORMAL
TXN-10260,BEN146,FPS-MAD-001,Madurai,Dal,Non-Priority (NPHH),2,1.0,0.8,0.8,40.0,1,2024-10-24 16:06:00,16,0,NORMAL
TXN-10261,BEN107,FPS-TIR-001,Tiruchirappalli,Wheat,Antyodaya Anna Yojana (AAY),5,10.0,10.0,1.0,13.9,2,2024-08-21 15:43:00,15,0,NORMAL
TXN-10262,BEN264,FPS-CHE-002,Chennai,Rice,Antyodaya Anna Yojana (AAY),2,25.0,17.8,0.712,20.2,3,2024-10-22 10:16:00,10,0,NORMAL
TXN-10263,BEN017,FPS-COI-002,Coimbatore,Wheat,Non-Priority (NPHH),4,8.0,6.0,0.75,6.9,2,2024-07-23 13:34:00,13,0,NORMAL
TXN-10264,BEN163,FPS-CHE-002,Chennai,Rice,Priority (PHH),4,20.0,17.5,0.875,17.9,1,2024-10-10 14:37:00,14,0,NORMAL
TXN-10265,BEN333,FPS-MAD-001,Madurai,Sugar,Antyodaya Anna Yojana (AAY),4,2.0,1.4,0.7,13.6,3,2024-03-28 16:54:00,16,0,NORMAL
TXN-10266,BEN201,FPS-CHE-001,Chennai,Wheat,Priority (PHH),2,4.0,3.9,0.975,27.1,2,2024-08-22 11:37:00,11,0,NORMAL
TXN-10267,BEN370,FPS-SAL-001,Salem,Wheat,Priority (PHH),5,10.0,7.3,0.73,10.8,2,2024-05-21 11:04:00,11,0,NORMAL
TXN-10268,BEN207,FPS-TIR-002,Tiruchirappalli,Wheat,Antyodaya Anna Yojana (AAY),5,10.0,9.9,0.99,6.9,1,2024-09-22 13:40:00,13,0,NORMAL
TXN-10269,BEN311,FPS-SAL-001,Salem,Sugar,Priority (PHH),5,1.0,0.9,0.9,24.1,1,2024-05-26 14:25:00,14,0,NORMAL
TXN-10270,BEN327,FPS-COI-002,Coimbatore,Dal,Priority (PHH),3,1.0,0.9,0.9,0.7,5,2024-07-17 11:28:00,11,1,SUSPICIOUS
TXN-10271,BEN115,FPS-TIR-001,Tiruchirappalli,Dal,Antyodaya Anna Yojana (AAY),4,2.0,1.8,0.9,5.2,5,2024-05-01 18:06:00,18,0,NORMAL
TXN-10272,BEN269,FPS-SAL-001,Salem,Wheat,Priority (PHH),2,4.0,2.9,0.725,7.5,1,2024-09-20 16:29:00,16,0,NORMAL
TXN-10273,BEN196,FPS-COI-001,Coimbatore,Wheat,Non-Priority (NPHH),5,10.0,7.2,0.72,11.6,2,2024-06-01 09:41:00,9,0,NORMAL
TXN-10274,BEN088,FPS-SAL-001,Salem,Rice,Antyodaya Anna Yojana (AAY),2,25.0,23.3,0.932,26.3,1,2024-03-18 11:48:00,11,0,NORMAL
TXN-10275,BEN138,FPS-COI-002,Coimbatore,Sugar,Non-Priority (NPHH),3,1.0,0.9,0.9,41.4,2,2024-10-05 10:31:00,10,0,NORMAL
TXN-10276,BEN071,FPS-TIR-002,Tiruchirappalli,Sugar,Antyodaya Anna Yojana (AAY),5,2.0,1.9,0.95,3.9,2,2024-08-30 17:56:00,17,0,NORMAL
TXN-10277,BEN263,FPS-COI-001,Coimbatore,Wheat,Priority (PHH),3,6.0,5.5,0.917,3.7,3,2024-04-23 17:14:00,17,0,NORMAL
TXN-10278,BEN057,FPS-CHE-002,Chennai,Rice,Non-Priority (NPHH),4,20.0,17.3,0.865,11.2,1,2024-04-01 08:50:00,8,0,NORMAL
TXN-10279,BEN126,FPS-SAL-001,Salem,Rice,Antyodaya Anna Yojana (AAY),2,25.0,18.5,0.74,7.8,2,2024-04-14 09:58:00,9,0,NORMAL
TXN-10280,BEN125,FPS-CHE-001,Chennai,Sugar,Priority (PHH),3,1.0,0.7,0.7,23.0,2,2024-07-04 09:59:00,9,0,NORMAL
TXN-10281,BEN292,FPS-CHE-002,Chennai,Sugar,Priority (PHH),4,1.0,0.8,0.8,7.5,1,2024-04-04 13:09:00,13,0,NORMAL
TXN-10282,BEN331,FPS-TIR-002,Tiruchirappalli,Dal,Non-Priority (NPHH),5,1.0,1.0,1.0,8.1,3,2024-03-14 19:00:00,19,0,NORMAL
TXN-10283,BEN228,FPS-COI-002,Coimbatore,Rice,Priority (PHH),3,15.0,12.0,0.8,39.6,1,2024-01-14 17:15:00,17,0,NORMAL
TXN-10284,BEN310,FPS-COI-001,Coimbatore,Sugar,Priority (PHH),4,1.0,3.2,3.2,27.6,1,2024-03-25 18:38:00,18,1,SUSPICIOUS
TXN-10285,BEN307,FPS-CHE-002,Chennai,Dal,Priority (PHH),3,1.0,1.0,1.0,29.6,1,2024-01-05 12:51:00,12,0,NORMAL
TXN-10286,BEN125,FPS-MAD-002,Madurai,Rice,Priority (PHH),3,15.0,11.6,0.773,1.6,2,2024-05-13 08:04:00,8,0,NORMAL
TXN-10287,BEN132,FPS-MAD-002,Madurai,Wheat,Non-Priority (NPHH),5,10.0,9.9,0.99,32.1,2,2024-06-27 11:34:00,11,0,NORMAL
TXN-10288,BEN369,FPS-COI-001,Coimbatore,Wheat,Non-Priority (NPHH),3,6.0,5.3,0.883,42.0,1,2024-04-12 13:54:00,13,0,NORMAL
TXN-10289,BEN360,FPS-SAL-001,Salem,Sugar,Priority (PHH),5,1.0,1.0,1.0,6.5,1,2024-05-13 08:07:00,8,0,NORMAL
TXN-10290,BEN093,FPS-CHE-001,Chennai,Rice,Priority (PHH),5,25.0,20.5,0.82,69.8,2,2024-04-29 14:16:00,14,0,NORMAL
TXN-10291,BEN218,FPS-TIR-001,Tiruchirappalli,Rice,Priority (PHH),5,25.0,24.5,0.98,2.7,1,2024-08-03 15:15:00,15,0,NORMAL
TXN-10292,BEN346,FPS-TIR-002,Tiruchirappalli,Rice,Priority (PHH),2,10.0,7.0,0.7,5.3,1,2024-08-04 09:38:00,9,0,NORMAL
TXN-10293,BEN304,FPS-SAL-002,Salem,Sugar,Antyodaya Anna Yojana (AAY),4,2.0,1.9,0.95,34.1,2,2024-08-26 19:20:00,19,0,NORMAL
TXN-10294,BEN025,FPS-CHE-002,Chennai,Rice,Non-Priority (NPHH),4,20.0,14.7,0.735,1.1,2,2024-03-26 18:05:00,18,0,NORMAL
TXN-10295,BEN069,FPS-TIR-002,Tiruchirappalli,Sugar,Priority (PHH),3,1.0,0.8,0.8,29.3,1,2024-08-14 08:49:00,8,0,NORMAL
TXN-10296,BEN293,FPS-TIR-001,Tiruchirappalli,Rice,Antyodaya Anna Yojana (AAY),4,25.0,25.0,1.0,41.6,2,2024-06-28 14:59:00,14,0,NORMAL
TXN-10297,BEN313,FPS-CHE-002,Chennai,Dal,Priority (PHH),5,1.0,0.9,0.9,58.9,1,2024-05-05 18:57:00,18,0,NORMAL
TXN-10298,BEN304,FPS-SAL-001,Salem,Rice,Priority (PHH),3,15.0,52.4,3.493,4.6,3,2024-05-01 18:06:00,18,1,SUSPICIOUS
TXN-10299,BEN265,FPS-CHE-001,Chennai,Rice,Non-Priority (NPHH),4,20.0,17.1,0.855,48.0,2,2024-05-13 09:50:00,9,0,NORMAL
TXN-10300,BEN164,FPS-COI-002,Coimbatore,Rice,Antyodaya Anna Yojana (AAY),2,25.0,24.4,0.976,1.1,6,2024-09-09 19:11:00,19,1,SUSPICIOUS
TXN-10301,BEN300,FPS-TIR-002,Tiruchirappalli,Rice,Antyodaya Anna Yojana (AAY),4,25.0,18.8,0.752,25.0,6,2024-07-26 10:02:00,10,0,NORMAL
TXN-10302,BEN382,FPS-MAD-002,Madurai,Rice,Priority (PHH),3,15.0,12.4,0.827,28.9,4,2024-04-03 12:18:00,12,0,NORMAL
TXN-10303,BEN178,FPS-TIR-001,Tiruchirappalli,Rice,Priority (PHH),5,25.0,24.8,0.992,39.4,3,2024-01-17 09:20:00,9,0,NORMAL
TXN-10304,BEN108,FPS-SAL-001,Salem,Dal,Priority (PHH),4,1.0,0.8,0.8,20.9,1,2024-04-25 16:09:00,16,0,NORMAL
TXN-10305,BEN059,FPS-TIR-001,Tiruchirappalli,Wheat,Non-Priority (NPHH),5,10.0,7.3,0.73,19.2,3,2024-03-20 13:36:00,13,0,NORMAL
TXN-10306,BEN286,FPS-CHE-001,Chennai,Wheat,Priority (PHH),4,8.0,6.4,0.8,9.1,2,2024-08-29 09:41:00,9,0,NORMAL
TXN-10307,BEN177,FPS-MAD-002,Madurai,Rice,Priority (PHH),3,15.0,10.9,0.727,23.6,1,2024-06-20 19:12:00,19,0,NORMAL
TXN-10308,BEN371,FPS-MAD-001,Madurai,Sugar,Antyodaya Anna Yojana (AAY),5,2.0,1.7,0.85,49.9,4,2024-06-16 18:28:00,18,0,NORMAL
TXN-10309,BEN037,FPS-SAL-001,Salem,Dal,Antyodaya Anna Yojana (AAY),5,2.0,1.8,0.9,11.5,6,2024-02-07 18:00:00,18,0,NORMAL
TXN-10310,BEN252,FPS-TIR-002,Tiruchirappalli,Wheat,Non-Priority (NPHH),3,6.0,4.3,0.717,8.8,2,2024-05-02 17:35:00,17,0,NORMAL
TXN-10311,BEN032,FPS-MAD-002,Madurai,Rice,Priority (PHH),2,10.0,9.0,0.9,14.4,1,2024-08-15 18:19:00,18,0,NORMAL
TXN-10312,BEN044,FPS-CHE-002,Chennai,Rice,Priority (PHH),3,15.0,14.3,0.953,9.2,6,2024-05-15 08:15:00,8,0,NORMAL
TXN-10313,BEN223,FPS-TIR-002,Tiruchirappalli,Dal,Priority (PHH),4,1.0,0.7,0.7,8.3,2,2024-09-26 18:52:00,18,0,NORMAL
TXN-10314,BEN272,FPS-CHE-002,Chennai,Rice,Antyodaya Anna Yojana (AAY),5,25.0,21.2,0.848,29.3,3,2024-08-19 18:28:00,18,0,NORMAL
TXN-10315,BEN015,FPS-SAL-002,Salem,Dal,Priority (PHH),5,1.0,0.7,0.7,7.6,1,2024-07-18 12:40:00,12,0,NORMAL
TXN-10316,BEN155,FPS-TIR-001,Tiruchirappalli,Dal,Non-Priority (NPHH),5,1.0,0.9,0.9,1.6,3,2024-10-03 08:06:00,8,0,NORMAL
TXN-10317,BEN273,FPS-MAD-001,Madurai,Sugar,Priority (PHH),5,1.0,0.8,0.8,54.9,3,2024-05-04 08:20:00,8,0,NORMAL
TXN-10318,BEN015,FPS-TIR-001,Tiruchirappalli,Dal,Antyodaya Anna Yojana (AAY),5,2.0,1.8,0.9,28.1,1,2024-03-02 14:20:00,14,0,NORMAL
TXN-10319,BEN149,FPS-MAD-002,Madurai,Sugar,Non-Priority (NPHH),4,1.0,0.8,0.8,14.0,2,2024-09-01 10:48:00,10,0,NORMAL
TXN-10320,BEN076,FPS-TIR-001,Tiruchirappalli,Wheat,Priority (PHH),2,4.0,3.8,0.95,23.6,2,2024-10-12 15:42:00,15,0,NORMAL
TXN-10321,BEN143,FPS-TIR-001,Tiruchirappalli,Rice,Antyodaya Anna Yojana (AAY),3,25.0,23.3,0.932,14.0,2,2024-02-18 12:14:00,12,0,NORMAL
TXN-10322,BEN052,FPS-TIR-001,Tiruchirappalli,Wheat,Non-Priority (NPHH),2,4.0,3.2,0.8,9.7,1,2024-04-29 11:42:00,11,0,NORMAL
TXN-10323,BEN041,FPS-CHE-002,Chennai,Dal,Antyodaya Anna Yojana (AAY),4,2.0,1.4,0.7,2.8,2,2024-01-02 10:49:00,10,0,NORMAL
TXN-10324,BEN131,FPS-COI-001,Coimbatore,Rice,Antyodaya Anna Yojana (AAY),4,25.0,17.6,0.704,52.7,3,2024-02-18 08:54:00,8,0,NORMAL
TXN-10325,BEN045,FPS-SAL-001,Salem,Wheat,Antyodaya Anna Yojana (AAY),4,10.0,9.3,0.93,12.4,2,2024-06-13 08:08:00,8,0,NORMAL
TXN-10326,BEN217,FPS-COI-002,Coimbatore,Dal,Priority (PHH),4,1.0,0.9,0.9,5.2,2,2024-04-14 15:56:00,15,0,NORMAL
TXN-10327,BEN072,FPS-MAD-002,Madurai,Rice,Non-Priority (NPHH),4,20.0,15.6,0.78,47.5,5,2024-01-29 12:00:00,12,0,NORMAL
TXN-10328,BEN234,FPS-MAD-002,Madurai,Wheat,Non-Priority (NPHH),3,6.0,5.0,0.833,21.3,4,2024-05-07 10:42:00,10,0,NORMAL
TXN-10329,BEN098,FPS-SAL-002,Salem,Rice,Priority (PHH),4,20.0,15.4,0.77,7.0,1,2024-01-01 19:57:00,19,0,NORMAL
TXN-10330,BEN253,FPS-COI-002,Coimbatore,Rice,Priority (PHH),4,20.0,19.6,0.98,17.6,2,2024-05-23 17:44:00,17,0,NORMAL
TXN-10331,BEN029,FPS-COI-001,Coimbatore,Rice,Priority (PHH),3,15.0,22.5,1.5,7.2,2,2024-02-15 23:27:00,23,1,SUSPICIOUS
TXN-10332,BEN337,FPS-COI-002,Coimbatore,Wheat,Priority (PHH),4,8.0,7.2,0.9,54.4,2,2024-01-20 18:10:00,18,0,NORMAL
TXN-10333,BEN353,FPS-TIR-002,Tiruchirappalli,Wheat,Antyodaya Anna Yojana (AAY),2,10.0,9.8,0.98,19.3,4,2024-05-09 18:27:00,18,0,NORMAL
TXN-10334,BEN102,FPS-COI-001,Coimbatore,Wheat,Priority (PHH),5,10.0,8.5,0.85,29.0,1,2024-06-13 18:14:00,18,0,NORMAL
TXN-10335,BEN117,FPS-COI-001,Coimbatore,Wheat,Non-Priority (NPHH),5,10.0,7.7,0.77,54.7,2,2024-02-02 19:27:00,19,0,NORMAL
TXN-10336,BEN172,FPS-CHE-002,Chennai,Dal,Priority (PHH),2,1.0,0.9,0.9,27.8,2,2024-08-31 15:23:00,15,0,NORMAL
TXN-10337,BEN071,FPS-SAL-002,Salem,Rice,Priority (PHH),2,10.0,7.2,0.72,23.3,2,2024-02-12 15:12:00,15,0,NORMAL
TXN-10338,BEN308,FPS-MAD-002,Madurai,Rice,Antyodaya Anna Yojana (AAY),4,25.0,23.7,0.948,35.5,1,2024-09-05 10:01:00,10,0,NORMAL
TXN-10339,BEN102,FPS-COI-002,Coimbatore,Rice,Priority (PHH),3,15.0,14.1,0.94,19.5,2,2024-02-16 12:29:00,12,0,NORMAL
TXN-10340,BEN393,FPS-TIR-001,Tiruchirappalli,Rice,Non-Priority (NPHH),4,20.0,15.4,0.77,14.3,2,2024-02-28 13:21:00,13,0,NORMAL
TXN-10341,BEN222,FPS-SAL-002,Salem,Rice,Priority (PHH),2,10.0,9.7,0.97,17.0,3,2024-01-29 10:46:00,10,0,NORMAL
TXN-10342,BEN250,FPS-CHE-002,Chennai,Wheat,Priority (PHH),5,10.0,8.5,0.85,18.3,2,2024-04-21 15:01:00,15,0,NORMAL
TXN-10343,BEN374,FPS-SAL-002,Salem,Rice,Priority (PHH),5,25.0,20.5,0.82,2.0,1,2024-01-14 12:40:00,12,0,NORMAL
TXN-10344,BEN172,FPS-MAD-001,Madurai,Rice,Priority (PHH),5,25.0,24.1,0.964,3.2,2,2024-01-07 10:38:00,10,0,NORMAL
TXN-10345,BEN288,FPS-COI-001,Coimbatore,Rice,Priority (PHH),5,25.0,21.9,0.876,18.9,2,2024-07-02 18:37:00,18,0,NORMAL
TXN-10346,BEN116,FPS-TIR-001,Tiruchirappalli,Rice,Non-Priority (NPHH),3,15.0,14.6,0.973,1.5,4,2024-05-04 16:01:00,16,0,NORMAL
TXN-10347,BEN265,FPS-TIR-002,Tiruchirappalli,Rice,Priority (PHH),3,15.0,11.6,0.773,24.4,1,2024-04-28 12:18:00,12,0,NORMAL
TXN-10348,BEN374,FPS-COI-002,Coimbatore,Dal,Antyodaya Anna Yojana (AAY),3,2.0,2.0,1.0,16.0,4,2024-03-25 15:02:00,15,0,NORMAL
TXN-10349,BEN315,FPS-COI-001,Coimbatore,Rice,Priority (PHH),4,20.0,18.9,0.945,15.6,1,2024-05-20 08:44:00,8,0,NORMAL
TXN-10350,BEN390,FPS-COI-002,Coimbatore,Rice,Priority (PHH),5,25.0,19.9,0.796,99.4,2,2024-07-14 09:26:00,9,0,NORMAL
TXN-10351,BEN311,FPS-CHE-002,Chennai,Rice,Priority (PHH),2,10.0,8.7,0.87,36.2,3,2024-05-05 18:03:00,18,0,NORMAL
TXN-10352,BEN311,FPS-COI-002,Coimbatore,Rice,Antyodaya Anna Yojana (AAY),3,25.0,23.8,0.952,4.9,4,2024-08-21 15:30:00,15,0,NORMAL
TXN-10353,BEN166,FPS-CHE-001,Chennai,Sugar,Priority (PHH),4,1.0,0.9,0.9,4.3,3,2024-05-21 13:24:00,13,0,NORMAL
TXN-10354,BEN040,FPS-COI-002,Coimbatore,Wheat,Non-Priority (NPHH),5,10.0,9.3,0.93,16.5,4,2024-08-12 09:43:00,9,0,NORMAL
TXN-10355,BEN084,FPS-TIR-001,Tiruchirappalli,Rice,Priority (PHH),2,10.0,7.6,0.76,38.1,2,2024-10-06 09:06:00,9,0,NORMAL
TXN-10356,BEN252,FPS-COI-001,Coimbatore,Dal,Priority (PHH),2,1.0,0.7,0.7,21.3,3,2024-04-16 17:52:00,17,0,NORMAL
TXN-10357,BEN271,FPS-CHE-001,Chennai,Wheat,Priority (PHH),2,4.0,3.7,0.925,30.6,3,2024-01-20 08:40:00,8,0,NORMAL
TXN-10358,BEN256,FPS-COI-002,Coimbatore,Wheat,Priority (PHH),3,6.0,4.8,0.8,23.1,1,2024-06-20 09:52:00,9,0,NORMAL
TXN-10359,BEN332,FPS-SAL-001,Salem,Rice,Antyodaya Anna Yojana (AAY),2,25.0,22.7,0.908,2.2,1,2024-06-16 11:57:00,11,0,NORMAL
TXN-10360,BEN020,FPS-COI-001,Coimbatore,Wheat,Priority (PHH),4,8.0,6.2,0.775,12.4,1,2024-06-09 13:55:00,13,0,NORMAL
TXN-10361,BEN006,FPS-MAD-001,Madurai,Sugar,Priority (PHH),4,1.0,0.8,0.8,52.3,2,2024-05-17 10:18:00,10,0,NORMAL
TXN-10362,BEN062,FPS-SAL-001,Salem,Sugar,Antyodaya Anna Yojana (AAY),4,2.0,1.6,0.8,8.0,2,2024-06-26 11:25:00,11,0,NORMAL
TXN-10363,BEN396,FPS-CHE-002,Chennai,Sugar,Non-Priority (NPHH),3,1.0,0.9,0.9,14.8,2,2024-09-20 12:21:00,12,0,NORMAL
TXN-10364,BEN034,FPS-SAL-002,Salem,Dal,Priority (PHH),4,1.0,1.0,1.0,147.7,1,2024-08-29 13:13:00,13,0,NORMAL
TXN-10365,BEN053,FPS-MAD-002,Madurai,Dal,Priority (PHH),5,1.0,0.8,0.8,44.5,1,2024-03-20 15:38:00,15,0,NORMAL
TXN-10366,BEN165,FPS-COI-001,Coimbatore,Rice,Priority (PHH),5,25.0,21.0,0.84,39.3,3,2024-05-31 14:33:00,14,0,NORMAL
TXN-10367,BEN303,FPS-COI-002,Coimbatore,Sugar,Priority (PHH),2,1.0,0.8,0.8,7.4,2,2024-04-27 12:59:00,12,0,NORMAL
TXN-10368,BEN188,FPS-TIR-001,Tiruchirappalli,Dal,Antyodaya Anna Yojana (AAY),4,2.0,1.5,0.75,22.5,2,2024-05-29 11:33:00,11,0,NORMAL
TXN-10369,BEN365,FPS-COI-001,Coimbatore,Dal,Priority (PHH),2,1.0,0.9,0.9,31.5,2,2024-04-18 19:54:00,19,0,NORMAL
TXN-10370,BEN136,FPS-SAL-001,Salem,Dal,Non-Priority (NPHH),3,1.0,0.9,0.9,57.4,3,2024-09-09 08:38:00,8,0,NORMAL
TXN-10371,BEN068,FPS-SAL-001,Salem,Rice,Priority (PHH),3,15.0,12.9,0.86,40.7,3,2024-05-17 19:32:00,19,0,NORMAL
TXN-10372,BEN370,FPS-COI-001,Coimbatore,Dal,Priority (PHH),4,1.0,0.7,0.7,14.2,2,2024-04-04 16:36:00,16,0,NORMAL
TXN-10373,BEN331,FPS-CHE-001,Chennai,Wheat,Non-Priority (NPHH),2,4.0,3.8,0.95,13.8,4,2024-08-04 08:59:00,8,0,NORMAL
TXN-10374,BEN328,FPS-CHE-001,Chennai,Wheat,Antyodaya Anna Yojana (AAY),5,10.0,7.6,0.76,1.8,1,2024-05-14 12:23:00,12,0,NORMAL
TXN-10375,BEN136,FPS-COI-001,Coimbatore,Wheat,Antyodaya Anna Yojana (AAY),2,10.0,10.0,1.0,6.0,4,2024-03-13 16:53:00,16,0,NORMAL
TXN-10376,BEN180,FPS-SAL-002,Salem,Rice,Priority (PHH),3,15.0,12.6,0.84,34.6,5,2024-05-13 18:55:00,18,0,NORMAL
TXN-10377,BEN110,FPS-MAD-002,Madurai,Rice,Priority (PHH),3,15.0,13.2,0.88,7.9,3,2024-10-01 10:11:00,10,0,NORMAL
TXN-10378,BEN168,FPS-MAD-002,Madurai,Dal,Antyodaya Anna Yojana (AAY),3,2.0,1.8,0.9,8.7,4,2024-07-14 08:12:00,8,0,NORMAL
TXN-10379,BEN084,FPS-COI-002,Coimbatore,Rice,Priority (PHH),4,20.0,14.1,0.705,25.5,2,2024-04-16 15:05:00,15,0,NORMAL
TXN-10380,BEN146,FPS-MAD-001,Madurai,Wheat,Priority (PHH),3,6.0,4.6,0.767,10.2,1,2024-02-06 12:13:00,12,0,NORMAL
TXN-10381,BEN030,FPS-SAL-001,Salem,Rice,Priority (PHH),3,15.0,12.5,0.833,8.6,1,2024-03-23 18:24:00,18,0,NORMAL
TXN-10382,BEN128,FPS-COI-001,Coimbatore,Wheat,Priority (PHH),2,4.0,3.8,0.95,29.3,2,2024-01-14 09:25:00,9,0,NORMAL
TXN-10383,BEN248,FPS-SAL-001,Salem,Rice,Antyodaya Anna Yojana (AAY),3,25.0,23.5,0.94,43.3,5,2024-02-07 12:47:00,12,0,NORMAL
TXN-10384,BEN277,FPS-TIR-002,Tiruchirappalli,Wheat,Non-Priority (NPHH),2,4.0,15.0,3.75,20.5,1,2024-03-09 13:37:00,13,1,SUSPICIOUS
TXN-10385,BEN248,FPS-MAD-001,Madurai,Rice,Antyodaya Anna Yojana (AAY),5,25.0,22.8,0.912,54.1,2,2024-10-08 09:11:00,9,0,NORMAL
TXN-10386,BEN180,FPS-CHE-002,Chennai,Rice,Antyodaya Anna Yojana (AAY),5,25.0,22.1,0.884,33.3,1,2024-01-08 18:44:00,18,0,NORMAL
TXN-10387,BEN118,FPS-COI-001,Coimbatore,Wheat,Non-Priority (NPHH),4,8.0,6.9,0.862,59.7,2,2024-09-19 09:13:00,9,0,NORMAL
TXN-10388,BEN221,FPS-CHE-002,Chennai,Rice,Antyodaya Anna Yojana (AAY),3,25.0,22.0,0.88,30.6,3,2024-03-10 18:03:00,18,0,NORMAL
TXN-10389,BEN246,FPS-CHE-002,Chennai,Rice,Priority (PHH),4,20.0,19.0,0.95,6.6,1,2024-08-05 15:54:00,15,0,NORMAL
TXN-10390,BEN250,FPS-SAL-001,Salem,Rice,Antyodaya Anna Yojana (AAY),4,25.0,23.5,0.94,31.9,1,2024-07-29 16:37:00,16,0,NORMAL
TXN-10391,BEN106,FPS-COI-002,Coimbatore,Sugar,Priority (PHH),4,1.0,1.0,1.0,3.1,3,2024-06-16 17:46:00,17,0,NORMAL
TXN-10392,BEN049,FPS-TIR-001,Tiruchirappalli,Rice,Priority (PHH),4,20.0,17.3,0.865,20.1,3,2024-06-15 08:06:00,8,0,NORMAL
TXN-10393,BEN351,FPS-TIR-001,Tiruchirappalli,Wheat,Antyodaya Anna Yojana (AAY),5,10.0,8.2,0.82,37.1,2,2024-08-01 14:56:00,14,0,NORMAL
TXN-10394,BEN191,FPS-MAD-001,Madurai,Rice,Priority (PHH),2,10.0,7.2,0.72,2.4,2,2024-05-05 08:20:00,8,0,NORMAL
TXN-10395,BEN029,FPS-CHE-002,Chennai,Rice,Antyodaya Anna Yojana (AAY),4,25.0,24.6,0.984,19.2,3,2024-09-14 13:05:00,13,0,NORMAL
TXN-10396,BEN213,FPS-TIR-002,Tiruchirappalli,Dal,Priority (PHH),5,1.0,0.9,0.9,11.9,3,2024-07-28 19:38:00,19,0,NORMAL
TXN-10397,BEN304,FPS-SAL-002,Salem,Rice,Antyodaya Anna Yojana (AAY),3,25.0,23.4,0.936,1.4,3,2024-07-09 14:19:00,14,0,NORMAL
TXN-10398,BEN253,FPS-MAD-002,Madurai,Rice,Priority (PHH),4,20.0,16.7,0.835,116.6,1,2024-01-21 18:16:00,18,0,NORMAL
TXN-10399,BEN132,FPS-SAL-001,Salem,Wheat,Non-Priority (NPHH),4,8.0,7.8,0.975,12.2,3,2024-01-04 12:44:00,12,0,NORMAL
TXN-10400,BEN051,FPS-TIR-001,Tiruchirappalli,Dal,Priority (PHH),2,1.0,0.7,0.7,5.4,1,2024-06-23 10:23:00,10,0,NORMAL
TXN-10401,BEN016,FPS-CHE-001,Chennai,Rice,Priority (PHH),4,20.0,16.8,0.84,11.7,1,2024-10-02 15:46:00,15,0,NORMAL
TXN-10402,BEN118,FPS-COI-001,Coimbatore,Rice,Priority (PHH),4,20.0,64.4,3.22,99.3,3,2024-03-22 13:47:00,13,1,SUSPICIOUS
TXN-10403,BEN171,FPS-TIR-001,Tiruchirappalli,Rice,Antyodaya Anna Yojana (AAY),3,25.0,19.4,0.776,8.0,2,2024-07-27 08:10:00,8,0,NORMAL
TXN-10404,BEN359,FPS-TIR-002,Tiruchirappalli,Wheat,Priority (PHH),2,4.0,3.9,0.975,56.4,1,2024-08-05 19:12:00,19,0,NORMAL
TXN-10405,BEN157,FPS-COI-001,Coimbatore,Dal,Priority (PHH),2,1.0,0.8,0.8,38.2,1,2024-03-15 16:13:00,16,0,NORMAL
TXN-10406,BEN210,FPS-SAL-002,Salem,Wheat,Antyodaya Anna Yojana (AAY),4,10.0,8.0,0.8,44.8,1,2024-03-26 17:41:00,17,0,NORMAL
TXN-10407,BEN066,FPS-COI-001,Coimbatore,Wheat,Priority (PHH),3,6.0,5.5,0.917,39.6,4,2024-04-03 17:04:00,17,0,NORMAL
TXN-10408,BEN356,FPS-COI-002,Coimbatore,Wheat,Priority (PHH),4,8.0,6.4,0.8,5.2,1,2024-04-23 08:10:00,8,0,NORMAL
TXN-10409,BEN209,FPS-COI-002,Coimbatore,Sugar,Antyodaya Anna Yojana (AAY),3,2.0,2.0,1.0,20.8,1,2024-03-02 12:15:00,12,0,NORMAL
TXN-10410,BEN068,FPS-SAL-002,Salem,Rice,Priority (PHH),2,10.0,7.2,0.72,7.4,3,2024-03-14 09:39:00,9,0,NORMAL
TXN-10411,BEN141,FPS-COI-002,Coimbatore,Rice,Antyodaya Anna Yojana (AAY),4,25.0,23.6,0.944,1.3,4,2024-10-06 13:33:00,13,1,SUSPICIOUS
TXN-10412,BEN107,FPS-TIR-001,Tiruchirappalli,Dal,Non-Priority (NPHH),2,1.0,0.7,0.7,33.0,1,2024-03-02 13:25:00,13,0,NORMAL
TXN-10413,BEN387,FPS-CHE-002,Chennai,Sugar,Priority (PHH),3,1.0,0.7,0.7,2.2,2,2024-06-24 13:16:00,13,0,NORMAL
TXN-10414,BEN067,FPS-MAD-001,Madurai,Dal,Non-Priority (NPHH),2,1.0,0.7,0.7,6.4,2,2024-06-26 10:23:00,10,0,NORMAL
TXN-10415,BEN263,FPS-MAD-001,Madurai,Wheat,Priority (PHH),4,8.0,7.6,0.95,19.3,3,2024-03-16 17:14:00,17,0,NORMAL
TXN-10416,BEN036,FPS-TIR-001,Tiruchirappalli,Rice,Priority (PHH),5,25.0,21.4,0.856,14.3,2,2024-07-24 17:44:00,17,0,NORMAL
TXN-10417,BEN282,FPS-MAD-002,Madurai,Rice,Priority (PHH),5,25.0,18.1,0.724,23.1,2,2024-05-09 19:29:00,19,0,NORMAL
TXN-10418,BEN003,FPS-SAL-002,Salem,Rice,Priority (PHH),5,25.0,20.7,0.828,46.1,3,2024-06-23 10:00:00,10,0,NORMAL
TXN-10419,BEN164,FPS-MAD-001,Madurai,Dal,Priority (PHH),5,1.0,4.7,4.7,41.2,2,2024-04-25 11:55:00,11,1,SUSPICIOUS
TXN-10420,BEN086,FPS-TIR-001,Tiruchirappalli,Rice,Priority (PHH),5,25.0,18.1,0.724,17.3,1,2024-04-13 17:12:00,17,0,NORMAL
TXN-10421,BEN014,FPS-CHE-001,Chennai,Sugar,Priority (PHH),3,1.0,0.7,0.7,5.4,2,2024-09-17 15:45:00,15,0,NORMAL
TXN-10422,BEN003,FPS-SAL-001,Salem,Rice,Priority (PHH),3,15.0,13.4,0.893,24.2,2,2024-08-16 13:18:00,13,0,NORMAL
TXN-10423,BEN223,FPS-SAL-001,Salem,Wheat,Priority (PHH),4,8.0,6.4,0.8,10.2,1,2024-10-24 13:13:00,13,0,NORMAL
TXN-10424,BEN122,FPS-SAL-002,Salem,Rice,Priority (PHH),3,15.0,14.7,0.98,3.1,1,2024-07-22 10:09:00,10,0,NORMAL
TXN-10425,BEN140,FPS-MAD-001,Madurai,Rice,Non-Priority (NPHH),3,15.0,14.2,0.947,2.1,2,2024-09-23 15:54:00,15,0,NORMAL
TXN-10426,BEN120,FPS-COI-001,Coimbatore,Rice,Priority (PHH),3,15.0,13.6,0.907,13.7,2,2024-10-22 14:59:00,14,0,NORMAL
TXN-10427,BEN050,FPS-TIR-002,Tiruchirappalli,Rice,Priority (PHH),2,10.0,8.8,0.88,1.0,1,2024-01-27 15:31:00,15,0,NORMAL
TXN-10428,BEN084,FPS-TIR-002,Tiruchirappalli,Wheat,Non-Priority (NPHH),5,10.0,9.0,0.9,67.6,2,2024-09-05 12:34:00,12,0,NORMAL
TXN-10429,BEN135,FPS-SAL-002,Salem,Rice,Priority (PHH),3,15.0,11.8,0.787,28.1,1,2024-02-12 16:35:00,16,0,NORMAL
TXN-10430,BEN204,FPS-TIR-001,Tiruchirappalli,Wheat,Priority (PHH),5,10.0,9.4,0.94,29.4,1,2024-08-15 17:20:00,17,0,NORMAL
TXN-10431,BEN016,FPS-COI-001,Coimbatore,Wheat,Priority (PHH),5,10.0,44.7,4.47,5.4,2,2024-03-19 14:27:00,14,1,SUSPICIOUS
TXN-10432,BEN032,FPS-CHE-002,Chennai,Sugar,Non-Priority (NPHH),3,1.0,1.0,1.0,32.0,1,2024-06-22 11:41:00,11,0,NORMAL
TXN-10433,BEN220,FPS-MAD-001,Madurai,Rice,Non-Priority (NPHH),3,15.0,12.3,0.82,46.6,4,2024-09-01 19:06:00,19,0,NORMAL
TXN-10434,BEN262,FPS-CHE-002,Chennai,Wheat,Non-Priority (NPHH),4,8.0,6.1,0.762,1.9,1,2024-02-06 12:07:00,12,0,NORMAL
TXN-10435,BEN288,FPS-CHE-002,Chennai,Rice,Priority (PHH),2,10.0,8.1,0.81,12.6,3,2024-08-02 16:27:00,16,0,NORMAL
TXN-10436,BEN179,FPS-TIR-002,Tiruchirappalli,Rice,Priority (PHH),4,20.0,18.3,0.915,32.6,1,2024-03-03 14:47:00,14,0,NORMAL
TXN-10437,BEN221,FPS-SAL-001,Salem,Rice,Priority (PHH),2,10.0,9.8,0.98,12.7,1,2024-03-17 11:08:00,11,0,NORMAL
TXN-10438,BEN310,FPS-MAD-002,Madurai,Sugar,Antyodaya Anna Yojana (AAY),5,2.0,2.0,1.0,4.4,3,2024-02-25 14:16:00,14,0,NORMAL
TXN-10439,BEN370,FPS-SAL-002,Salem,Rice,Priority (PHH),2,10.0,10.0,1.0,24.8,2,2024-04-22 15:32:00,15,0,NORMAL
TXN-10440,BEN108,FPS-CHE-001,Chennai,Sugar,Antyodaya Anna Yojana (AAY),5,2.0,1.8,0.9,10.0,1,2024-07-28 14:59:00,14,0,NORMAL
TXN-10441,BEN396,FPS-TIR-001,Tiruchirappalli,Wheat,Antyodaya Anna Yojana (AAY),5,10.0,8.3,0.83,8.3,2,2024-04-25 15:19:00,15,0,NORMAL
TXN-10442,BEN282,FPS-COI-002,Coimbatore,Wheat,Priority (PHH),5,10.0,9.2,0.92,33.1,7,2024-07-30 18:57:00,18,0,NORMAL
TXN-10443,BEN317,FPS-COI-002,Coimbatore,Rice,Antyodaya Anna Yojana (AAY),4,25.0,18.9,0.756,79.7,1,2024-07-20 18:58:00,18,0,NORMAL
TXN-10444,BEN287,FPS-MAD-001,Madurai,Rice,Priority (PHH),5,25.0,17.8,0.712,10.3,4,2024-10-06 11:38:00,11,0,NORMAL
TXN-10445,BEN145,FPS-CHE-002,Chennai,Wheat,Priority (PHH),3,6.0,4.8,0.8,57.9,3,2024-09-29 08:13:00,8,0,NORMAL
TXN-10446,BEN123,FPS-TIR-001,Tiruchirappalli,Dal,Non-Priority (NPHH),2,1.0,0.7,0.7,37.0,5,2024-04-11 08:18:00,8,0,NORMAL
TXN-10447,BEN094,FPS-TIR-002,Tiruchirappalli,Rice,Antyodaya Anna Yojana (AAY),5,25.0,24.2,0.968,1.2,2,2024-08-18 15:59:00,15,0,NORMAL
TXN-10448,BEN241,FPS-MAD-001,Madurai,Rice,Non-Priority (NPHH),2,10.0,7.3,0.73,11.6,2,2024-09-12 08:25:00,8,0,NORMAL
TXN-10449,BEN321,FPS-TIR-001,Tiruchirappalli,Dal,Priority (PHH),4,1.0,1.0,1.0,7.6,1,2024-02-12 18:45:00,18,0,NORMAL
TXN-10450,BEN133,FPS-TIR-001,Tiruchirappalli,Wheat,Priority (PHH),5,10.0,7.1,0.71,15.8,3,2024-06-12 09:57:00,9,0,NORMAL
TXN-10451,BEN219,FPS-TIR-001,Tiruchirappalli,Wheat,Priority (PHH),5,10.0,8.0,0.8,35.0,4,2024-08-01 11:12:00,11,0,NORMAL
TXN-10452,BEN228,FPS-MAD-002,Madurai,Rice,Priority (PHH),4,20.0,16.5,0.825,1.5,2,2024-08-12 09:41:00,9,0,NORMAL
TXN-10453,BEN371,FPS-CHE-002,Chennai,Rice,Priority (PHH),5,25.0,22.9,0.916,12.6,3,2024-02-08 11:31:00,11,0,NORMAL
TXN-10454,BEN210,FPS-CHE-002,Chennai,Rice,Priority (PHH),5,25.0,19.9,0.796,7.3,1,2024-07-08 13:19:00,13,0,NORMAL
TXN-10455,BEN147,FPS-CHE-002,Chennai,Wheat,Priority (PHH),4,8.0,7.2,0.9,28.6,4,2024-04-30 09:38:00,9,0,NORMAL
TXN-10456,BEN013,FPS-MAD-002,Madurai,Rice,Priority (PHH),3,15.0,12.6,0.84,29.6,2,2024-02-25 13:40:00,13,0,NORMAL
TXN-10457,BEN344,FPS-SAL-002,Salem,Wheat,Priority (PHH),4,8.0,7.5,0.937,16.8,3,2024-01-07 17:12:00,17,0,NORMAL
TXN-10458,BEN308,FPS-MAD-002,Madurai,Dal,Priority (PHH),4,1.0,0.8,0.8,18.1,2,2024-09-27 12:37:00,12,0,NORMAL
TXN-10459,BEN249,FPS-MAD-001,Madurai,Dal,Priority (PHH),4,1.0,0.8,0.8,19.3,1,2024-05-19 10:47:00,10,0,NORMAL
TXN-10460,BEN214,FPS-COI-001,Coimbatore,Wheat,Priority (PHH),4,8.0,6.6,0.825,20.5,3,2024-07-16 10:52:00,10,0,NORMAL
TXN-10461,BEN135,FPS-COI-002,Coimbatore,Rice,Priority (PHH),5,25.0,22.2,0.888,52.9,1,2024-10-17 10:46:00,10,0,NORMAL
TXN-10462,BEN008,FPS-CHE-002,Chennai,Rice,Priority (PHH),4,20.0,17.1,0.855,37.0,1,2024-08-31 12:52:00,12,0,NORMAL
TXN-10463,BEN051,FPS-MAD-002,Madurai,Rice,Priority (PHH),5,25.0,22.6,0.904,26.9,3,2024-06-17 15:10:00,15,0,NORMAL
TXN-10464,BEN062,FPS-COI-001,Coimbatore,Dal,Priority (PHH),2,1.0,0.8,0.8,31.6,1,2024-08-16 11:32:00,11,0,NORMAL
TXN-10465,BEN342,FPS-TIR-001,Tiruchirappalli,Rice,Priority (PHH),2,10.0,8.9,0.89,14.4,2,2024-09-07 09:44:00,9,0,NORMAL
TXN-10466,BEN301,FPS-MAD-002,Madurai,Sugar,Priority (PHH),3,1.0,0.8,0.8,9.0,2,2024-04-29 08:24:00,8,0,NORMAL
TXN-10467,BEN202,FPS-CHE-001,Chennai,Dal,Antyodaya Anna Yojana (AAY),2,2.0,1.7,0.85,2.0,3,2024-03-25 08:23:00,8,0,NORMAL
TXN-10468,BEN081,FPS-MAD-002,Madurai,Rice,Priority (PHH),5,25.0,20.5,0.82,44.3,1,2024-02-14 08:10:00,8,0,NORMAL
TXN-10469,BEN094,FPS-COI-002,Coimbatore,Rice,Priority (PHH),4,20.0,18.8,0.94,2.1,2,2024-05-12 16:26:00,16,0,NORMAL
TXN-10470,BEN183,FPS-COI-001,Coimbatore,Dal,Priority (PHH),2,1.0,0.9,0.9,32.2,1,2024-03-17 08:24:00,8,0,NORMAL
TXN-10471,BEN267,FPS-MAD-001,Madurai,Wheat,Priority (PHH),3,6.0,5.8,0.967,52.8,2,2024-02-22 10:54:00,10,0,NORMAL
TXN-10472,BEN250,FPS-MAD-002,Madurai,Rice,Priority (PHH),2,10.0,7.2,0.72,94.7,1,2024-01-13 17:43:00,17,0,NORMAL
TXN-10473,BEN108,FPS-MAD-001,Madurai,Rice,Priority (PHH),4,20.0,15.8,0.79,8.3,4,2024-02-23 12:48:00,12,0,NORMAL
TXN-10474,BEN316,FPS-SAL-002,Salem,Dal,Priority (PHH),3,1.0,0.9,0.9,63.2,3,2024-04-20 19:46:00,19,0,NORMAL
TXN-10475,BEN164,FPS-CHE-002,Chennai,Rice,Non-Priority (NPHH),5,25.0,18.3,0.732,19.4,2,2024-03-18 17:07:00,17,0,NORMAL
TXN-10476,BEN131,FPS-CHE-001,Chennai,Rice,Priority (PHH),3,15.0,14.2,0.947,26.1,5,2024-10-22 13:37:00,13,0,NORMAL
TXN-10477,BEN124,FPS-SAL-001,Salem,Wheat,Priority (PHH),2,4.0,3.8,0.95,4.5,3,2024-01-06 16:14:00,16,0,NORMAL
TXN-10478,BEN010,FPS-COI-002,Coimbatore,Sugar,Priority (PHH),4,1.0,0.7,0.7,4.5,6,2024-01-21 10:47:00,10,0,NORMAL
TXN-10479,BEN249,FPS-COI-002,Coimbatore,Rice,Priority (PHH),5,25.0,20.5,0.82,88.0,2,2024-08-11 15:32:00,15,0,NORMAL
TXN-10480,BEN086,FPS-COI-001,Coimbatore,Rice,Priority (PHH),4,20.0,15.2,0.76,76.1,1,2024-06-17 14:19:00,14,0,NORMAL
TXN-10481,BEN154,FPS-TIR-001,Tiruchirappalli,Wheat,Priority (PHH),4,8.0,6.4,0.8,35.2,1,2024-02-07 10:35:00,10,0,NORMAL
TXN-10482,BEN114,FPS-MAD-002,Madurai,Sugar,Priority (PHH),5,1.0,0.8,0.8,17.0,3,2024-05-02 16:13:00,16,0,NORMAL
TXN-10483,BEN230,FPS-TIR-001,Tiruchirappalli,Wheat,Non-Priority (NPHH),3,6.0,5.7,0.95,13.5,4,2024-05-15 18:06:00,18,0,NORMAL
TXN-10484,BEN074,FPS-CHE-002,Chennai,Rice,Priority (PHH),3,15.0,14.6,0.973,19.6,2,2024-04-11 16:44:00,16,0,NORMAL
TXN-10485,BEN111,FPS-MAD-002,Madurai,Rice,Priority (PHH),4,20.0,16.6,0.83,22.2,3,2024-01-19 09:13:00,9,0,NORMAL
TXN-10486,BEN275,FPS-CHE-001,Chennai,Rice,Non-Priority (NPHH),2,10.0,7.3,0.73,8.3,2,2024-05-26 08:50:00,8,0,NORMAL
TXN-10487,BEN013,FPS-COI-002,Coimbatore,Sugar,Antyodaya Anna Yojana (AAY),4,2.0,1.8,0.9,24.7,1,2024-07-30 12:02:00,12,0,NORMAL
TXN-10488,BEN324,FPS-MAD-001,Madurai,Sugar,Antyodaya Anna Yojana (AAY),2,2.0,1.9,0.95,32.8,3,2024-02-29 16:23:00,16,0,NORMAL
TXN-10489,BEN073,FPS-CHE-001,Chennai,Rice,Priority (PHH),2,10.0,9.6,0.96,20.6,3,2024-03-09 15:08:00,15,0,NORMAL
TXN-10490,BEN030,FPS-MAD-002,Madurai,Rice,Non-Priority (NPHH),3,15.0,14.3,0.953,51.5,1,2024-01-12 18:52:00,18,0,NORMAL
TXN-10491,BEN112,FPS-COI-002,Coimbatore,Rice,Priority (PHH),2,10.0,9.2,0.92,17.3,1,2024-05-25 16:54:00,16,0,NORMAL
TXN-10492,BEN314,FPS-SAL-001,Salem,Rice,Priority (PHH),2,10.0,7.4,0.74,6.9,2,2024-01-23 16:53:00,16,0,NORMAL
TXN-10493,BEN027,FPS-MAD-002,Madurai,Sugar,Non-Priority (NPHH),5,1.0,0.9,0.9,1.2,1,2024-08-10 09:19:00,9,0,NORMAL
TXN-10494,BEN393,FPS-CHE-001,Chennai,Sugar,Priority (PHH),5,1.0,1.0,1.0,47.7,1,2024-10-04 09:25:00,9,0,NORMAL
TXN-10495,BEN046,FPS-MAD-002,Madurai,Dal,Antyodaya Anna Yojana (AAY),5,2.0,1.6,0.8,118.2,2,2024-01-31 08:43:00,8,0,NORMAL
TXN-10496,BEN355,FPS-CHE-002,Chennai,Rice,Non-Priority (NPHH),3,15.0,11.3,0.753,23.5,3,2024-09-18 11:50:00,11,0,NORMAL
TXN-10497,BEN036,FPS-SAL-002,Salem,Rice,Antyodaya Anna Yojana (AAY),3,25.0,22.5,0.9,65.2,3,2024-07-11 09:14:00,9,0,NORMAL
TXN-10498,BEN101,FPS-MAD-001,Madurai,Rice,Priority (PHH),5,25.0,20.2,0.808,52.8,1,2024-07-03 15:27:00,15,0,NORMAL
TXN-10499,BEN208,FPS-COI-002,Coimbatore,Wheat,Non-Priority (NPHH),3,6.0,4.9,0.817,2.4,2,2024-09-29 13:21:00,13,0,NORMAL
TXN-10500,BEN244,FPS-TIR-002,Tiruchirappalli,Wheat,Priority (PHH),3,6.0,4.6,0.767,8.7,3,2024-06-03 16:35:00,16,0,NORMAL
TXN-10501,BEN332,FPS-COI-001,Coimbatore,Wheat,Priority (PHH),4,8.0,6.6,0.825,47.5,2,2024-06-15 18:09:00,18,0,NORMAL
TXN-10502,BEN381,FPS-COI-002,Coimbatore,Rice,Priority (PHH),3,15.0,11.7,0.78,19.0,2,2024-01-10 08:52:00,8,0,NORMAL
TXN-10503,BEN240,FPS-CHE-001,Chennai,Rice,Priority (PHH),2,10.0,8.4,0.84,1.4,4,2024-03-21 11:06:00,11,0,NORMAL
TXN-10504,BEN342,FPS-MAD-001,Madurai,Rice,Priority (PHH),3,15.0,11.5,0.767,47.9,3,2024-04-07 15:48:00,15,0,NORMAL
TXN-10505,BEN268,FPS-TIR-002,Tiruchirappalli,Sugar,Priority (PHH),5,1.0,0.7,0.7,1.6,1,2024-08-04 11:25:00,11,0,NORMAL
TXN-10506,BEN366,FPS-TIR-002,Tiruchirappalli,Sugar,Priority (PHH),5,1.0,1.0,1.0,58.0,1,2024-08-17 09:49:00,9,0,NORMAL
TXN-10507,BEN288,FPS-SAL-002,Salem,Rice,Priority (PHH),2,10.0,8.6,0.86,8.8,2,2024-04-15 11:09:00,11,0,NORMAL
TXN-10508,BEN137,FPS-CHE-002,Chennai,Wheat,Non-Priority (NPHH),5,10.0,8.2,0.82,49.5,3,2024-10-25 09:24:00,9,0,NORMAL
TXN-10509,BEN362,FPS-MAD-002,Madurai,Sugar,Priority (PHH),2,1.0,0.9,0.9,53.4,3,2024-04-13 10:05:00,10,0,NORMAL
TXN-10510,BEN286,FPS-COI-002,Coimbatore,Sugar,Antyodaya Anna Yojana (AAY),3,2.0,1.8,0.9,31.9,1,2024-01-19 12:20:00,12,0,NORMAL
TXN-10511,BEN380,FPS-TIR-001,Tiruchirappalli,Rice,Priority (PHH),2,10.0,7.8,0.78,198.9,3,2024-06-02 09:58:00,9,0,NORMAL
TXN-10512,BEN333,FPS-TIR-002,Tiruchirappalli,Sugar,Priority (PHH),4,1.0,0.7,0.7,31.7,2,2024-03-04 10:08:00,10,0,NORMAL
TXN-10513,BEN157,FPS-TIR-001,Tiruchirappalli,Dal,Priority (PHH),5,1.0,0.9,0.9,5.8,2,2024-06-16 18:00:00,18,0,NORMAL
TXN-10514,BEN070,FPS-CHE-002,Chennai,Wheat,Antyodaya Anna Yojana (AAY),3,10.0,8.6,0.86,2.7,1,2024-06-15 14:33:00,14,0,NORMAL
TXN-10515,BEN281,FPS-SAL-001,Salem,Wheat,Priority (PHH),2,4.0,3.4,0.85,31.1,1,2024-07-21 10:30:00,10,0,NORMAL
TXN-10516,BEN020,FPS-COI-002,Coimbatore,Rice,Priority (PHH),3,15.0,12.1,0.807,65.7,3,2024-01-25 11:40:00,11,0,NORMAL
TXN-10517,BEN016,FPS-TIR-002,Tiruchirappalli,Wheat,Antyodaya Anna Yojana (AAY),4,10.0,9.6,0.96,17.1,4,2024-05-13 12:14:00,12,0,NORMAL
TXN-10518,BEN303,FPS-COI-002,Coimbatore,Wheat,Priority (PHH),2,4.0,3.7,0.925,40.4,1,2024-10-23 12:10:00,12,0,NORMAL
TXN-10519,BEN278,FPS-SAL-002,Salem,Sugar,Priority (PHH),5,1.0,0.9,0.9,43.4,1,2024-01-17 17:27:00,17,0,NORMAL
TXN-10520,BEN208,FPS-COI-001,Coimbatore,Rice,Priority (PHH),5,25.0,21.7,0.868,8.1,4,2024-01-10 12:20:00,12,0,NORMAL
TXN-10521,BEN172,FPS-SAL-001,Salem,Wheat,Antyodaya Anna Yojana (AAY),5,10.0,8.1,0.81,3.1,2,2024-08-12 09:12:00,9,0,NORMAL
TXN-10522,BEN241,FPS-SAL-002,Salem,Rice,Priority (PHH),4,20.0,16.8,0.84,19.1,4,2024-03-11 16:18:00,16,0,NORMAL
TXN-10523,BEN331,FPS-TIR-001,Tiruchirappalli,Sugar,Antyodaya Anna Yojana (AAY),3,2.0,1.7,0.85,56.2,2,2024-07-06 15:24:00,15,0,NORMAL
TXN-10524,BEN271,FPS-COI-002,Coimbatore,Wheat,Non-Priority (NPHH),3,6.0,5.0,0.833,35.7,1,2024-03-22 19:47:00,19,0,NORMAL
TXN-10525,BEN055,FPS-MAD-001,Madurai,Dal,Priority (PHH),4,1.0,4.1,4.1,59.7,1,2024-05-07 14:01:00,14,1,SUSPICIOUS
TXN-10526,BEN370,FPS-CHE-001,Chennai,Rice,Priority (PHH),4,20.0,15.0,0.75,67.2,1,2024-01-11 09:58:00,9,0,NORMAL
TXN-10527,BEN212,FPS-SAL-002,Salem,Wheat,Antyodaya Anna Yojana (AAY),4,10.0,8.5,0.85,31.3,3,2024-05-08 18:04:00,18,0,NORMAL
TXN-10528,BEN288,FPS-MAD-002,Madurai,Dal,Non-Priority (NPHH),3,1.0,1.0,1.0,4.8,2,2024-07-01 19:09:00,19,0,NORMAL
TXN-10529,BEN379,FPS-COI-002,Coimbatore,Rice,Priority (PHH),3,15.0,10.7,0.713,12.0,1,2024-05-16 12:11:00,12,0,NORMAL
TXN-10530,BEN069,FPS-MAD-002,Madurai,Wheat,Priority (PHH),4,8.0,6.2,0.775,17.4,3,2024-01-08 16:14:00,16,0,NORMAL
TXN-10531,BEN092,FPS-MAD-001,Madurai,Wheat,Priority (PHH),4,8.0,7.7,0.962,4.8,4,2024-07-09 18:14:00,18,0,NORMAL
TXN-10532,BEN266,FPS-CHE-001,Chennai,Rice,Non-Priority (NPHH),5,25.0,21.1,0.844,77.4,2,2024-01-29 17:12:00,17,0,NORMAL
TXN-10533,BEN324,FPS-TIR-001,Tiruchirappalli,Rice,Priority (PHH),2,10.0,11.2,1.12,1.2,7,2024-07-16 14:18:00,14,1,SUSPICIOUS
TXN-10534,BEN166,FPS-SAL-001,Salem,Dal,Non-Priority (NPHH),5,1.0,0.8,0.8,12.5,2,2024-07-07 15:40:00,15,0,NORMAL
TXN-10535,BEN352,FPS-CHE-001,Chennai,Rice,Non-Priority (NPHH),5,25.0,19.5,0.78,8.3,2,2024-06-12 08:22:00,8,0,NORMAL
TXN-10536,BEN357,FPS-TIR-001,Tiruchirappalli,Sugar,Antyodaya Anna Yojana (AAY),2,2.0,1.6,0.8,18.8,2,2024-02-22 12:54:00,12,0,NORMAL
TXN-10537,BEN015,FPS-COI-002,Coimbatore,Rice,Antyodaya Anna Yojana (AAY),4,25.0,20.8,0.832,7.1,1,2024-09-21 14:29:00,14,0,NORMAL
TXN-10538,BEN246,FPS-CHE-002,Chennai,Rice,Priority (PHH),4,20.0,16.8,0.84,27.0,3,2024-01-19 19:22:00,19,0,NORMAL
TXN-10539,BEN110,FPS-MAD-002,Madurai,Dal,Antyodaya Anna Yojana (AAY),4,2.0,2.0,1.0,2.9,1,2024-03-03 11:13:00,11,0,NORMAL
TXN-10540,BEN067,FPS-MAD-001,Madurai,Rice,Priority (PHH),3,15.0,12.5,0.833,15.2,4,2024-10-15 11:02:00,11,0,NORMAL
TXN-10541,BEN204,FPS-SAL-001,Salem,Dal,Priority (PHH),4,1.0,0.9,0.9,46.1,2,2024-01-21 18:52:00,18,0,NORMAL
TXN-10542,BEN190,FPS-MAD-002,Madurai,Rice,Priority (PHH),5,25.0,18.4,0.736,28.0,2,2024-09-14 17:30:00,17,0,NORMAL
TXN-10543,BEN305,FPS-TIR-002,Tiruchirappalli,Wheat,Antyodaya Anna Yojana (AAY),4,10.0,9.5,0.95,1.6,2,2024-01-22 14:40:00,14,0,NORMAL
TXN-10544,BEN242,FPS-TIR-001,Tiruchirappalli,Dal,Non-Priority (NPHH),5,1.0,0.8,0.8,59.1,1,2024-06-24 14:14:00,14,0,NORMAL
TXN-10545,BEN112,FPS-CHE-001,Chennai,Rice,Antyodaya Anna Yojana (AAY),4,25.0,22.3,0.892,72.9,4,2024-03-05 15:54:00,15,0,NORMAL
TXN-10546,BEN246,FPS-MAD-002,Madurai,Rice,Priority (PHH),5,25.0,22.2,0.888,29.9,3,2024-07-29 17:21:00,17,0,NORMAL
TXN-10547,BEN228,FPS-SAL-001,Salem,Rice,Priority (PHH),3,15.0,11.7,0.78,25.3,4,2024-01-24 09:19:00,9,0,NORMAL
TXN-10548,BEN016,FPS-TIR-002,Tiruchirappalli,Rice,Antyodaya Anna Yojana (AAY),5,25.0,17.9,0.716,46.0,1,2024-06-10 14:52:00,14,0,NORMAL
TXN-10549,BEN223,FPS-COI-001,Coimbatore,Rice,Antyodaya Anna Yojana (AAY),3,25.0,23.8,0.952,30.8,1,2024-03-30 14:05:00,14,0,NORMAL
TXN-10550,BEN266,FPS-TIR-001,Tiruchirappalli,Wheat,Priority (PHH),4,8.0,6.7,0.837,6.2,2,2024-01-29 18:44:00,18,0,NORMAL
TXN-10551,BEN062,FPS-MAD-001,Madurai,Rice,Priority (PHH),5,25.0,22.0,0.88,7.5,3,2024-07-29 19:26:00,19,0,NORMAL
TXN-10552,BEN245,FPS-MAD-001,Madurai,Sugar,Non-Priority (NPHH),4,1.0,0.9,0.9,12.4,3,2024-06-06 12:00:00,12,0,NORMAL
TXN-10553,BEN335,FPS-MAD-002,Madurai,Rice,Non-Priority (NPHH),4,20.0,19.2,0.96,54.3,4,2024-03-17 12:53:00,12,0,NORMAL
TXN-10554,BEN207,FPS-TIR-002,Tiruchirappalli,Rice,Priority (PHH),3,15.0,13.3,0.887,30.6,3,2024-08-29 09:50:00,9,0,NORMAL
TXN-10555,BEN342,FPS-COI-001,Coimbatore,Rice,Priority (PHH),2,10.0,45.9,4.59,33.8,1,2024-03-06 15:52:00,15,1,SUSPICIOUS
TXN-10556,BEN002,FPS-CHE-002,Chennai,Rice,Antyodaya Anna Yojana (AAY),5,25.0,18.0,0.72,78.1,1,2024-08-30 11:24:00,11,0,NORMAL
TXN-10557,BEN106,FPS-TIR-001,Tiruchirappalli,Wheat,Non-Priority (NPHH),3,6.0,4.6,0.767,16.2,3,2024-02-04 08:51:00,8,0,NORMAL
TXN-10558,BEN098,FPS-TIR-002,Tiruchirappalli,Rice,Priority (PHH),4,20.0,19.5,0.975,2.8,2,2024-09-15 08:13:00,8,0,NORMAL
TXN-10559,BEN178,FPS-CHE-002,Chennai,Rice,Priority (PHH),4,20.0,14.7,0.735,63.2,4,2024-01-18 18:26:00,18,0,NORMAL
TXN-10560,BEN309,FPS-SAL-001,Salem,Rice,Non-Priority (NPHH),2,10.0,9.8,0.98,41.1,1,2024-09-16 10:26:00,10,0,NORMAL
TXN-10561,BEN082,FPS-COI-002,Coimbatore,Sugar,Priority (PHH),3,1.0,0.8,0.8,21.4,1,2024-04-08 13:32:00,13,0,NORMAL
TXN-10562,BEN154,FPS-COI-002,Coimbatore,Sugar,Non-Priority (NPHH),2,1.0,0.7,0.7,31.8,3,2024-05-21 10:28:00,10,0,NORMAL
TXN-10563,BEN216,FPS-COI-001,Coimbatore,Rice,Antyodaya Anna Yojana (AAY),5,25.0,18.5,0.74,24.8,3,2024-09-10 09:18:00,9,0,NORMAL
TXN-10564,BEN148,FPS-COI-001,Coimbatore,Wheat,Priority (PHH),2,4.0,3.5,0.875,54.3,3,2024-10-21 15:07:00,15,0,NORMAL
TXN-10565,BEN324,FPS-CHE-002,Chennai,Rice,Antyodaya Anna Yojana (AAY),2,25.0,22.8,0.912,10.1,3,2024-07-11 08:44:00,8,0,NORMAL
TXN-10566,BEN059,FPS-COI-002,Coimbatore,Rice,Priority (PHH),2,10.0,8.0,0.8,23.3,2,2024-04-28 15:32:00,15,0,NORMAL
TXN-10567,BEN113,FPS-CHE-001,Chennai,Dal,Priority (PHH),5,1.0,0.8,0.8,20.7,1,2024-02-06 18:21:00,18,0,NORMAL
TXN-10568,BEN089,FPS-MAD-002,Madurai,Dal,Antyodaya Anna Yojana (AAY),2,2.0,1.6,0.8,9.1,2,2024-10-11 17:31:00,17,0,NORMAL
TXN-10569,BEN226,FPS-SAL-001,Salem,Rice,Non-Priority (NPHH),5,25.0,22.6,0.904,13.5,1,2024-06-15 19:24:00,19,0,NORMAL
TXN-10570,BEN080,FPS-TIR-002,Tiruchirappalli,Wheat,Non-Priority (NPHH),3,6.0,5.5,0.917,164.6,3,2024-04-25 10:27:00,10,0,NORMAL
TXN-10571,BEN271,FPS-TIR-002,Tiruchirappalli,Sugar,Priority (PHH),3,1.0,0.9,0.9,5.5,2,2024-04-26 18:55:00,18,0,NORMAL
TXN-10572,BEN157,FPS-TIR-001,Tiruchirappalli,Sugar,Non-Priority (NPHH),2,1.0,0.9,0.9,11.7,3,2024-04-21 18:09:00,18,0,NORMAL
TXN-10573,BEN380,FPS-CHE-001,Chennai,Dal,Priority (PHH),3,1.0,0.7,0.7,75.4,2,2024-08-01 17:45:00,17,0,NORMAL
TXN-10574,BEN244,FPS-COI-002,Coimbatore,Dal,Priority (PHH),4,1.0,0.7,0.7,31.9,3,2024-03-11 11:28:00,11,0,NORMAL
TXN-10575,BEN232,FPS-CHE-001,Chennai,Rice,Priority (PHH),4,20.0,19.1,0.955,3.2,2,2024-07-27 19:09:00,19,0,NORMAL
TXN-10576,BEN024,FPS-SAL-002,Salem,Wheat,Priority (PHH),2,4.0,2.9,0.725,2.9,2,2024-10-18 14:09:00,14,0,NORMAL
TXN-10577,BEN369,FPS-SAL-001,Salem,Wheat,Antyodaya Anna Yojana (AAY),4,10.0,8.5,0.85,36.8,2,2024-01-09 11:13:00,11,0,NORMAL
TXN-10578,BEN147,FPS-TIR-001,Tiruchirappalli,Rice,Non-Priority (NPHH),3,15.0,11.0,0.733,8.6,1,2024-01-06 11:42:00,11,0,NORMAL
TXN-10579,BEN199,FPS-TIR-001,Tiruchirappalli,Sugar,Antyodaya Anna Yojana (AAY),4,2.0,1.9,0.95,5.1,5,2024-09-08 10:29:00,10,0,NORMAL
TXN-10580,BEN383,FPS-TIR-002,Tiruchirappalli,Wheat,Priority (PHH),2,4.0,3.7,0.925,19.8,3,2024-10-18 18:23:00,18,0,NORMAL
TXN-10581,BEN241,FPS-MAD-002,Madurai,Wheat,Priority (PHH),4,8.0,6.0,0.75,75.9,3,2024-01-16 15:08:00,15,0,NORMAL
TXN-10582,BEN355,FPS-MAD-002,Madurai,Rice,Non-Priority (NPHH),3,15.0,16.6,1.107,0.6,4,2024-07-08 16:31:00,16,1,SUSPICIOUS
TXN-10583,BEN095,FPS-CHE-002,Chennai,Rice,Antyodaya Anna Yojana (AAY),2,25.0,24.3,0.972,17.6,2,2024-05-17 14:17:00,14,0,NORMAL
TXN-10584,BEN190,FPS-MAD-001,Madurai,Wheat,Non-Priority (NPHH),2,4.0,3.4,0.85,46.2,1,2024-10-20 19:44:00,19,0,NORMAL
TXN-10585,BEN074,FPS-MAD-001,Madurai,Dal,Priority (PHH),3,1.0,0.9,0.9,8.3,2,2024-09-08 09:58:00,9,0,NORMAL
TXN-10586,BEN223,FPS-TIR-001,Tiruchirappalli,Wheat,Non-Priority (NPHH),2,4.0,3.2,0.8,20.3,3,2024-08-20 19:43:00,19,0,NORMAL
TXN-10587,BEN307,FPS-SAL-001,Salem,Sugar,Antyodaya Anna Yojana (AAY),2,2.0,1.6,0.8,7.6,2,2024-07-23 16:26:00,16,0,NORMAL
TXN-10588,BEN040,FPS-CHE-001,Chennai,Wheat,Antyodaya Anna Yojana (AAY),3,10.0,8.0,0.8,74.7,2,2024-01-09 11:20:00,11,0,NORMAL
TXN-10589,BEN037,FPS-SAL-002,Salem,Sugar,Priority (PHH),5,1.0,0.8,0.8,2.1,1,2024-10-08 11:08:00,11,0,NORMAL
TXN-10590,BEN300,FPS-MAD-001,Madurai,Rice,Priority (PHH),3,15.0,11.7,0.78,11.1,2,2024-09-11 14:14:00,14,0,NORMAL
TXN-10591,BEN145,FPS-COI-002,Coimbatore,Dal,Priority (PHH),5,1.0,0.7,0.7,3.0,2,2024-07-03 08:56:00,8,0,NORMAL
TXN-10592,BEN084,FPS-TIR-002,Tiruchirappalli,Sugar,Antyodaya Anna Yojana (AAY),2,2.0,1.8,0.9,35.2,1,2024-06-29 12:26:00,12,0,NORMAL
TXN-10593,BEN213,FPS-SAL-001,Salem,Rice,Non-Priority (NPHH),4,20.0,16.6,0.83,26.8,2,2024-09-16 09:51:00,9,0,NORMAL
TXN-10594,BEN257,FPS-CHE-002,Chennai,Rice,Antyodaya Anna Yojana (AAY),3,25.0,23.9,0.956,8.0,1,2024-01-15 09:38:00,9,0,NORMAL
TXN-10595,BEN353,FPS-SAL-001,Salem,Sugar,Non-Priority (NPHH),5,1.0,0.8,0.8,61.1,3,2024-05-25 13:46:00,13,0,NORMAL
TXN-10596,BEN145,FPS-CHE-002,Chennai,Wheat,Antyodaya Anna Yojana (AAY),4,10.0,7.6,0.76,5.1,1,2024-05-22 17:45:00,17,0,NORMAL
TXN-10597,BEN214,FPS-SAL-002,Salem,Wheat,Priority (PHH),2,4.0,3.7,0.925,32.1,1,2024-08-28 11:27:00,11,0,NORMAL
TXN-10598,BEN241,FPS-SAL-001,Salem,Rice,Priority (PHH),4,20.0,20.0,1.0,15.9,2,2024-03-11 18:02:00,18,0,NORMAL
TXN-10599,BEN350,FPS-CHE-002,Chennai,Rice,Priority (PHH),5,25.0,29.7,1.188,1.4,6,2024-04-02 11:37:00,11,1,SUSPICIOUS
TXN-10600,BEN264,FPS-SAL-001,Salem,Rice,Priority (PHH),5,25.0,20.8,0.832,36.3,2,2024-09-05 12:30:00,12,0,NORMAL
TXN-10601,BEN303,FPS-TIR-002,Tiruchirappalli,Sugar,Priority (PHH),3,1.0,0.9,0.9,16.1,5,2024-01-22 14:22:00,14,0,NORMAL
TXN-10602,BEN264,FPS-COI-002,Coimbatore,Rice,Priority (PHH),3,15.0,11.8,0.787,59.3,2,2024-04-30 15:50:00,15,0,NORMAL
TXN-10603,BEN082,FPS-TIR-001,Tiruchirappalli,Sugar,Priority (PHH),3,1.0,1.0,1.0,61.4,1,2024-03-10 15:24:00,15,0,NORMAL
TXN-10604,BEN279,FPS-MAD-001,Madurai,Rice,Priority (PHH),3,15.0,14.7,0.98,13.7,2,2024-03-30 11:15:00,11,0,NORMAL
TXN-10605,BEN128,FPS-CHE-001,Chennai,Dal,Antyodaya Anna Yojana (AAY),5,2.0,2.0,1.0,1.2,2,2024-07-04 16:43:00,16,0,NORMAL
TXN-10606,BEN106,FPS-SAL-002,Salem,Rice,Priority (PHH),5,25.0,21.1,0.844,40.7,1,2024-07-10 16:54:00,16,0,NORMAL
TXN-10607,BEN026,FPS-MAD-001,Madurai,Wheat,Antyodaya Anna Yojana (AAY),3,10.0,7.0,0.7,31.2,3,2024-08-16 19:41:00,19,0,NORMAL
TXN-10608,BEN075,FPS-SAL-002,Salem,Dal,Non-Priority (NPHH),3,1.0,0.8,0.8,4.0,1,2024-02-27 09:43:00,9,0,NORMAL
TXN-10609,BEN181,FPS-TIR-001,Tiruchirappalli,Wheat,Antyodaya Anna Yojana (AAY),3,10.0,8.7,0.87,16.7,1,2024-02-18 15:46:00,15,0,NORMAL
TXN-10610,BEN368,FPS-TIR-001,Tiruchirappalli,Rice,Priority (PHH),3,15.0,11.7,0.78,62.9,1,2024-06-07 17:45:00,17,0,NORMAL
TXN-10611,BEN361,FPS-SAL-002,Salem,Rice,Antyodaya Anna Yojana (AAY),3,25.0,22.7,0.908,126.4,1,2024-04-13 12:21:00,12,0,NORMAL
TXN-10612,BEN246,FPS-COI-001,Coimbatore,Sugar,Antyodaya Anna Yojana (AAY),2,2.0,1.7,0.85,86.9,2,2024-10-13 09:11:00,9,0,NORMAL
TXN-10613,BEN240,FPS-SAL-002,Salem,Dal,Priority (PHH),3,1.0,1.0,1.0,10.7,2,2024-02-18 08:49:00,8,0,NORMAL
TXN-10614,BEN157,FPS-CHE-001,Chennai,Dal,Priority (PHH),2,1.0,0.8,0.8,3.8,2,2024-03-12 11:26:00,11,0,NORMAL
TXN-10615,BEN133,FPS-SAL-001,Salem,Dal,Antyodaya Anna Yojana (AAY),5,2.0,1.9,0.95,1.8,4,2024-01-13 13:47:00,13,0,NORMAL
TXN-10616,BEN399,FPS-MAD-002,Madurai,Rice,Priority (PHH),2,10.0,9.5,0.95,19.7,2,2024-08-26 17:33:00,17,0,NORMAL
TXN-10617,BEN137,FPS-COI-001,Coimbatore,Sugar,Priority (PHH),5,1.0,1.0,1.0,2.8,2,2024-04-16 17:01:00,17,0,NORMAL
TXN-10618,BEN014,FPS-MAD-002,Madurai,Wheat,Antyodaya Anna Yojana (AAY),4,10.0,7.7,0.77,80.1,1,2024-07-13 09:30:00,9,0,NORMAL
TXN-10619,BEN067,FPS-MAD-002,Madurai,Rice,Priority (PHH),3,15.0,12.3,0.82,12.1,3,2024-05-14 09:31:00,9,0,NORMAL
TXN-10620,BEN373,FPS-MAD-001,Madurai,Sugar,Priority (PHH),3,1.0,0.9,0.9,35.6,3,2024-07-08 17:51:00,17,0,NORMAL
TXN-10621,BEN073,FPS-COI-001,Coimbatore,Rice,Non-Priority (NPHH),3,15.0,12.4,0.827,95.6,2,2024-06-19 19:02:00,19,0,NORMAL
TXN-10622,BEN265,FPS-MAD-001,Madurai,Rice,Non-Priority (NPHH),5,25.0,19.1,0.764,1.6,3,2024-03-28 09:39:00,9,0,NORMAL
TXN-10623,BEN092,FPS-COI-001,Coimbatore,Sugar,Antyodaya Anna Yojana (AAY),2,2.0,1.8,0.9,8.0,1,2024-02-22 16:37:00,16,0,NORMAL
TXN-10624,BEN395,FPS-MAD-002,Madurai,Rice,Non-Priority (NPHH),3,15.0,13.9,0.927,8.6,3,2024-08-10 12:17:00,12,0,NORMAL
TXN-10625,BEN298,FPS-CHE-001,Chennai,Rice,Non-Priority (NPHH),3,15.0,13.9,0.927,31.7,2,2024-06-23 11:38:00,11,0,NORMAL
TXN-10626,BEN123,FPS-COI-002,Coimbatore,Sugar,Priority (PHH),3,1.0,0.9,0.9,11.2,2,2024-01-21 08:18:00,8,0,NORMAL
TXN-10627,BEN185,FPS-COI-002,Coimbatore,Wheat,Priority (PHH),2,4.0,3.5,0.875,7.5,1,2024-05-02 13:42:00,13,0,NORMAL
TXN-10628,BEN394,FPS-CHE-002,Chennai,Wheat,Priority (PHH),2,4.0,3.1,0.775,1.7,1,2024-05-10 12:24:00,12,0,NORMAL
TXN-10629,BEN135,FPS-CHE-001,Chennai,Rice,Antyodaya Anna Yojana (AAY),3,25.0,24.6,0.984,10.8,4,2024-10-09 15:08:00,15,0,NORMAL
TXN-10630,BEN164,FPS-SAL-001,Salem,Sugar,Priority (PHH),3,1.0,0.8,0.8,9.1,1,2024-05-12 11:24:00,11,0,NORMAL
TXN-10631,BEN077,FPS-CHE-002,Chennai,Wheat,Antyodaya Anna Yojana (AAY),4,10.0,8.6,0.86,3.8,1,2024-02-24 14:00:00,14,0,NORMAL
TXN-10632,BEN067,FPS-COI-001,Coimbatore,Rice,Non-Priority (NPHH),4,20.0,14.3,0.715,2.5,2,2024-02-02 14:51:00,14,0,NORMAL
TXN-10633,BEN328,FPS-TIR-002,Tiruchirappalli,Rice,Priority (PHH),2,10.0,7.2,0.72,10.5,2,2024-05-07 17:42:00,17,0,NORMAL
TXN-10634,BEN063,FPS-TIR-002,Tiruchirappalli,Dal,Priority (PHH),2,1.0,0.7,0.7,25.3,3,2024-01-31 14:29:00,14,0,NORMAL
TXN-10635,BEN038,FPS-COI-002,Coimbatore,Rice,Antyodaya Anna Yojana (AAY),3,25.0,23.9,0.956,12.9,2,2024-07-08 15:02:00,15,0,NORMAL
TXN-10636,BEN115,FPS-CHE-002,Chennai,Wheat,Priority (PHH),2,4.0,2.9,0.725,37.9,2,2024-05-18 19:03:00,19,0,NORMAL
TXN-10637,BEN336,FPS-SAL-001,Salem,Rice,Antyodaya Anna Yojana (AAY),2,25.0,22.4,0.896,3.1,2,2024-05-06 15:05:00,15,0,NORMAL
TXN-10638,BEN158,FPS-CHE-002,Chennai,Sugar,Priority (PHH),3,1.0,0.9,0.9,9.9,3,2024-06-30 11:22:00,11,0,NORMAL
TXN-10639,BEN321,FPS-TIR-002,Tiruchirappalli,Rice,Priority (PHH),3,15.0,13.8,0.92,3.0,3,2024-10-04 13:25:00,13,0,NORMAL
TXN-10640,BEN215,FPS-CHE-002,Chennai,Wheat,Priority (PHH),4,8.0,7.5,0.937,107.3,1,2024-02-05 11:53:00,11,0,NORMAL
TXN-10641,BEN202,FPS-MAD-002,Madurai,Dal,Priority (PHH),5,1.0,0.8,0.8,101.3,3,2024-08-21 17:02:00,17,0,NORMAL
TXN-10642,BEN015,FPS-MAD-001,Madurai,Wheat,Priority (PHH),4,8.0,6.4,0.8,5.7,3,2024-03-24 16:31:00,16,0,NORMAL
TXN-10643,BEN389,FPS-TIR-001,Tiruchirappalli,Wheat,Priority (PHH),3,6.0,4.3,0.717,57.1,3,2024-01-05 14:14:00,14,0,NORMAL
TXN-10644,BEN082,FPS-MAD-002,Madurai,Rice,Antyodaya Anna Yojana (AAY),4,25.0,21.3,0.852,54.5,3,2024-04-06 11:46:00,11,0,NORMAL
TXN-10645,BEN121,FPS-MAD-002,Madurai,Rice,Priority (PHH),4,20.0,14.4,0.72,42.8,1,2024-06-09 18:49:00,18,0,NORMAL
TXN-10646,BEN139,FPS-CHE-001,Chennai,Dal,Priority (PHH),2,1.0,0.8,0.8,18.2,2,2024-02-11 09:06:00,9,0,NORMAL
TXN-10647,BEN105,FPS-COI-002,Coimbatore,Sugar,Priority (PHH),4,1.0,1.0,1.0,5.1,2,2024-09-21 15:59:00,15,0,NORMAL
TXN-10648,BEN341,FPS-TIR-002,Tiruchirappalli,Sugar,Priority (PHH),5,1.0,0.7,0.7,30.5,2,2024-07-08 11:34:00,11,0,NORMAL
TXN-10649,BEN049,FPS-COI-002,Coimbatore,Wheat,Priority (PHH),5,10.0,7.5,0.75,29.7,5,2024-05-27 15:00:00,15,0,NORMAL
TXN-10650,BEN209,FPS-COI-001,Coimbatore,Wheat,Priority (PHH),4,8.0,7.2,0.9,6.3,1,2024-08-29 09:35:00,9,0,NORMAL
TXN-10651,BEN339,FPS-TIR-001,Tiruchirappalli,Rice,Priority (PHH),3,15.0,13.7,0.913,5.9,1,2024-03-03 19:17:00,19,0,NORMAL
TXN-10652,BEN057,FPS-COI-001,Coimbatore,Rice,Priority (PHH),2,10.0,8.9,0.89,45.6,2,2024-01-24 18:37:00,18,0,NORMAL
TXN-10653,BEN245,FPS-COI-002,Coimbatore,Rice,Antyodaya Anna Yojana (AAY),5,25.0,21.3,0.852,98.0,2,2024-08-27 19:39:00,19,0,NORMAL
TXN-10654,BEN016,FPS-TIR-001,Tiruchirappalli,Rice,Antyodaya Anna Yojana (AAY),2,25.0,23.4,0.936,14.6,3,2024-09-24 12:54:00,12,0,NORMAL
TXN-10655,BEN382,FPS-MAD-001,Madurai,Rice,Priority (PHH),3,15.0,11.5,0.767,5.7,4,2024-08-25 10:28:00,10,0,NORMAL
TXN-10656,BEN332,FPS-MAD-002,Madurai,Rice,Priority (PHH),3,15.0,11.7,0.78,29.6,2,2024-07-05 09:40:00,9,0,NORMAL
TXN-10657,BEN080,FPS-COI-002,Coimbatore,Rice,Antyodaya Anna Yojana (AAY),5,25.0,22.7,0.908,46.8,2,2024-02-24 09:34:00,9,0,NORMAL
TXN-10658,BEN055,FPS-COI-002,Coimbatore,Rice,Non-Priority (NPHH),5,25.0,22.4,0.896,37.3,3,2024-06-01 12:13:00,12,0,NORMAL
TXN-10659,BEN301,FPS-MAD-002,Madurai,Dal,Non-Priority (NPHH),5,1.0,1.0,1.0,9.8,3,2024-06-06 12:56:00,12,0,NORMAL
TXN-10660,BEN317,FPS-SAL-001,Salem,Dal,Priority (PHH),4,1.0,0.8,0.8,62.8,3,2024-05-12 11:30:00,11,0,NORMAL
TXN-10661,BEN330,FPS-TIR-001,Tiruchirappalli,Wheat,Priority (PHH),2,4.0,2.9,0.725,28.1,2,2024-08-15 12:44:00,12,0,NORMAL
TXN-10662,BEN380,FPS-TIR-002,Tiruchirappalli,Wheat,Priority (PHH),3,6.0,5.0,0.833,16.9,1,2024-10-19 12:24:00,12,0,NORMAL
TXN-10663,BEN189,FPS-TIR-002,Tiruchirappalli,Rice,Priority (PHH),3,15.0,14.6,0.973,26.4,4,2024-06-18 18:36:00,18,0,NORMAL
TXN-10664,BEN286,FPS-SAL-002,Salem,Wheat,Priority (PHH),2,4.0,3.4,0.85,27.9,2,2024-05-22 13:13:00,13,0,NORMAL
TXN-10665,BEN301,FPS-TIR-001,Tiruchirappalli,Rice,Priority (PHH),4,20.0,15.3,0.765,41.5,4,2024-06-02 12:50:00,12,0,NORMAL
TXN-10666,BEN171,FPS-MAD-001,Madurai,Dal,Non-Priority (NPHH),3,1.0,0.8,0.8,3.0,1,2024-06-07 17:17:00,17,0,NORMAL
TXN-10667,BEN115,FPS-SAL-002,Salem,Wheat,Priority (PHH),5,10.0,9.8,0.98,1.4,4,2024-09-16 17:08:00,17,1,SUSPICIOUS
TXN-10668,BEN265,FPS-CHE-002,Chennai,Rice,Priority (PHH),5,25.0,19.9,0.796,17.3,2,2024-02-05 13:08:00,13,0,NORMAL
TXN-10669,BEN299,FPS-TIR-002,Tiruchirappalli,Rice,Antyodaya Anna Yojana (AAY),3,25.0,17.9,0.716,9.4,4,2024-08-10 16:28:00,16,0,NORMAL
TXN-10670,BEN320,FPS-TIR-002,Tiruchirappalli,Rice,Priority (PHH),5,25.0,23.0,0.92,16.2,1,2024-04-28 15:52:00,15,0,NORMAL
TXN-10671,BEN239,FPS-TIR-002,Tiruchirappalli,Wheat,Priority (PHH),4,8.0,6.0,0.75,20.2,2,2024-06-15 15:31:00,15,0,NORMAL
TXN-10672,BEN162,FPS-CHE-002,Chennai,Rice,Priority (PHH),2,10.0,7.5,0.75,32.9,1,2024-09-10 09:11:00,9,0,NORMAL
TXN-10673,BEN399,FPS-TIR-001,Tiruchirappalli,Rice,Non-Priority (NPHH),3,15.0,11.5,0.767,47.8,3,2024-08-26 08:03:00,8,0,NORMAL
TXN-10674,BEN249,FPS-COI-001,Coimbatore,Wheat,Priority (PHH),2,4.0,2.9,0.725,9.4,2,2024-07-30 15:57:00,15,0,NORMAL
TXN-10675,BEN043,FPS-COI-002,Coimbatore,Sugar,Priority (PHH),4,1.0,0.7,0.7,14.1,2,2024-02-28 19:45:00,19,0,NORMAL
TXN-10676,BEN285,FPS-CHE-001,Chennai,Sugar,Priority (PHH),5,1.0,1.5,1.5,5.7,1,2024-07-22 23:40:00,23,1,SUSPICIOUS
TXN-10677,BEN178,FPS-TIR-001,Tiruchirappalli,Sugar,Priority (PHH),3,1.0,0.7,0.7,21.5,5,2024-07-21 15:34:00,15,0,NORMAL
TXN-10678,BEN006,FPS-MAD-002,Madurai,Wheat,Priority (PHH),3,6.0,4.3,0.717,3.4,2,2024-05-24 17:29:00,17,0,NORMAL
TXN-10679,BEN119,FPS-CHE-001,Chennai,Rice,Priority (PHH),2,10.0,8.3,0.83,7.0,2,2024-05-21 17:28:00,17,0,NORMAL
TXN-10680,BEN344,FPS-TIR-001,Tiruchirappalli,Rice,Priority (PHH),2,10.0,7.6,0.76,44.3,3,2024-05-14 08:33:00,8,0,NORMAL
TXN-10681,BEN325,FPS-COI-002,Coimbatore,Rice,Priority (PHH),2,10.0,45.0,4.5,25.7,1,2024-08-05 13:46:00,13,1,SUSPICIOUS
TXN-10682,BEN315,FPS-MAD-001,Madurai,Wheat,Priority (PHH),3,6.0,5.0,0.833,40.2,5,2024-09-18 08:05:00,8,0,NORMAL
TXN-10683,BEN017,FPS-CHE-001,Chennai,Rice,Priority (PHH),3,15.0,13.9,0.927,23.5,2,2024-07-02 13:22:00,13,0,NORMAL
TXN-10684,BEN031,FPS-TIR-002,Tiruchirappalli,Wheat,Antyodaya Anna Yojana (AAY),2,10.0,8.7,0.87,40.3,3,2024-07-13 11:54:00,11,0,NORMAL
TXN-10685,BEN300,FPS-CHE-001,Chennai,Rice,Non-Priority (NPHH),3,15.0,10.9,0.727,40.4,2,2024-07-04 13:49:00,13,0,NORMAL
TXN-10686,BEN044,FPS-TIR-002,Tiruchirappalli,Rice,Priority (PHH),4,20.0,17.4,0.87,6.3,1,2024-07-24 09:26:00,9,0,NORMAL
TXN-10687,BEN179,FPS-CHE-002,Chennai,Dal,Priority (PHH),2,1.0,1.0,1.0,19.2,1,2024-06-07 09:11:00,9,0,NORMAL
TXN-10688,BEN390,FPS-MAD-001,Madurai,Rice,Priority (PHH),4,20.0,16.4,0.82,90.9,2,2024-05-25 13:55:00,13,0,NORMAL
TXN-10689,BEN387,FPS-TIR-001,Tiruchirappalli,Rice,Priority (PHH),3,15.0,12.5,0.833,12.6,1,2024-01-27 16:56:00,16,0,NORMAL
TXN-10690,BEN143,FPS-CHE-002,Chennai,Dal,Priority (PHH),5,1.0,0.8,0.8,17.8,1,2024-04-07 16:14:00,16,0,NORMAL
TXN-10691,BEN019,FPS-COI-001,Coimbatore,Dal,Priority (PHH),3,1.0,0.8,0.8,3.8,4,2024-08-17 19:58:00,19,0,NORMAL
TXN-10692,BEN300,FPS-COI-001,Coimbatore,Sugar,Priority (PHH),5,1.0,0.8,0.8,39.6,5,2024-08-21 16:25:00,16,0,NORMAL
TXN-10693,BEN107,FPS-SAL-002,Salem,Rice,Non-Priority (NPHH),2,10.0,15.0,1.5,8.1,2,2024-05-12 23:01:00,23,1,SUSPICIOUS
TXN-10694,BEN089,FPS-SAL-002,Salem,Sugar,Priority (PHH),4,1.0,0.8,0.8,27.8,3,2024-06-04 09:58:00,9,0,NORMAL
TXN-10695,BEN377,FPS-SAL-001,Salem,Sugar,Priority (PHH),4,1.0,0.7,0.7,19.8,1,2024-08-23 16:50:00,16,0,NORMAL
TXN-10696,BEN021,FPS-SAL-002,Salem,Rice,Priority (PHH),4,20.0,60.0,3.0,91.5,4,2024-05-14 17:14:00,17,1,SUSPICIOUS
TXN-10697,BEN094,FPS-COI-001,Coimbatore,Rice,Priority (PHH),2,10.0,9.2,0.92,4.0,2,2024-04-20 08:00:00,8,0,NORMAL
TXN-10698,BEN260,FPS-CHE-001,Chennai,Wheat,Priority (PHH),4,8.0,5.6,0.7,3.4,3,2024-07-29 11:22:00,11,0,NORMAL
TXN-10699,BEN202,FPS-SAL-002,Salem,Rice,Priority (PHH),3,15.0,14.9,0.993,13.1,4,2024-01-14 10:32:00,10,0,NORMAL
TXN-10700,BEN202,FPS-COI-002,Coimbatore,Sugar,Antyodaya Anna Yojana (AAY),3,2.0,1.6,0.8,25.0,3,2024-10-04 10:10:00,10,0,NORMAL
TXN-10701,BEN121,FPS-SAL-002,Salem,Dal,Priority (PHH),5,1.0,0.8,0.8,22.8,5,2024-03-26 11:36:00,11,0,NORMAL
TXN-10702,BEN055,FPS-COI-002,Coimbatore,Rice,Priority (PHH),5,25.0,23.7,0.948,2.1,3,2024-08-18 08:08:00,8,0,NORMAL
TXN-10703,BEN320,FPS-MAD-002,Madurai,Wheat,Priority (PHH),2,4.0,3.0,0.75,46.0,1,2024-03-16 08:14:00,8,0,NORMAL
TXN-10704,BEN379,FPS-TIR-001,Tiruchirappalli,Rice,Priority (PHH),3,15.0,11.7,0.78,9.0,1,2024-03-23 19:43:00,19,0,NORMAL
TXN-10705,BEN292,FPS-COI-002,Coimbatore,Rice,Non-Priority (NPHH),3,15.0,14.5,0.967,13.0,2,2024-05-25 13:42:00,13,0,NORMAL
TXN-10706,BEN228,FPS-COI-001,Coimbatore,Wheat,Priority (PHH),3,6.0,5.1,0.85,46.7,2,2024-01-02 17:02:00,17,0,NORMAL
TXN-10707,BEN131,FPS-TIR-002,Tiruchirappalli,Rice,Non-Priority (NPHH),3,15.0,11.5,0.767,50.6,2,2024-08-07 11:12:00,11,0,NORMAL
TXN-10708,BEN068,FPS-TIR-002,Tiruchirappalli,Wheat,Priority (PHH),3,6.0,5.9,0.983,21.8,2,2024-07-25 08:31:00,8,0,NORMAL
TXN-10709,BEN349,FPS-CHE-002,Chennai,Rice,Antyodaya Anna Yojana (AAY),5,25.0,22.6,0.904,21.9,1,2024-03-05 17:12:00,17,0,NORMAL
TXN-10710,BEN335,FPS-COI-001,Coimbatore,Wheat,Priority (PHH),3,6.0,4.2,0.7,51.4,4,2024-08-18 11:17:00,11,0,NORMAL
TXN-10711,BEN246,FPS-TIR-002,Tiruchirappalli,Wheat,Non-Priority (NPHH),2,4.0,3.4,0.85,17.0,3,2024-04-16 15:38:00,15,0,NORMAL
TXN-10712,BEN087,FPS-COI-002,Coimbatore,Wheat,Priority (PHH),4,8.0,6.0,0.75,11.8,1,2024-06-20 12:16:00,12,0,NORMAL
TXN-10713,BEN112,FPS-SAL-002,Salem,Wheat,Priority (PHH),4,8.0,6.1,0.762,10.6,1,2024-02-20 17:48:00,17,0,NORMAL
TXN-10714,BEN146,FPS-SAL-002,Salem,Wheat,Priority (PHH),2,4.0,3.4,0.85,7.2,3,2024-04-24 15:56:00,15,0,NORMAL
TXN-10715,BEN154,FPS-CHE-001,Chennai,Rice,Priority (PHH),2,10.0,8.2,0.82,13.5,3,2024-03-26 08:02:00,8,0,NORMAL
TXN-10716,BEN281,FPS-TIR-002,Tiruchirappalli,Wheat,Non-Priority (NPHH),3,6.0,5.1,0.85,12.0,2,2024-05-10 10:36:00,10,0,NORMAL
TXN-10717,BEN158,FPS-MAD-001,Madurai,Wheat,Antyodaya Anna Yojana (AAY),2,10.0,7.6,0.76,47.5,2,2024-03-30 18:24:00,18,0,NORMAL
TXN-10718,BEN386,FPS-CHE-001,Chennai,Wheat,Priority (PHH),5,10.0,9.1,0.91,39.3,3,2024-03-25 15:09:00,15,0,NORMAL
TXN-10719,BEN084,FPS-SAL-002,Salem,Rice,Priority (PHH),3,15.0,14.9,0.993,29.1,2,2024-01-30 16:26:00,16,0,NORMAL
TXN-10720,BEN302,FPS-CHE-002,Chennai,Rice,Priority (PHH),3,15.0,12.7,0.847,11.2,1,2024-09-17 18:38:00,18,0,NORMAL
TXN-10721,BEN215,FPS-SAL-002,Salem,Rice,Priority (PHH),3,15.0,11.1,0.74,46.2,1,2024-10-20 13:11:00,13,0,NORMAL
TXN-10722,BEN307,FPS-CHE-002,Chennai,Sugar,Antyodaya Anna Yojana (AAY),5,2.0,2.0,1.0,29.9,1,2024-01-31 13:02:00,13,0,NORMAL
TXN-10723,BEN032,FPS-SAL-001,Salem,Wheat,Antyodaya Anna Yojana (AAY),4,10.0,7.5,0.75,24.0,1,2024-10-05 18:09:00,18,0,NORMAL
TXN-10724,BEN346,FPS-TIR-002,Tiruchirappalli,Rice,Priority (PHH),3,15.0,14.2,0.947,1.6,3,2024-01-14 15:47:00,15,0,NORMAL
TXN-10725,BEN381,FPS-COI-002,Coimbatore,Rice,Non-Priority (NPHH),4,20.0,18.2,0.91,22.1,4,2024-04-29 17:20:00,17,0,NORMAL
TXN-10726,BEN318,FPS-COI-002,Coimbatore,Wheat,Antyodaya Anna Yojana (AAY),5,10.0,8.3,0.83,4.1,1,2024-05-07 12:47:00,12,0,NORMAL
TXN-10727,BEN045,FPS-CHE-002,Chennai,Wheat,Priority (PHH),2,4.0,3.4,0.85,22.2,2,2024-02-11 16:10:00,16,0,NORMAL
TXN-10728,BEN360,FPS-CHE-002,Chennai,Wheat,Priority (PHH),2,4.0,3.9,0.975,2.0,1,2024-07-17 10:39:00,10,0,NORMAL
TXN-10729,BEN006,FPS-TIR-001,Tiruchirappalli,Dal,Priority (PHH),2,1.0,0.8,0.8,42.5,4,2024-08-17 15:40:00,15,0,NORMAL
TXN-10730,BEN059,FPS-COI-001,Coimbatore,Rice,Priority (PHH),4,20.0,16.4,0.82,7.6,3,2024-09-27 16:19:00,16,0,NORMAL
TXN-10731,BEN068,FPS-COI-002,Coimbatore,Rice,Priority (PHH),2,10.0,9.6,0.96,25.7,3,2024-08-17 17:39:00,17,0,NORMAL
TXN-10732,BEN279,FPS-COI-002,Coimbatore,Wheat,Priority (PHH),4,8.0,6.5,0.812,27.8,1,2024-03-04 09:17:00,9,0,NORMAL
TXN-10733,BEN320,FPS-TIR-001,Tiruchirappalli,Wheat,Priority (PHH),4,8.0,7.4,0.925,21.2,4,2024-03-27 14:37:00,14,0,NORMAL
TXN-10734,BEN015,FPS-SAL-002,Salem,Dal,Priority (PHH),4,1.0,0.9,0.9,30.6,3,2024-09-06 19:56:00,19,0,NORMAL
TXN-10735,BEN257,FPS-SAL-001,Salem,Rice,Non-Priority (NPHH),3,15.0,13.6,0.907,81.3,4,2024-09-05 12:58:00,12,0,NORMAL
TXN-10736,BEN266,FPS-MAD-001,Madurai,Rice,Antyodaya Anna Yojana (AAY),3,25.0,20.4,0.816,3.9,2,2024-01-15 16:09:00,16,0,NORMAL
TXN-10737,BEN370,FPS-CHE-002,Chennai,Rice,Non-Priority (NPHH),2,10.0,8.2,0.82,35.4,3,2024-06-21 10:17:00,10,0,NORMAL
TXN-10738,BEN044,FPS-COI-002,Coimbatore,Sugar,Antyodaya Anna Yojana (AAY),5,2.0,1.8,0.9,31.5,2,2024-06-08 09:38:00,9,0,NORMAL
TXN-10739,BEN355,FPS-MAD-001,Madurai,Rice,Priority (PHH),4,20.0,17.2,0.86,15.7,1,2024-01-17 09:33:00,9,0,NORMAL
TXN-10740,BEN153,FPS-MAD-001,Madurai,Wheat,Priority (PHH),2,4.0,4.6,1.15,1.0,4,2024-04-26 16:27:00,16,1,SUSPICIOUS
TXN-10741,BEN063,FPS-SAL-002,Salem,Rice,Priority (PHH),5,25.0,18.2,0.728,8.7,3,2024-03-11 12:49:00,12,0,NORMAL
TXN-10742,BEN195,FPS-TIR-002,Tiruchirappalli,Dal,Priority (PHH),2,1.0,0.8,0.8,67.5,3,2024-06-08 09:45:00,9,0,NORMAL
TXN-10743,BEN212,FPS-MAD-001,Madurai,Rice,Priority (PHH),2,10.0,10.0,1.0,70.6,3,2024-08-10 18:33:00,18,0,NORMAL
TXN-10744,BEN100,FPS-COI-001,Coimbatore,Wheat,Priority (PHH),4,8.0,6.7,0.837,3.2,3,2024-03-04 19:18:00,19,0,NORMAL
TXN-10745,BEN107,FPS-TIR-001,Tiruchirappalli,Dal,Priority (PHH),4,1.0,1.0,1.0,2.4,5,2024-04-30 13:49:00,13,0,NORMAL
TXN-10746,BEN145,FPS-COI-002,Coimbatore,Rice,Priority (PHH),4,20.0,14.5,0.725,13.8,1,2024-05-29 16:26:00,16,0,NORMAL
TXN-10747,BEN341,FPS-COI-002,Coimbatore,Rice,Priority (PHH),3,15.0,22.5,1.5,7.4,4,2024-04-28 23:16:00,23,1,SUSPICIOUS
TXN-10748,BEN188,FPS-MAD-001,Madurai,Wheat,Priority (PHH),5,10.0,7.6,0.76,28.9,1,2024-05-09 19:37:00,19,0,NORMAL
TXN-10749,BEN002,FPS-COI-001,Coimbatore,Dal,Priority (PHH),2,1.0,1.0,1.0,7.8,1,2024-06-17 18:26:00,18,0,NORMAL
TXN-10750,BEN118,FPS-CHE-002,Chennai,Wheat,Priority (PHH),5,10.0,8.4,0.84,71.0,1,2024-04-02 18:09:00,18,0,NORMAL
TXN-10751,BEN143,FPS-CHE-001,Chennai,Rice,Priority (PHH),4,20.0,16.9,0.845,21.4,2,2024-10-17 16:58:00,16,0,NORMAL
TXN-10752,BEN177,FPS-SAL-001,Salem,Sugar,Antyodaya Anna Yojana (AAY),3,2.0,1.4,0.7,49.0,4,2024-08-20 08:58:00,8,0,NORMAL
TXN-10753,BEN182,FPS-SAL-001,Salem,Dal,Antyodaya Anna Yojana (AAY),2,2.0,1.8,0.9,15.9,3,2024-07-14 11:15:00,11,0,NORMAL
TXN-10754,BEN060,FPS-MAD-002,Madurai,Rice,Priority (PHH),5,25.0,99.5,3.98,29.6,2,2024-01-19 09:48:00,9,1,SUSPICIOUS
TXN-10755,BEN157,FPS-SAL-002,Salem,Wheat,Priority (PHH),4,8.0,6.3,0.787,24.5,3,2024-01-07 08:53:00,8,0,NORMAL
TXN-10756,BEN053,FPS-TIR-002,Tiruchirappalli,Sugar,Non-Priority (NPHH),2,1.0,0.8,0.8,90.6,2,2024-09-15 08:49:00,8,0,NORMAL
TXN-10757,BEN081,FPS-COI-002,Coimbatore,Wheat,Antyodaya Anna Yojana (AAY),4,10.0,8.5,0.85,5.9,3,2024-09-25 12:49:00,12,0,NORMAL
TXN-10758,BEN047,FPS-SAL-002,Salem,Rice,Priority (PHH),3,15.0,14.4,0.96,11.4,2,2024-07-05 13:48:00,13,0,NORMAL
TXN-10759,BEN151,FPS-MAD-002,Madurai,Wheat,Antyodaya Anna Yojana (AAY),4,10.0,7.4,0.74,40.8,2,2024-08-01 16:46:00,16,0,NORMAL
TXN-10760,BEN192,FPS-CHE-002,Chennai,Rice,Priority (PHH),5,25.0,20.5,0.82,3.7,1,2024-05-25 18:17:00,18,0,NORMAL
TXN-10761,BEN302,FPS-SAL-002,Salem,Dal,Non-Priority (NPHH),5,1.0,0.7,0.7,65.9,2,2024-05-05 16:23:00,16,0,NORMAL
TXN-10762,BEN158,FPS-SAL-002,Salem,Rice,Non-Priority (NPHH),3,15.0,15.0,1.0,27.5,1,2024-10-05 12:12:00,12,0,NORMAL
TXN-10763,BEN352,FPS-TIR-001,Tiruchirappalli,Sugar,Antyodaya Anna Yojana (AAY),5,2.0,1.5,0.75,6.4,2,2024-08-17 08:42:00,8,0,NORMAL
TXN-10764,BEN309,FPS-TIR-001,Tiruchirappalli,Sugar,Antyodaya Anna Yojana (AAY),2,2.0,1.6,0.8,50.3,2,2024-09-04 17:05:00,17,0,NORMAL
TXN-10765,BEN234,FPS-CHE-001,Chennai,Sugar,Priority (PHH),4,1.0,0.8,0.8,22.0,4,2024-07-23 08:07:00,8,0,NORMAL
TXN-10766,BEN089,FPS-CHE-001,Chennai,Sugar,Non-Priority (NPHH),2,1.0,0.9,0.9,8.3,6,2024-08-28 17:30:00,17,0,NORMAL
TXN-10767,BEN368,FPS-MAD-002,Madurai,Dal,Antyodaya Anna Yojana (AAY),5,2.0,1.6,0.8,56.1,2,2024-05-05 16:57:00,16,0,NORMAL
TXN-10768,BEN083,FPS-MAD-002,Madurai,Wheat,Priority (PHH),4,8.0,6.2,0.775,17.8,2,2024-07-04 19:03:00,19,0,NORMAL
TXN-10769,BEN149,FPS-TIR-002,Tiruchirappalli,Dal,Antyodaya Anna Yojana (AAY),3,2.0,1.7,0.85,56.5,1,2024-07-05 10:53:00,10,0,NORMAL
TXN-10770,BEN049,FPS-CHE-001,Chennai,Dal,Priority (PHH),5,1.0,0.8,0.8,16.6,2,2024-10-09 16:31:00,16,0,NORMAL
TXN-10771,BEN197,FPS-MAD-002,Madurai,Sugar,Antyodaya Anna Yojana (AAY),5,2.0,1.8,0.9,64.7,2,2024-02-17 10:56:00,10,0,NORMAL
TXN-10772,BEN289,FPS-CHE-002,Chennai,Dal,Non-Priority (NPHH),3,1.0,0.9,0.9,9.8,2,2024-10-01 18:04:00,18,0,NORMAL
TXN-10773,BEN315,FPS-TIR-002,Tiruchirappalli,Rice,Antyodaya Anna Yojana (AAY),2,25.0,24.3,0.972,19.2,3,2024-03-26 15:14:00,15,0,NORMAL
TXN-10774,BEN214,FPS-MAD-001,Madurai,Wheat,Priority (PHH),5,10.0,9.0,0.9,3.7,1,2024-01-06 19:30:00,19,0,NORMAL
TXN-10775,BEN078,FPS-CHE-002,Chennai,Rice,Priority (PHH),2,10.0,7.8,0.78,36.7,1,2024-01-25 11:33:00,11,0,NORMAL
TXN-10776,BEN221,FPS-COI-001,Coimbatore,Rice,Priority (PHH),5,25.0,19.2,0.768,12.8,2,2024-08-08 19:25:00,19,0,NORMAL
TXN-10777,BEN247,FPS-MAD-002,Madurai,Rice,Non-Priority (NPHH),4,20.0,16.1,0.805,11.2,3,2024-03-09 13:03:00,13,0,NORMAL
TXN-10778,BEN304,FPS-COI-001,Coimbatore,Wheat,Antyodaya Anna Yojana (AAY),5,10.0,8.8,0.88,12.1,2,2024-06-07 13:13:00,13,0,NORMAL
TXN-10779,BEN320,FPS-MAD-001,Madurai,Rice,Priority (PHH),2,10.0,7.7,0.77,9.2,1,2024-03-22 18:36:00,18,0,NORMAL
TXN-10780,BEN050,FPS-TIR-001,Tiruchirappalli,Rice,Antyodaya Anna Yojana (AAY),5,25.0,22.3,0.892,89.3,4,2024-08-22 10:26:00,10,0,NORMAL
TXN-10781,BEN033,FPS-COI-002,Coimbatore,Wheat,Non-Priority (NPHH),5,10.0,9.3,0.93,84.1,4,2024-01-12 08:09:00,8,0,NORMAL
TXN-10782,BEN371,FPS-SAL-002,Salem,Sugar,Priority (PHH),4,1.0,0.8,0.8,6.6,1,2024-03-01 18:13:00,18,0,NORMAL
TXN-10783,BEN135,FPS-COI-001,Coimbatore,Wheat,Priority (PHH),5,10.0,9.6,0.96,3.0,2,2024-07-24 08:12:00,8,0,NORMAL
TXN-10784,BEN090,FPS-SAL-001,Salem,Dal,Priority (PHH),5,1.0,0.7,0.7,8.8,2,2024-04-27 17:58:00,17,0,NORMAL
TXN-10785,BEN146,FPS-TIR-001,Tiruchirappalli,Wheat,Non-Priority (NPHH),3,6.0,4.2,0.7,8.7,1,2024-05-08 13:40:00,13,0,NORMAL
TXN-10786,BEN102,FPS-COI-001,Coimbatore,Rice,Antyodaya Anna Yojana (AAY),4,25.0,22.0,0.88,18.0,2,2024-08-30 13:27:00,13,0,NORMAL
TXN-10787,BEN377,FPS-COI-001,Coimbatore,Rice,Non-Priority (NPHH),3,15.0,38.5,2.567,23.5,2,2024-02-26 08:37:00,8,1,SUSPICIOUS
TXN-10788,BEN379,FPS-TIR-001,Tiruchirappalli,Wheat,Antyodaya Anna Yojana (AAY),4,10.0,8.6,0.86,26.2,3,2024-01-04 13:19:00,13,0,NORMAL
TXN-10789,BEN277,FPS-TIR-002,Tiruchirappalli,Wheat,Priority (PHH),5,10.0,7.9,0.79,5.0,3,2024-02-19 14:53:00,14,0,NORMAL
TXN-10790,BEN320,FPS-MAD-001,Madurai,Rice,Priority (PHH),5,25.0,20.0,0.8,24.4,1,2024-06-29 19:01:00,19,0,NORMAL
TXN-10791,BEN211,FPS-CHE-002,Chennai,Rice,Priority (PHH),5,25.0,20.9,0.836,90.5,1,2024-03-05 15:23:00,15,0,NORMAL
TXN-10792,BEN365,FPS-TIR-001,Tiruchirappalli,Wheat,Antyodaya Anna Yojana (AAY),2,10.0,9.1,0.91,14.6,4,2024-04-01 15:16:00,15,0,NORMAL
TXN-10793,BEN397,FPS-SAL-002,Salem,Rice,Priority (PHH),5,25.0,18.9,0.756,1.4,1,2024-05-10 11:05:00,11,0,NORMAL
TXN-10794,BEN028,FPS-TIR-001,Tiruchirappalli,Sugar,Antyodaya Anna Yojana (AAY),3,2.0,1.4,0.7,10.8,2,2024-06-14 08:21:00,8,0,NORMAL
TXN-10795,BEN291,FPS-MAD-001,Madurai,Rice,Priority (PHH),5,25.0,23.2,0.928,8.5,2,2024-01-23 11:39:00,11,0,NORMAL
TXN-10796,BEN328,FPS-CHE-002,Chennai,Rice,Priority (PHH),3,15.0,12.8,0.853,5.1,4,2024-04-03 13:53:00,13,0,NORMAL
TXN-10797,BEN143,FPS-MAD-002,Madurai,Rice,Priority (PHH),5,25.0,19.9,0.796,8.1,1,2024-10-13 10:56:00,10,0,NORMAL
TXN-10798,BEN354,FPS-CHE-002,Chennai,Dal,Priority (PHH),2,1.0,0.7,0.7,13.2,3,2024-03-03 11:55:00,11,0,NORMAL
TXN-10799,BEN069,FPS-TIR-002,Tiruchirappalli,Rice,Priority (PHH),5,25.0,21.4,0.856,94.9,1,2024-02-24 13:50:00,13,0,NORMAL
TXN-10800,BEN185,FPS-TIR-001,Tiruchirappalli,Rice,Antyodaya Anna Yojana (AAY),4,25.0,24.8,0.992,11.7,2,2024-02-09 13:56:00,13,0,NORMAL
TXN-10801,BEN096,FPS-TIR-001,Tiruchirappalli,Dal,Antyodaya Anna Yojana (AAY),3,2.0,1.8,0.9,31.8,1,2024-10-08 11:42:00,11,0,NORMAL
TXN-10802,BEN301,FPS-CHE-002,Chennai,Sugar,Priority (PHH),2,1.0,0.8,0.8,7.8,2,2024-05-19 13:22:00,13,0,NORMAL
TXN-10803,BEN311,FPS-TIR-002,Tiruchirappalli,Rice,Non-Priority (NPHH),3,15.0,11.2,0.747,13.3,1,2024-08-20 19:18:00,19,0,NORMAL
TXN-10804,BEN184,FPS-CHE-001,Chennai,Dal,Priority (PHH),4,1.0,4.3,4.3,19.4,2,2024-02-24 10:13:00,10,1,SUSPICIOUS
TXN-10805,BEN287,FPS-MAD-001,Madurai,Wheat,Priority (PHH),3,6.0,5.8,0.967,22.9,1,2024-08-26 16:18:00,16,0,NORMAL
TXN-10806,BEN176,FPS-SAL-002,Salem,Dal,Priority (PHH),4,1.0,0.8,0.8,2.0,4,2024-07-18 14:03:00,14,0,NORMAL
TXN-10807,BEN332,FPS-SAL-002,Salem,Sugar,Priority (PHH),3,1.0,1.0,1.0,58.9,3,2024-07-17 15:22:00,15,0,NORMAL
TXN-10808,BEN154,FPS-TIR-001,Tiruchirappalli,Dal,Priority (PHH),2,1.0,0.8,0.8,6.4,1,2024-09-24 14:00:00,14,0,NORMAL
TXN-10809,BEN115,FPS-COI-001,Coimbatore,Wheat,Priority (PHH),2,4.0,3.7,0.925,30.2,1,2024-03-28 09:33:00,9,0,NORMAL
TXN-10810,BEN151,FPS-SAL-002,Salem,Sugar,Priority (PHH),4,1.0,0.9,0.9,43.0,1,2024-09-13 10:47:00,10,0,NORMAL
TXN-10811,BEN057,FPS-MAD-002,Madurai,Rice,Priority (PHH),3,15.0,11.5,0.767,6.1,1,2024-09-25 15:42:00,15,0,NORMAL
TXN-10812,BEN018,FPS-TIR-002,Tiruchirappalli,Wheat,Priority (PHH),4,8.0,5.7,0.712,2.3,2,2024-09-23 11:18:00,11,0,NORMAL
TXN-10813,BEN071,FPS-COI-001,Coimbatore,Rice,Non-Priority (NPHH),2,10.0,7.4,0.74,9.8,1,2024-06-24 15:23:00,15,0,NORMAL
TXN-10814,BEN006,FPS-CHE-002,Chennai,Dal,Priority (PHH),2,1.0,1.0,1.0,16.3,2,2024-04-25 13:07:00,13,0,NORMAL
TXN-10815,BEN010,FPS-CHE-002,Chennai,Wheat,Priority (PHH),5,10.0,7.3,0.73,4.5,2,2024-08-26 11:15:00,11,0,NORMAL
TXN-10816,BEN306,FPS-CHE-002,Chennai,Rice,Priority (PHH),4,20.0,19.9,0.995,40.0,3,2024-02-27 10:08:00,10,0,NORMAL
TXN-10817,BEN160,FPS-MAD-002,Madurai,Sugar,Non-Priority (NPHH),4,1.0,0.8,0.8,43.9,2,2024-04-29 12:38:00,12,0,NORMAL
TXN-10818,BEN049,FPS-TIR-001,Tiruchirappalli,Rice,Priority (PHH),4,20.0,18.7,0.935,23.7,3,2024-05-12 17:23:00,17,0,NORMAL
TXN-10819,BEN327,FPS-SAL-002,Salem,Sugar,Priority (PHH),2,1.0,0.7,0.7,66.3,1,2024-04-18 10:43:00,10,0,NORMAL
TXN-10820,BEN062,FPS-SAL-001,Salem,Rice,Priority (PHH),5,25.0,22.6,0.904,15.2,1,2024-05-01 18:52:00,18,0,NORMAL
TXN-10821,BEN029,FPS-SAL-001,Salem,Rice,Priority (PHH),2,10.0,8.6,0.86,25.2,2,2024-02-20 16:44:00,16,0,NORMAL
TXN-10822,BEN090,FPS-TIR-001,Tiruchirappalli,Wheat,Antyodaya Anna Yojana (AAY),5,10.0,9.7,0.97,20.8,1,2024-08-07 10:37:00,10,0,NORMAL
TXN-10823,BEN206,FPS-SAL-002,Salem,Rice,Antyodaya Anna Yojana (AAY),4,25.0,23.8,0.952,12.0,3,2024-06-24 10:30:00,10,0,NORMAL
TXN-10824,BEN357,FPS-COI-001,Coimbatore,Rice,Non-Priority (NPHH),5,25.0,24.8,0.992,79.4,2,2024-07-02 14:18:00,14,0,NORMAL
TXN-10825,BEN066,FPS-SAL-001,Salem,Rice,Antyodaya Anna Yojana (AAY),3,25.0,24.9,0.996,38.1,1,2024-03-22 13:07:00,13,0,NORMAL
TXN-10826,BEN157,FPS-TIR-001,Tiruchirappalli,Dal,Non-Priority (NPHH),3,1.0,0.8,0.8,126.4,1,2024-01-22 16:18:00,16,0,NORMAL
TXN-10827,BEN002,FPS-COI-001,Coimbatore,Rice,Antyodaya Anna Yojana (AAY),5,25.0,17.8,0.712,14.3,1,2024-08-11 09:46:00,9,0,NORMAL
TXN-10828,BEN037,FPS-CHE-002,Chennai,Rice,Antyodaya Anna Yojana (AAY),5,25.0,24.6,0.984,8.0,2,2024-08-27 13:39:00,13,0,NORMAL
TXN-10829,BEN144,FPS-SAL-002,Salem,Rice,Priority (PHH),5,25.0,19.9,0.796,9.3,4,2024-10-13 08:02:00,8,0,NORMAL
TXN-10830,BEN041,FPS-CHE-002,Chennai,Sugar,Priority (PHH),3,1.0,1.0,1.0,18.1,3,2024-07-14 09:27:00,9,0,NORMAL
TXN-10831,BEN181,FPS-MAD-001,Madurai,Rice,Priority (PHH),2,10.0,9.3,0.93,31.2,3,2024-03-07 19:53:00,19,0,NORMAL
TXN-10832,BEN137,FPS-MAD-001,Madurai,Rice,Priority (PHH),3,15.0,11.9,0.793,11.9,3,2024-05-14 13:33:00,13,0,NORMAL
TXN-10833,BEN265,FPS-CHE-001,Chennai,Dal,Non-Priority (NPHH),3,1.0,0.9,0.9,4.1,2,2024-02-13 13:47:00,13,0,NORMAL
TXN-10834,BEN222,FPS-COI-002,Coimbatore,Sugar,Antyodaya Anna Yojana (AAY),5,2.0,1.8,0.9,14.9,2,2024-03-11 16:39:00,16,0,NORMAL
TXN-10835,BEN127,FPS-SAL-002,Salem,Rice,Antyodaya Anna Yojana (AAY),2,25.0,18.9,0.756,16.5,3,2024-09-30 13:13:00,13,0,NORMAL
TXN-10836,BEN132,FPS-TIR-001,Tiruchirappalli,Rice,Non-Priority (NPHH),3,15.0,12.4,0.827,27.8,1,2024-04-01 18:34:00,18,0,NORMAL
TXN-10837,BEN208,FPS-MAD-001,Madurai,Rice,Priority (PHH),4,20.0,19.0,0.95,84.3,3,2024-10-13 14:05:00,14,0,NORMAL
TXN-10838,BEN140,FPS-SAL-001,Salem,Wheat,Priority (PHH),3,6.0,4.8,0.8,29.4,1,2024-05-04 10:59:00,10,0,NORMAL
TXN-10839,BEN296,FPS-CHE-001,Chennai,Rice,Antyodaya Anna Yojana (AAY),5,25.0,20.6,0.824,6.3,3,2024-10-20 19:14:00,19,0,NORMAL
TXN-10840,BEN145,FPS-MAD-002,Madurai,Rice,Antyodaya Anna Yojana (AAY),4,25.0,19.7,0.788,54.5,4,2024-10-16 10:47:00,10,0,NORMAL
TXN-10841,BEN296,FPS-CHE-001,Chennai,Rice,Priority (PHH),5,25.0,19.5,0.78,17.6,2,2024-02-12 11:43:00,11,0,NORMAL
TXN-10842,BEN379,FPS-COI-001,Coimbatore,Wheat,Priority (PHH),3,6.0,4.3,0.717,53.1,1,2024-03-23 09:17:00,9,0,NORMAL
TXN-10843,BEN314,FPS-COI-001,Coimbatore,Rice,Priority (PHH),5,25.0,24.5,0.98,2.1,2,2024-10-21 14:25:00,14,0,NORMAL
TXN-10844,BEN228,FPS-MAD-001,Madurai,Rice,Priority (PHH),4,20.0,14.7,0.735,47.5,3,2024-06-27 10:06:00,10,0,NORMAL
TXN-10845,BEN142,FPS-COI-001,Coimbatore,Wheat,Priority (PHH),2,4.0,3.3,0.825,20.6,2,2024-03-05 08:56:00,8,0,NORMAL
TXN-10846,BEN202,FPS-TIR-002,Tiruchirappalli,Sugar,Non-Priority (NPHH),2,1.0,0.9,0.9,79.7,4,2024-04-21 08:31:00,8,0,NORMAL
TXN-10847,BEN153,FPS-TIR-002,Tiruchirappalli,Wheat,Antyodaya Anna Yojana (AAY),4,10.0,9.4,0.94,3.8,3,2024-04-03 09:52:00,9,0,NORMAL
TXN-10848,BEN338,FPS-COI-001,Coimbatore,Rice,Priority (PHH),5,25.0,24.0,0.96,8.1,7,2024-10-03 17:41:00,17,0,NORMAL
TXN-10849,BEN326,FPS-MAD-002,Madurai,Rice,Priority (PHH),5,25.0,21.3,0.852,2.0,2,2024-06-23 08:56:00,8,0,NORMAL
TXN-10850,BEN052,FPS-TIR-001,Tiruchirappalli,Wheat,Priority (PHH),2,4.0,3.0,0.75,96.5,7,2024-07-17 19:45:00,19,0,NORMAL
TXN-10851,BEN342,FPS-COI-001,Coimbatore,Sugar,Priority (PHH),3,1.0,0.8,0.8,16.2,2,2024-10-25 12:56:00,12,0,NORMAL
TXN-10852,BEN201,FPS-SAL-001,Salem,Rice,Priority (PHH),3,15.0,13.0,0.867,42.4,2,2024-03-27 16:04:00,16,0,NORMAL
TXN-10853,BEN086,FPS-COI-002,Coimbatore,Wheat,Priority (PHH),3,6.0,4.6,0.767,2.6,4,2024-09-26 18:18:00,18,0,NORMAL
TXN-10854,BEN140,FPS-SAL-002,Salem,Rice,Priority (PHH),2,10.0,9.4,0.94,18.7,4,2024-06-12 11:25:00,11,0,NORMAL
TXN-10855,BEN075,FPS-SAL-001,Salem,Sugar,Priority (PHH),4,1.0,0.9,0.9,12.1,1,2024-01-03 15:14:00,15,0,NORMAL
TXN-10856,BEN229,FPS-TIR-001,Tiruchirappalli,Rice,Priority (PHH),4,20.0,19.2,0.96,33.7,2,2024-02-17 18:56:00,18,0,NORMAL
TXN-10857,BEN231,FPS-CHE-001,Chennai,Rice,Non-Priority (NPHH),2,10.0,7.7,0.77,10.6,1,2024-06-11 15:21:00,15,0,NORMAL
TXN-10858,BEN158,FPS-COI-001,Coimbatore,Sugar,Priority (PHH),4,1.0,0.9,0.9,13.1,4,2024-07-27 12:25:00,12,0,NORMAL
TXN-10859,BEN153,FPS-CHE-001,Chennai,Sugar,Priority (PHH),2,1.0,1.0,1.0,56.1,2,2024-05-22 15:25:00,15,0,NORMAL
TXN-10860,BEN380,FPS-CHE-002,Chennai,Wheat,Priority (PHH),4,8.0,6.1,0.762,23.1,3,2024-07-20 09:17:00,9,0,NORMAL
TXN-10861,BEN196,FPS-COI-002,Coimbatore,Rice,Antyodaya Anna Yojana (AAY),5,25.0,20.2,0.808,24.2,2,2024-03-11 14:49:00,14,0,NORMAL
TXN-10862,BEN364,FPS-TIR-002,Tiruchirappalli,Wheat,Priority (PHH),5,10.0,7.7,0.77,8.2,2,2024-10-19 14:07:00,14,0,NORMAL
TXN-10863,BEN157,FPS-SAL-001,Salem,Rice,Non-Priority (NPHH),3,15.0,11.5,0.767,61.9,3,2024-06-30 10:29:00,10,0,NORMAL
TXN-10864,BEN144,FPS-CHE-002,Chennai,Dal,Non-Priority (NPHH),2,1.0,0.7,0.7,16.0,1,2024-03-21 12:04:00,12,0,NORMAL
TXN-10865,BEN085,FPS-TIR-002,Tiruchirappalli,Rice,Priority (PHH),2,10.0,9.3,0.93,13.3,4,2024-03-23 13:11:00,13,0,NORMAL
TXN-10866,BEN122,FPS-MAD-001,Madurai,Rice,Priority (PHH),4,20.0,16.2,0.81,33.6,3,2024-04-20 08:28:00,8,0,NORMAL
TXN-10867,BEN151,FPS-CHE-002,Chennai,Sugar,Priority (PHH),4,1.0,1.0,1.0,36.8,3,2024-06-06 18:03:00,18,0,NORMAL
TXN-10868,BEN028,FPS-CHE-001,Chennai,Wheat,Antyodaya Anna Yojana (AAY),2,10.0,8.2,0.82,21.9,1,2024-06-14 12:26:00,12,0,NORMAL
TXN-10869,BEN016,FPS-SAL-001,Salem,Dal,Non-Priority (NPHH),3,1.0,0.8,0.8,21.8,2,2024-03-27 10:26:00,10,0,NORMAL
TXN-10870,BEN143,FPS-MAD-002,Madurai,Rice,Antyodaya Anna Yojana (AAY),5,25.0,24.4,0.976,26.2,3,2024-01-27 08:10:00,8,0,NORMAL
TXN-10871,BEN040,FPS-COI-001,Coimbatore,Rice,Priority (PHH),3,15.0,13.6,0.907,63.0,2,2024-07-14 17:42:00,17,0,NORMAL
TXN-10872,BEN264,FPS-CHE-001,Chennai,Sugar,Priority (PHH),2,1.0,0.9,0.9,20.1,1,2024-08-20 18:18:00,18,0,NORMAL
TXN-10873,BEN359,FPS-MAD-002,Madurai,Wheat,Priority (PHH),5,10.0,7.5,0.75,20.4,1,2024-02-24 11:50:00,11,0,NORMAL
TXN-10874,BEN067,FPS-SAL-001,Salem,Rice,Priority (PHH),2,10.0,9.3,0.93,12.3,2,2024-01-01 13:50:00,13,0,NORMAL
TXN-10875,BEN196,FPS-CHE-002,Chennai,Wheat,Priority (PHH),5,10.0,7.2,0.72,19.5,1,2024-02-13 14:09:00,14,0,NORMAL
TXN-10876,BEN281,FPS-TIR-002,Tiruchirappalli,Dal,Non-Priority (NPHH),5,1.0,0.9,0.9,15.8,3,2024-06-24 11:05:00,11,0,NORMAL
TXN-10877,BEN271,FPS-TIR-001,Tiruchirappalli,Wheat,Priority (PHH),5,10.0,8.7,0.87,16.7,1,2024-05-12 14:21:00,14,0,NORMAL
TXN-10878,BEN285,FPS-TIR-002,Tiruchirappalli,Rice,Antyodaya Anna Yojana (AAY),4,25.0,23.7,0.948,37.3,3,2024-04-22 13:10:00,13,0,NORMAL
TXN-10879,BEN373,FPS-TIR-001,Tiruchirappalli,Dal,Priority (PHH),2,1.0,0.9,0.9,19.0,2,2024-01-10 13:10:00,13,0,NORMAL
TXN-10880,BEN161,FPS-MAD-002,Madurai,Rice,Priority (PHH),2,10.0,9.8,0.98,12.2,3,2024-05-15 09:07:00,9,0,NORMAL
TXN-10881,BEN364,FPS-COI-001,Coimbatore,Sugar,Priority (PHH),2,1.0,0.8,0.8,7.4,1,2024-03-31 15:55:00,15,0,NORMAL
TXN-10882,BEN335,FPS-TIR-002,Tiruchirappalli,Sugar,Non-Priority (NPHH),3,1.0,0.8,0.8,23.9,1,2024-10-23 08:16:00,8,0,NORMAL
TXN-10883,BEN045,FPS-TIR-002,Tiruchirappalli,Rice,Priority (PHH),4,20.0,16.9,0.845,51.8,2,2024-07-23 10:03:00,10,0,NORMAL
TXN-10884,BEN208,FPS-COI-001,Coimbatore,Sugar,Priority (PHH),4,1.0,0.9,0.9,4.1,1,2024-08-02 11:31:00,11,0,NORMAL
TXN-10885,BEN080,FPS-CHE-001,Chennai,Rice,Antyodaya Anna Yojana (AAY),3,25.0,19.3,0.772,97.8,1,2024-04-12 08:02:00,8,0,NORMAL
TXN-10886,BEN387,FPS-TIR-002,Tiruchirappalli,Sugar,Priority (PHH),2,1.0,1.5,1.5,3.3,1,2024-02-05 23:53:00,23,1,SUSPICIOUS
TXN-10887,BEN361,FPS-TIR-001,Tiruchirappalli,Wheat,Non-Priority (NPHH),4,8.0,6.3,0.787,4.2,2,2024-07-13 16:24:00,16,0,NORMAL
TXN-10888,BEN292,FPS-COI-002,Coimbatore,Rice,Priority (PHH),2,10.0,7.0,0.7,90.0,3,2024-02-13 16:14:00,16,0,NORMAL
TXN-10889,BEN043,FPS-MAD-002,Madurai,Rice,Priority (PHH),5,25.0,17.6,0.704,16.3,2,2024-08-19 11:07:00,11,0,NORMAL
TXN-10890,BEN262,FPS-TIR-001,Tiruchirappalli,Rice,Non-Priority (NPHH),4,20.0,15.6,0.78,42.3,1,2024-09-26 14:04:00,14,0,NORMAL
TXN-10891,BEN215,FPS-MAD-001,Madurai,Wheat,Priority (PHH),2,4.0,3.6,0.9,39.2,1,2024-06-22 09:33:00,9,0,NORMAL
TXN-10892,BEN084,FPS-TIR-001,Tiruchirappalli,Sugar,Priority (PHH),4,1.0,0.7,0.7,6.0,2,2024-10-07 19:24:00,19,0,NORMAL
TXN-10893,BEN139,FPS-MAD-002,Madurai,Dal,Priority (PHH),5,1.0,0.9,0.9,5.2,2,2024-07-16 08:27:00,8,0,NORMAL
TXN-10894,BEN395,FPS-TIR-001,Tiruchirappalli,Dal,Priority (PHH),2,1.0,1.0,1.0,92.5,2,2024-05-08 12:22:00,12,0,NORMAL
TXN-10895,BEN244,FPS-COI-002,Coimbatore,Rice,Non-Priority (NPHH),3,15.0,12.1,0.807,10.6,4,2024-04-20 18:24:00,18,0,NORMAL
TXN-10896,BEN386,FPS-COI-002,Coimbatore,Dal,Non-Priority (NPHH),5,1.0,0.9,0.9,5.7,2,2024-04-20 18:41:00,18,0,NORMAL
TXN-10897,BEN113,FPS-CHE-002,Chennai,Wheat,Priority (PHH),5,10.0,8.0,0.8,100.1,1,2024-08-10 10:17:00,10,0,NORMAL
TXN-10898,BEN025,FPS-COI-001,Coimbatore,Wheat,Antyodaya Anna Yojana (AAY),4,10.0,8.1,0.81,37.3,1,2024-01-06 09:37:00,9,0,NORMAL
TXN-10899,BEN142,FPS-COI-001,Coimbatore,Rice,Priority (PHH),4,20.0,17.9,0.895,7.5,2,2024-07-17 15:41:00,15,0,NORMAL
TXN-10900,BEN326,FPS-SAL-002,Salem,Wheat,Priority (PHH),4,8.0,5.8,0.725,10.6,2,2024-05-30 17:56:00,17,0,NORMAL
TXN-10901,BEN034,FPS-MAD-001,Madurai,Rice,Priority (PHH),3,15.0,13.5,0.9,6.2,3,2024-06-27 16:39:00,16,0,NORMAL
TXN-10902,BEN323,FPS-COI-002,Coimbatore,Rice,Priority (PHH),2,10.0,8.9,0.89,23.0,4,2024-10-10 16:15:00,16,0,NORMAL
TXN-10903,BEN053,FPS-CHE-002,Chennai,Sugar,Priority (PHH),4,1.0,1.0,1.0,41.5,3,2024-08-31 18:09:00,18,0,NORMAL
TXN-10904,BEN161,FPS-COI-002,Coimbatore,Wheat,Priority (PHH),3,6.0,5.2,0.867,12.0,1,2024-05-07 13:26:00,13,0,NORMAL
TXN-10905,BEN399,FPS-MAD-002,Madurai,Rice,Priority (PHH),3,15.0,14.7,0.98,30.0,1,2024-02-19 09:37:00,9,0,NORMAL
TXN-10906,BEN216,FPS-COI-002,Coimbatore,Rice,Non-Priority (NPHH),5,25.0,20.4,0.816,54.1,1,2024-03-21 08:02:00,8,0,NORMAL
TXN-10907,BEN080,FPS-MAD-001,Madurai,Rice,Priority (PHH),3,15.0,11.9,0.793,23.7,2,2024-08-25 19:37:00,19,0,NORMAL
TXN-10908,BEN155,FPS-COI-002,Coimbatore,Rice,Non-Priority (NPHH),5,25.0,19.2,0.768,5.6,2,2024-05-24 17:53:00,17,0,NORMAL
TXN-10909,BEN284,FPS-TIR-002,Tiruchirappalli,Wheat,Priority (PHH),4,8.0,5.7,0.712,45.0,4,2024-10-26 14:56:00,14,0,NORMAL
TXN-10910,BEN044,FPS-COI-001,Coimbatore,Rice,Priority (PHH),2,10.0,7.3,0.73,11.5,2,2024-08-13 10:51:00,10,0,NORMAL
TXN-10911,BEN057,FPS-COI-002,Coimbatore,Wheat,Priority (PHH),3,6.0,4.5,0.75,3.0,2,2024-07-09 16:59:00,16,0,NORMAL
TXN-10912,BEN062,FPS-CHE-001,Chennai,Sugar,Priority (PHH),4,1.0,0.9,0.9,49.5,3,2024-09-11 12:44:00,12,0,NORMAL
TXN-10913,BEN396,FPS-TIR-001,Tiruchirappalli,Wheat,Priority (PHH),4,8.0,6.5,0.812,38.6,4,2024-04-27 15:23:00,15,0,NORMAL
TXN-10914,BEN107,FPS-SAL-001,Salem,Rice,Priority (PHH),5,25.0,18.2,0.728,4.5,3,2024-04-19 10:16:00,10,0,NORMAL
TXN-10915,BEN276,FPS-SAL-001,Salem,Sugar,Priority (PHH),5,1.0,0.7,0.7,20.1,2,2024-10-18 12:06:00,12,0,NORMAL
TXN-10916,BEN385,FPS-SAL-001,Salem,Wheat,Non-Priority (NPHH),3,6.0,4.3,0.717,42.3,2,2024-09-12 09:15:00,9,0,NORMAL
TXN-10917,BEN043,FPS-CHE-001,Chennai,Sugar,Priority (PHH),2,1.0,1.0,1.0,6.7,2,2024-07-01 14:43:00,14,0,NORMAL
TXN-10918,BEN260,FPS-SAL-001,Salem,Rice,Priority (PHH),4,20.0,14.6,0.73,2.9,3,2024-03-01 13:31:00,13,0,NORMAL
TXN-10919,BEN334,FPS-MAD-002,Madurai,Wheat,Priority (PHH),3,6.0,4.6,0.767,6.8,2,2024-10-23 13:32:00,13,0,NORMAL
TXN-10920,BEN044,FPS-SAL-001,Salem,Rice,Antyodaya Anna Yojana (AAY),3,25.0,21.8,0.872,14.9,1,2024-09-05 16:01:00,16,0,NORMAL
TXN-10921,BEN222,FPS-MAD-001,Madurai,Rice,Non-Priority (NPHH),3,15.0,12.6,0.84,31.6,1,2024-05-20 09:55:00,9,0,NORMAL
TXN-10922,BEN057,FPS-SAL-002,Salem,Wheat,Priority (PHH),2,4.0,3.4,0.85,20.3,2,2024-03-10 09:48:00,9,0,NORMAL
TXN-10923,BEN227,FPS-SAL-001,Salem,Sugar,Priority (PHH),2,1.0,0.7,0.7,25.5,2,2024-07-21 17:44:00,17,0,NORMAL
TXN-10924,BEN270,FPS-MAD-001,Madurai,Wheat,Antyodaya Anna Yojana (AAY),5,10.0,7.9,0.79,35.9,2,2024-07-29 17:00:00,17,0,NORMAL
TXN-10925,BEN115,FPS-TIR-001,Tiruchirappalli,Wheat,Priority (PHH),3,6.0,5.7,0.95,13.8,1,2024-07-29 12:11:00,12,0,NORMAL
TXN-10926,BEN379,FPS-MAD-001,Madurai,Sugar,Priority (PHH),5,1.0,0.7,0.7,23.7,3,2024-06-21 08:02:00,8,0,NORMAL
TXN-10927,BEN059,FPS-CHE-002,Chennai,Wheat,Priority (PHH),4,8.0,7.8,0.975,61.5,2,2024-02-23 08:08:00,8,0,NORMAL
TXN-10928,BEN083,FPS-TIR-001,Tiruchirappalli,Rice,Antyodaya Anna Yojana (AAY),3,25.0,22.1,0.884,23.7,1,2024-06-08 14:47:00,14,0,NORMAL
TXN-10929,BEN290,FPS-CHE-002,Chennai,Sugar,Priority (PHH),3,1.0,0.7,0.7,48.8,3,2024-01-11 18:47:00,18,0,NORMAL
TXN-10930,BEN176,FPS-CHE-002,Chennai,Dal,Non-Priority (NPHH),5,1.0,0.7,0.7,23.2,2,2024-09-18 10:21:00,10,0,NORMAL
TXN-10931,BEN136,FPS-SAL-002,Salem,Rice,Antyodaya Anna Yojana (AAY),3,25.0,21.5,0.86,29.9,2,2024-01-20 17:33:00,17,0,NORMAL
TXN-10932,BEN084,FPS-MAD-001,Madurai,Rice,Priority (PHH),3,15.0,13.2,0.88,6.1,2,2024-08-19 11:25:00,11,0,NORMAL
TXN-10933,BEN050,FPS-TIR-002,Tiruchirappalli,Rice,Priority (PHH),2,10.0,7.2,0.72,63.5,3,2024-03-02 17:29:00,17,0,NORMAL
TXN-10934,BEN057,FPS-COI-002,Coimbatore,Rice,Priority (PHH),2,10.0,9.1,0.91,5.2,3,2024-03-07 10:45:00,10,0,NORMAL
TXN-10935,BEN280,FPS-CHE-001,Chennai,Rice,Antyodaya Anna Yojana (AAY),3,25.0,18.2,0.728,26.0,3,2024-07-16 14:13:00,14,0,NORMAL
TXN-10936,BEN030,FPS-CHE-002,Chennai,Sugar,Priority (PHH),4,1.0,0.9,0.9,21.7,3,2024-05-01 11:47:00,11,0,NORMAL
TXN-10937,BEN156,FPS-MAD-001,Madurai,Wheat,Priority (PHH),5,10.0,9.1,0.91,53.8,2,2024-06-02 10:16:00,10,0,NORMAL
TXN-10938,BEN002,FPS-TIR-001,Tiruchirappalli,Rice,Priority (PHH),2,10.0,7.1,0.71,44.0,1,2024-05-27 08:09:00,8,0,NORMAL
TXN-10939,BEN025,FPS-SAL-002,Salem,Dal,Priority (PHH),5,1.0,0.7,0.7,12.7,4,2024-09-30 11:11:00,11,0,NORMAL
TXN-10940,BEN054,FPS-COI-001,Coimbatore,Wheat,Antyodaya Anna Yojana (AAY),4,10.0,9.6,0.96,36.7,1,2024-02-23 15:35:00,15,0,NORMAL
TXN-10941,BEN168,FPS-SAL-001,Salem,Wheat,Priority (PHH),4,8.0,5.7,0.712,71.9,4,2024-08-06 08:22:00,8,0,NORMAL
TXN-10942,BEN235,FPS-MAD-002,Madurai,Rice,Priority (PHH),5,25.0,18.5,0.74,14.2,1,2024-07-04 08:01:00,8,0,NORMAL
TXN-10943,BEN024,FPS-COI-001,Coimbatore,Dal,Antyodaya Anna Yojana (AAY),4,2.0,1.4,0.7,106.6,2,2024-10-23 17:50:00,17,0,NORMAL
TXN-10944,BEN261,FPS-SAL-002,Salem,Wheat,Antyodaya Anna Yojana (AAY),4,10.0,7.5,0.75,27.3,2,2024-01-14 13:13:00,13,0,NORMAL
TXN-10945,BEN301,FPS-COI-001,Coimbatore,Rice,Non-Priority (NPHH),4,20.0,15.0,0.75,11.7,2,2024-05-02 11:28:00,11,0,NORMAL
TXN-10946,BEN280,FPS-TIR-002,Tiruchirappalli,Rice,Priority (PHH),2,10.0,8.1,0.81,14.9,1,2024-05-04 12:23:00,12,0,NORMAL
TXN-10947,BEN282,FPS-MAD-002,Madurai,Rice,Priority (PHH),3,15.0,14.7,0.98,4.9,1,2024-09-09 08:47:00,8,0,NORMAL
TXN-10948,BEN164,FPS-SAL-001,Salem,Rice,Priority (PHH),5,25.0,20.6,0.824,3.8,3,2024-09-18 14:06:00,14,0,NORMAL
TXN-10949,BEN357,FPS-TIR-001,Tiruchirappalli,Rice,Antyodaya Anna Yojana (AAY),3,25.0,24.2,0.968,12.5,1,2024-10-17 14:24:00,14,0,NORMAL
TXN-10950,BEN065,FPS-MAD-002,Madurai,Rice,Priority (PHH),5,25.0,19.6,0.784,34.9,2,2024-04-14 09:50:00,9,0,NORMAL
TXN-10951,BEN370,FPS-COI-002,Coimbatore,Wheat,Priority (PHH),5,10.0,7.6,0.76,5.8,1,2024-07-23 12:38:00,12,0,NORMAL
TXN-10952,BEN310,FPS-MAD-002,Madurai,Sugar,Priority (PHH),3,1.0,0.8,0.8,21.3,3,2024-08-07 19:24:00,19,0,NORMAL
TXN-10953,BEN347,FPS-CHE-002,Chennai,Wheat,Priority (PHH),3,6.0,4.5,0.75,68.8,4,2024-01-16 11:25:00,11,0,NORMAL
TXN-10954,BEN293,FPS-CHE-001,Chennai,Wheat,Non-Priority (NPHH),2,4.0,4.0,1.0,10.6,3,2024-03-01 13:06:00,13,0,NORMAL
TXN-10955,BEN224,FPS-SAL-001,Salem,Dal,Priority (PHH),4,1.0,1.5,1.5,59.8,1,2024-09-05 02:06:00,2,1,SUSPICIOUS
TXN-10956,BEN373,FPS-TIR-001,Tiruchirappalli,Dal,Priority (PHH),4,1.0,0.8,0.8,12.9,1,2024-08-22 13:09:00,13,0,NORMAL
TXN-10957,BEN257,FPS-TIR-002,Tiruchirappalli,Wheat,Priority (PHH),2,4.0,6.0,1.5,3.8,2,2024-01-14 02:38:00,2,1,SUSPICIOUS
TXN-10958,BEN294,FPS-COI-001,Coimbatore,Sugar,Priority (PHH),2,1.0,1.0,1.0,2.7,3,2024-02-23 09:46:00,9,0,NORMAL
TXN-10959,BEN220,FPS-COI-001,Coimbatore,Wheat,Antyodaya Anna Yojana (AAY),2,10.0,9.1,0.91,34.3,1,2024-09-11 11:13:00,11,0,NORMAL
TXN-10960,BEN292,FPS-MAD-002,Madurai,Wheat,Priority (PHH),3,6.0,6.0,1.0,2.3,2,2024-07-26 09:00:00,9,0,NORMAL
TXN-10961,BEN241,FPS-COI-002,Coimbatore,Rice,Antyodaya Anna Yojana (AAY),3,25.0,18.2,0.728,2.4,2,2024-01-26 17:49:00,17,0,NORMAL
TXN-10962,BEN147,FPS-MAD-002,Madurai,Rice,Non-Priority (NPHH),3,15.0,14.0,0.933,5.8,1,2024-05-18 19:36:00,19,0,NORMAL
TXN-10963,BEN396,FPS-COI-002,Coimbatore,Rice,Antyodaya Anna Yojana (AAY),2,25.0,22.8,0.912,9.5,1,2024-02-02 12:15:00,12,0,NORMAL
TXN-10964,BEN042,FPS-COI-001,Coimbatore,Dal,Priority (PHH),5,1.0,1.0,1.0,53.9,3,2024-09-02 18:25:00,18,0,NORMAL
TXN-10965,BEN286,FPS-SAL-002,Salem,Wheat,Priority (PHH),2,4.0,3.3,0.825,17.0,2,2024-01-29 12:29:00,12,0,NORMAL
TXN-10966,BEN312,FPS-MAD-002,Madurai,Rice,Priority (PHH),2,10.0,7.7,0.77,10.5,3,2024-09-01 08:22:00,8,0,NORMAL
TXN-10967,BEN233,FPS-SAL-002,Salem,Wheat,Priority (PHH),3,6.0,5.0,0.833,27.4,1,2024-08-13 14:09:00,14,0,NORMAL
TXN-10968,BEN394,FPS-MAD-001,Madurai,Wheat,Priority (PHH),5,10.0,11.5,1.15,1.5,4,2024-08-12 10:44:00,10,1,SUSPICIOUS
TXN-10969,BEN105,FPS-MAD-002,Madurai,Dal,Priority (PHH),3,1.0,0.8,0.8,23.0,2,2024-02-06 09:11:00,9,0,NORMAL
TXN-10970,BEN352,FPS-CHE-002,Chennai,Wheat,Priority (PHH),3,6.0,5.4,0.9,17.2,3,2024-05-18 16:10:00,16,0,NORMAL
TXN-10971,BEN013,FPS-CHE-001,Chennai,Rice,Priority (PHH),4,20.0,19.5,0.975,21.7,1,2024-04-21 11:59:00,11,0,NORMAL
TXN-10972,BEN108,FPS-SAL-001,Salem,Sugar,Priority (PHH),2,1.0,1.2,1.2,1.0,7,2024-09-15 09:07:00,9,1,SUSPICIOUS
TXN-10973,BEN001,FPS-COI-002,Coimbatore,Wheat,Antyodaya Anna Yojana (AAY),3,10.0,7.9,0.79,7.4,3,2024-05-04 14:01:00,14,0,NORMAL
TXN-10974,BEN041,FPS-SAL-001,Salem,Rice,Priority (PHH),3,15.0,14.8,0.987,2.0,2,2024-08-22 15:43:00,15,0,NORMAL
TXN-10975,BEN326,FPS-TIR-001,Tiruchirappalli,Dal,Priority (PHH),5,1.0,0.7,0.7,73.7,1,2024-01-24 13:12:00,13,0,NORMAL
TXN-10976,BEN150,FPS-COI-001,Coimbatore,Sugar,Priority (PHH),3,1.0,0.9,0.9,5.5,6,2024-03-10 16:51:00,16,0,NORMAL
TXN-10977,BEN051,FPS-SAL-001,Salem,Rice,Priority (PHH),3,15.0,15.0,1.0,3.5,1,2024-07-05 13:20:00,13,0,NORMAL
TXN-10978,BEN168,FPS-CHE-001,Chennai,Rice,Priority (PHH),4,20.0,19.7,0.985,23.9,1,2024-01-23 11:30:00,11,0,NORMAL
TXN-10979,BEN165,FPS-TIR-002,Tiruchirappalli,Rice,Priority (PHH),3,15.0,12.9,0.86,25.8,2,2024-08-11 16:50:00,16,0,NORMAL
TXN-10980,BEN111,FPS-TIR-002,Tiruchirappalli,Wheat,Priority (PHH),4,8.0,7.4,0.925,26.1,5,2024-03-09 13:01:00,13,0,NORMAL
TXN-10981,BEN032,FPS-SAL-001,Salem,Rice,Antyodaya Anna Yojana (AAY),2,25.0,20.0,0.8,27.7,2,2024-02-12 18:08:00,18,0,NORMAL
TXN-10982,BEN314,FPS-SAL-002,Salem,Dal,Priority (PHH),3,1.0,0.9,0.9,50.4,2,2024-04-10 16:22:00,16,0,NORMAL
TXN-10983,BEN121,FPS-TIR-002,Tiruchirappalli,Rice,Antyodaya Anna Yojana (AAY),5,25.0,20.3,0.812,6.3,1,2024-02-05 17:32:00,17,0,NORMAL
TXN-10984,BEN110,FPS-MAD-001,Madurai,Rice,Non-Priority (NPHH),3,15.0,12.9,0.86,35.3,4,2024-07-05 16:25:00,16,0,NORMAL
TXN-10985,BEN320,FPS-MAD-002,Madurai,Sugar,Priority (PHH),3,1.0,0.7,0.7,12.2,1,2024-07-28 08:06:00,8,0,NORMAL
TXN-10986,BEN163,FPS-COI-001,Coimbatore,Wheat,Priority (PHH),3,6.0,4.7,0.783,22.9,2,2024-08-23 11:41:00,11,0,NORMAL
TXN-10987,BEN338,FPS-SAL-002,Salem,Rice,Non-Priority (NPHH),2,10.0,9.3,0.93,15.1,1,2024-07-21 09:15:00,9,0,NORMAL
TXN-10988,BEN317,FPS-COI-002,Coimbatore,Dal,Priority (PHH),4,1.0,0.7,0.7,62.7,1,2024-08-12 18:52:00,18,0,NORMAL
TXN-10989,BEN059,FPS-SAL-002,Salem,Wheat,Non-Priority (NPHH),3,6.0,5.1,0.85,11.9,3,2024-01-12 18:03:00,18,0,NORMAL
TXN-10990,BEN182,FPS-TIR-002,Tiruchirappalli,Rice,Priority (PHH),2,10.0,9.6,0.96,76.4,3,2024-09-12 11:54:00,11,0,NORMAL
TXN-10991,BEN018,FPS-MAD-002,Madurai,Rice,Priority (PHH),3,15.0,14.8,0.987,24.4,2,2024-10-07 17:25:00,17,0,NORMAL
TXN-10992,BEN399,FPS-SAL-001,Salem,Sugar,Non-Priority (NPHH),2,1.0,0.9,0.9,56.7,1,2024-07-28 13:30:00,13,0,NORMAL
TXN-10993,BEN009,FPS-CHE-001,Chennai,Wheat,Priority (PHH),2,4.0,3.3,0.825,9.9,4,2024-06-21 19:12:00,19,0,NORMAL
TXN-10994,BEN090,FPS-SAL-001,Salem,Wheat,Priority (PHH),5,10.0,8.8,0.88,5.5,2,2024-07-06 19:05:00,19,0,NORMAL
TXN-10995,BEN299,FPS-SAL-002,Salem,Sugar,Non-Priority (NPHH),5,1.0,0.9,0.9,4.3,1,2024-05-31 17:51:00,17,0,NORMAL
TXN-10996,BEN231,FPS-SAL-001,Salem,Wheat,Non-Priority (NPHH),5,10.0,8.1,0.81,7.8,2,2024-09-27 10:47:00,10,0,NORMAL
TXN-10997,BEN311,FPS-COI-001,Coimbatore,Rice,Priority (PHH),4,20.0,16.3,0.815,12.6,2,2024-07-05 17:05:00,17,0,NORMAL
TXN-10998,BEN100,FPS-MAD-001,Madurai,Dal,Non-Priority (NPHH),4,1.0,0.8,0.8,5.5,2,2024-10-05 12:07:00,12,0,NORMAL
TXN-10999,BEN072,FPS-MAD-002,Madurai,Wheat,Priority (PHH),5,10.0,8.8,0.88,24.7,2,2024-09-30 18:37:00,18,0,NORMAL
TXN-11000,BEN167,FPS-COI-002,Coimbatore,Wheat,Non-Priority (NPHH),5,10.0,9.2,0.92,17.9,3,2024-04-09 09:46:00,9,0,NORMAL
TXN-11001,BEN344,FPS-COI-001,Coimbatore,Rice,Priority (PHH),5,25.0,24.4,0.976,82.7,2,2024-03-11 19:11:00,19,0,NORMAL
TXN-11002,BEN169,FPS-COI-002,Coimbatore,Sugar,Priority (PHH),3,1.0,0.7,0.7,26.1,2,2024-08-30 17:29:00,17,0,NORMAL
TXN-11003,BEN380,FPS-COI-002,Coimbatore,Sugar,Priority (PHH),5,1.0,0.8,0.8,17.9,1,2024-02-11 16:22:00,16,0,NORMAL
TXN-11004,BEN391,FPS-CHE-001,Chennai,Wheat,Priority (PHH),3,6.0,5.5,0.917,43.3,2,2024-07-02 16:10:00,16,0,NORMAL
TXN-11005,BEN001,FPS-MAD-002,Madurai,Wheat,Priority (PHH),4,8.0,7.4,0.925,9.9,2,2024-10-04 10:13:00,10,0,NORMAL
TXN-11006,BEN110,FPS-CHE-001,Chennai,Dal,Non-Priority (NPHH),2,1.0,0.7,0.7,20.6,3,2024-05-02 13:47:00,13,0,NORMAL
TXN-11007,BEN337,FPS-CHE-001,Chennai,Dal,Priority (PHH),2,1.0,0.9,0.9,15.3,2,2024-02-05 12:26:00,12,0,NORMAL
TXN-11008,BEN023,FPS-CHE-001,Chennai,Rice,Priority (PHH),5,25.0,20.1,0.804,7.1,4,2024-05-29 10:34:00,10,0,NORMAL
TXN-11009,BEN300,FPS-CHE-002,Chennai,Rice,Priority (PHH),3,15.0,11.7,0.78,30.9,2,2024-05-03 19:40:00,19,0,NORMAL
TXN-11010,BEN040,FPS-MAD-002,Madurai,Dal,Priority (PHH),2,1.0,0.7,0.7,9.7,2,2024-03-21 13:35:00,13,0,NORMAL
TXN-11011,BEN292,FPS-TIR-002,Tiruchirappalli,Rice,Priority (PHH),3,15.0,12.7,0.847,44.2,2,2024-01-04 14:53:00,14,0,NORMAL
TXN-11012,BEN044,FPS-CHE-002,Chennai,Wheat,Priority (PHH),2,4.0,3.5,0.875,71.8,2,2024-09-28 08:54:00,8,0,NORMAL
TXN-11013,BEN043,FPS-COI-001,Coimbatore,Wheat,Priority (PHH),4,8.0,6.5,0.812,46.1,3,2024-06-19 10:57:00,10,0,NORMAL
TXN-11014,BEN118,FPS-COI-002,Coimbatore,Sugar,Priority (PHH),2,1.0,0.9,0.9,19.0,4,2024-03-22 08:14:00,8,0,NORMAL
TXN-11015,BEN244,FPS-SAL-001,Salem,Wheat,Non-Priority (NPHH),2,4.0,3.2,0.8,22.5,2,2024-05-04 18:42:00,18,0,NORMAL
TXN-11016,BEN163,FPS-COI-002,Coimbatore,Rice,Antyodaya Anna Yojana (AAY),3,25.0,17.9,0.716,28.5,1,2024-05-31 09:30:00,9,0,NORMAL
TXN-11017,BEN321,FPS-CHE-002,Chennai,Wheat,Priority (PHH),3,6.0,5.8,0.967,24.3,3,2024-02-23 19:09:00,19,0,NORMAL
TXN-11018,BEN019,FPS-MAD-001,Madurai,Dal,Priority (PHH),4,1.0,4.5,4.5,12.7,4,2024-03-15 13:35:00,13,1,SUSPICIOUS
TXN-11019,BEN252,FPS-SAL-002,Salem,Wheat,Antyodaya Anna Yojana (AAY),2,10.0,8.6,0.86,50.0,3,2024-04-18 18:53:00,18,0,NORMAL
TXN-11020,BEN397,FPS-COI-001,Coimbatore,Dal,Antyodaya Anna Yojana (AAY),3,2.0,1.5,0.75,47.2,1,2024-03-29 18:49:00,18,0,NORMAL
TXN-11021,BEN043,FPS-MAD-002,Madurai,Rice,Priority (PHH),2,10.0,8.4,0.84,90.9,1,2024-10-05 15:36:00,15,0,NORMAL
TXN-11022,BEN295,FPS-TIR-001,Tiruchirappalli,Wheat,Priority (PHH),5,10.0,8.6,0.86,36.6,4,2024-03-17 09:41:00,9,0,NORMAL
TXN-11023,BEN106,FPS-MAD-002,Madurai,Wheat,Priority (PHH),5,10.0,8.5,0.85,15.3,1,2024-04-30 18:02:00,18,0,NORMAL
TXN-11024,BEN163,FPS-TIR-001,Tiruchirappalli,Wheat,Non-Priority (NPHH),4,8.0,5.9,0.737,88.0,2,2024-04-09 11:47:00,11,0,NORMAL
TXN-11025,BEN118,FPS-SAL-002,Salem,Rice,Priority (PHH),2,10.0,9.1,0.91,86.5,4,2024-04-09 19:08:00,19,0,NORMAL
TXN-11026,BEN137,FPS-TIR-001,Tiruchirappalli,Rice,Antyodaya Anna Yojana (AAY),2,25.0,22.6,0.904,31.9,2,2024-02-23 19:31:00,19,0,NORMAL
TXN-11027,BEN304,FPS-COI-002,Coimbatore,Wheat,Antyodaya Anna Yojana (AAY),3,10.0,9.5,0.95,23.4,1,2024-02-21 11:25:00,11,0,NORMAL
TXN-11028,BEN099,FPS-SAL-001,Salem,Rice,Antyodaya Anna Yojana (AAY),4,25.0,22.5,0.9,60.2,5,2024-05-16 09:02:00,9,0,NORMAL
TXN-11029,BEN227,FPS-CHE-001,Chennai,Rice,Antyodaya Anna Yojana (AAY),5,25.0,20.1,0.804,56.7,1,2024-05-09 16:13:00,16,0,NORMAL
TXN-11030,BEN064,FPS-CHE-002,Chennai,Rice,Priority (PHH),5,25.0,18.0,0.72,32.6,1,2024-02-18 15:26:00,15,0,NORMAL
TXN-11031,BEN363,FPS-SAL-002,Salem,Rice,Priority (PHH),5,25.0,19.5,0.78,13.3,5,2024-05-07 16:57:00,16,0,NORMAL
TXN-11032,BEN382,FPS-SAL-002,Salem,Dal,Priority (PHH),5,1.0,0.9,0.9,19.5,1,2024-03-14 12:46:00,12,0,NORMAL
TXN-11033,BEN354,FPS-MAD-001,Madurai,Wheat,Priority (PHH),2,4.0,3.2,0.8,15.9,2,2024-01-28 15:10:00,15,0,NORMAL
TXN-11034,BEN199,FPS-TIR-001,Tiruchirappalli,Dal,Non-Priority (NPHH),5,1.0,0.8,0.8,6.6,1,2024-06-08 18:31:00,18,0,NORMAL
TXN-11035,BEN246,FPS-TIR-001,Tiruchirappalli,Dal,Priority (PHH),3,1.0,0.7,0.7,33.5,3,2024-03-27 14:33:00,14,0,NORMAL
TXN-11036,BEN201,FPS-MAD-002,Madurai,Rice,Priority (PHH),4,20.0,17.7,0.885,12.5,1,2024-04-07 15:59:00,15,0,NORMAL
TXN-11037,BEN068,FPS-TIR-002,Tiruchirappalli,Sugar,Priority (PHH),5,1.0,1.0,1.0,25.6,4,2024-09-03 16:20:00,16,0,NORMAL
TXN-11038,BEN206,FPS-MAD-001,Madurai,Rice,Non-Priority (NPHH),3,15.0,12.6,0.84,28.1,4,2024-09-11 14:34:00,14,0,NORMAL
TXN-11039,BEN070,FPS-TIR-002,Tiruchirappalli,Rice,Priority (PHH),2,10.0,9.6,0.96,44.7,2,2024-02-28 19:26:00,19,0,NORMAL
TXN-11040,BEN186,FPS-SAL-002,Salem,Rice,Non-Priority (NPHH),3,15.0,14.9,0.993,9.8,1,2024-02-22 19:17:00,19,0,NORMAL
TXN-11041,BEN114,FPS-CHE-001,Chennai,Wheat,Antyodaya Anna Yojana (AAY),5,10.0,9.0,0.9,28.1,2,2024-02-13 15:09:00,15,0,NORMAL
TXN-11042,BEN396,FPS-CHE-002,Chennai,Rice,Priority (PHH),3,15.0,14.9,0.993,32.4,4,2024-10-16 16:09:00,16,0,NORMAL
TXN-11043,BEN119,FPS-SAL-002,Salem,Sugar,Priority (PHH),3,1.0,0.9,0.9,1.6,2,2024-09-29 09:31:00,9,0,NORMAL
TXN-11044,BEN040,FPS-TIR-002,Tiruchirappalli,Rice,Priority (PHH),3,15.0,12.9,0.86,39.4,1,2024-06-01 19:42:00,19,0,NORMAL
TXN-11045,BEN361,FPS-MAD-002,Madurai,Dal,Priority (PHH),3,1.0,0.7,0.7,3.2,3,2024-07-05 12:53:00,12,0,NORMAL
TXN-11046,BEN030,FPS-CHE-002,Chennai,Rice,Priority (PHH),5,25.0,22.6,0.904,32.8,1,2024-08-12 16:41:00,16,0,NORMAL
TXN-11047,BEN202,FPS-CHE-001,Chennai,Rice,Antyodaya Anna Yojana (AAY),5,25.0,17.8,0.712,8.3,1,2024-01-11 16:45:00,16,0,NORMAL
TXN-11048,BEN093,FPS-CHE-002,Chennai,Sugar,Priority (PHH),5,1.0,0.9,0.9,16.3,2,2024-10-19 19:00:00,19,0,NORMAL
TXN-11049,BEN324,FPS-TIR-002,Tiruchirappalli,Wheat,Priority (PHH),2,4.0,3.8,0.95,79.2,2,2024-03-17 16:02:00,16,0,NORMAL
TXN-11050,BEN042,FPS-COI-001,Coimbatore,Wheat,Antyodaya Anna Yojana (AAY),2,10.0,11.5,1.15,1.2,6,2024-04-29 19:42:00,19,1,SUSPICIOUS
TXN-11051,BEN171,FPS-MAD-001,Madurai,Rice,Priority (PHH),2,10.0,7.5,0.75,9.1,1,2024-04-15 17:30:00,17,0,NORMAL
TXN-11052,BEN358,FPS-CHE-002,Chennai,Rice,Priority (PHH),4,20.0,15.5,0.775,42.3,2,2024-01-11 11:19:00,11,0,NORMAL
TXN-11053,BEN150,FPS-TIR-001,Tiruchirappalli,Dal,Priority (PHH),2,1.0,1.0,1.0,60.2,1,2024-02-06 13:26:00,13,0,NORMAL
TXN-11054,BEN245,FPS-SAL-001,Salem,Wheat,Priority (PHH),3,6.0,5.3,0.883,16.2,4,2024-04-11 13:18:00,13,0,NORMAL
TXN-11055,BEN340,FPS-CHE-002,Chennai,Wheat,Priority (PHH),3,6.0,5.2,0.867,5.7,2,2024-06-01 15:09:00,15,0,NORMAL
TXN-11056,BEN183,FPS-COI-001,Coimbatore,Rice,Antyodaya Anna Yojana (AAY),2,25.0,19.2,0.768,10.4,5,2024-09-14 10:50:00,10,0,NORMAL
TXN-11057,BEN057,FPS-MAD-002,Madurai,Rice,Priority (PHH),4,20.0,16.4,0.82,9.7,1,2024-05-28 08:58:00,8,0,NORMAL
TXN-11058,BEN217,FPS-COI-001,Coimbatore,Rice,Non-Priority (NPHH),2,10.0,8.5,0.85,13.0,1,2024-05-25 08:44:00,8,0,NORMAL
TXN-11059,BEN058,FPS-TIR-001,Tiruchirappalli,Dal,Priority (PHH),4,1.0,1.5,1.5,35.8,1,2024-07-27 02:06:00,2,1,SUSPICIOUS
TXN-11060,BEN055,FPS-COI-002,Coimbatore,Rice,Priority (PHH),3,15.0,14.1,0.94,90.1,1,2024-01-30 09:07:00,9,0,NORMAL
TXN-11061,BEN096,FPS-COI-002,Coimbatore,Rice,Priority (PHH),4,20.0,18.4,0.92,1.4,1,2024-01-17 08:50:00,8,0,NORMAL
TXN-11062,BEN081,FPS-COI-002,Coimbatore,Dal,Priority (PHH),2,1.0,0.8,0.8,34.7,1,2024-01-30 14:09:00,14,0,NORMAL
TXN-11063,BEN255,FPS-CHE-002,Chennai,Dal,Priority (PHH),3,1.0,0.9,0.9,21.8,2,2024-07-10 14:53:00,14,0,NORMAL
TXN-11064,BEN335,FPS-COI-002,Coimbatore,Wheat,Priority (PHH),3,6.0,6.0,1.0,26.4,1,2024-06-26 14:46:00,14,0,NORMAL
TXN-11065,BEN298,FPS-MAD-002,Madurai,Sugar,Priority (PHH),3,1.0,0.8,0.8,35.3,1,2024-02-17 18:59:00,18,0,NORMAL
TXN-11066,BEN340,FPS-CHE-002,Chennai,Rice,Priority (PHH),3,15.0,11.6,0.773,18.1,2,2024-10-09 11:58:00,11,0,NORMAL
TXN-11067,BEN159,FPS-COI-001,Coimbatore,Dal,Non-Priority (NPHH),5,1.0,0.9,0.9,12.5,2,2024-10-24 08:12:00,8,0,NORMAL
TXN-11068,BEN278,FPS-TIR-002,Tiruchirappalli,Rice,Priority (PHH),3,15.0,12.7,0.847,23.6,3,2024-04-06 13:36:00,13,0,NORMAL
TXN-11069,BEN310,FPS-SAL-001,Salem,Rice,Antyodaya Anna Yojana (AAY),2,25.0,21.2,0.848,4.1,5,2024-02-28 18:42:00,18,0,NORMAL
TXN-11070,BEN144,FPS-SAL-001,Salem,Wheat,Non-Priority (NPHH),5,10.0,8.9,0.89,8.1,1,2024-01-06 12:00:00,12,0,NORMAL
TXN-11071,BEN050,FPS-TIR-002,Tiruchirappalli,Rice,Priority (PHH),2,10.0,8.4,0.84,22.0,3,2024-10-26 11:08:00,11,0,NORMAL
TXN-11072,BEN390,FPS-MAD-002,Madurai,Rice,Priority (PHH),5,25.0,18.9,0.756,21.8,1,2024-01-11 08:04:00,8,0,NORMAL
TXN-11073,BEN221,FPS-MAD-002,Madurai,Rice,Antyodaya Anna Yojana (AAY),5,25.0,22.3,0.892,8.1,3,2024-10-16 12:41:00,12,0,NORMAL
TXN-11074,BEN189,FPS-CHE-002,Chennai,Rice,Priority (PHH),5,25.0,19.1,0.764,23.6,1,2024-03-26 15:05:00,15,0,NORMAL
TXN-11075,BEN177,FPS-SAL-001,Salem,Wheat,Priority (PHH),4,8.0,5.9,0.737,5.0,2,2024-03-25 11:59:00,11,0,NORMAL
TXN-11076,BEN126,FPS-SAL-001,Salem,Dal,Priority (PHH),3,1.0,0.7,0.7,28.9,1,2024-02-20 15:41:00,15,0,NORMAL
TXN-11077,BEN264,FPS-COI-001,Coimbatore,Wheat,Priority (PHH),4,8.0,7.1,0.887,64.1,2,2024-04-28 16:43:00,16,0,NORMAL
TXN-11078,BEN352,FPS-SAL-002,Salem,Rice,Non-Priority (NPHH),5,25.0,19.6,0.784,5.0,1,2024-08-12 14:37:00,14,0,NORMAL
TXN-11079,BEN090,FPS-COI-002,Coimbatore,Rice,Non-Priority (NPHH),5,25.0,18.3,0.732,15.4,5,2024-04-05 10:31:00,10,0,NORMAL
TXN-11080,BEN033,FPS-SAL-002,Salem,Wheat,Non-Priority (NPHH),2,4.0,3.3,0.825,3.6,2,2024-03-24 08:30:00,8,0,NORMAL
TXN-11081,BEN316,FPS-TIR-001,Tiruchirappalli,Rice,Priority (PHH),5,25.0,37.5,1.5,16.6,2,2024-03-13 02:47:00,2,1,SUSPICIOUS
TXN-11082,BEN174,FPS-TIR-002,Tiruchirappalli,Rice,Priority (PHH),2,10.0,9.7,0.97,12.2,3,2024-10-17 15:27:00,15,0,NORMAL
TXN-11083,BEN050,FPS-SAL-001,Salem,Wheat,Non-Priority (NPHH),3,6.0,4.3,0.717,48.5,3,2024-09-28 13:32:00,13,0,NORMAL
TXN-11084,BEN255,FPS-MAD-001,Madurai,Rice,Priority (PHH),4,20.0,17.5,0.875,48.4,2,2024-05-10 08:49:00,8,0,NORMAL
TXN-11085,BEN080,FPS-SAL-001,Salem,Wheat,Antyodaya Anna Yojana (AAY),5,10.0,7.2,0.72,9.2,2,2024-09-04 12:04:00,12,0,NORMAL
TXN-11086,BEN108,FPS-CHE-002,Chennai,Wheat,Priority (PHH),3,6.0,4.9,0.817,6.1,5,2024-03-24 09:06:00,9,0,NORMAL
TXN-11087,BEN190,FPS-CHE-002,Chennai,Wheat,Priority (PHH),5,10.0,7.4,0.74,9.7,1,2024-10-15 10:56:00,10,0,NORMAL
TXN-11088,BEN282,FPS-MAD-002,Madurai,Rice,Priority (PHH),2,10.0,7.0,0.7,12.5,3,2024-04-06 18:04:00,18,0,NORMAL
TXN-11089,BEN194,FPS-MAD-002,Madurai,Rice,Priority (PHH),4,20.0,17.6,0.88,25.0,2,2024-05-27 08:15:00,8,0,NORMAL
TXN-11090,BEN375,FPS-SAL-001,Salem,Dal,Priority (PHH),4,1.0,0.9,0.9,22.8,1,2024-10-06 11:08:00,11,0,NORMAL
TXN-11091,BEN152,FPS-COI-001,Coimbatore,Rice,Priority (PHH),5,25.0,22.4,0.896,3.8,2,2024-09-06 10:17:00,10,0,NORMAL
TXN-11092,BEN112,FPS-MAD-001,Madurai,Dal,Priority (PHH),5,1.0,0.9,0.9,46.9,1,2024-03-13 12:38:00,12,0,NORMAL
TXN-11093,BEN025,FPS-SAL-002,Salem,Sugar,Antyodaya Anna Yojana (AAY),3,2.0,1.7,0.85,13.4,1,2024-08-29 17:56:00,17,0,NORMAL
TXN-11094,BEN217,FPS-TIR-002,Tiruchirappalli,Wheat,Priority (PHH),2,4.0,3.5,0.875,24.4,2,2024-02-14 17:16:00,17,0,NORMAL
TXN-11095,BEN234,FPS-COI-002,Coimbatore,Rice,Non-Priority (NPHH),2,10.0,9.2,0.92,16.8,3,2024-09-18 14:10:00,14,0,NORMAL
TXN-11096,BEN165,FPS-TIR-001,Tiruchirappalli,Wheat,Priority (PHH),3,6.0,4.8,0.8,44.2,1,2024-05-17 19:45:00,19,0,NORMAL
TXN-11097,BEN130,FPS-TIR-002,Tiruchirappalli,Rice,Antyodaya Anna Yojana (AAY),5,25.0,18.6,0.744,2.6,2,2024-05-03 18:47:00,18,0,NORMAL
TXN-11098,BEN378,FPS-CHE-001,Chennai,Rice,Antyodaya Anna Yojana (AAY),3,25.0,18.8,0.752,6.6,2,2024-09-16 19:17:00,19,0,NORMAL
TXN-11099,BEN212,FPS-CHE-001,Chennai,Rice,Priority (PHH),2,10.0,9.6,0.96,42.6,3,2024-06-01 17:44:00,17,0,NORMAL
TXN-11100,BEN029,FPS-COI-001,Coimbatore,Wheat,Priority (PHH),4,8.0,7.3,0.912,4.2,3,2024-02-14 12:49:00,12,0,NORMAL
TXN-11101,BEN336,FPS-SAL-001,Salem,Rice,Antyodaya Anna Yojana (AAY),3,25.0,21.4,0.856,167.6,3,2024-07-30 13:25:00,13,0,NORMAL
TXN-11102,BEN135,FPS-SAL-001,Salem,Rice,Priority (PHH),5,25.0,23.0,0.92,1.4,2,2024-09-15 15:46:00,15,0,NORMAL
TXN-11103,BEN122,FPS-CHE-002,Chennai,Sugar,Priority (PHH),5,1.0,0.7,0.7,54.1,1,2024-03-07 12:24:00,12,0,NORMAL
TXN-11104,BEN167,FPS-SAL-001,Salem,Rice,Priority (PHH),4,20.0,16.5,0.825,26.7,1,2024-04-01 13:55:00,13,0,NORMAL
TXN-11105,BEN399,FPS-CHE-001,Chennai,Rice,Priority (PHH),4,20.0,14.1,0.705,16.0,2,2024-05-03 13:55:00,13,0,NORMAL
TXN-11106,BEN327,FPS-MAD-002,Madurai,Rice,Priority (PHH),5,25.0,20.5,0.82,49.5,2,2024-08-23 19:59:00,19,0,NORMAL
TXN-11107,BEN336,FPS-TIR-002,Tiruchirappalli,Rice,Priority (PHH),2,10.0,7.8,0.78,21.9,4,2024-09-24 11:09:00,11,0,NORMAL
TXN-11108,BEN291,FPS-TIR-002,Tiruchirappalli,Sugar,Antyodaya Anna Yojana (AAY),2,2.0,1.7,0.85,11.9,2,2024-01-06 16:34:00,16,0,NORMAL
TXN-11109,BEN182,FPS-COI-002,Coimbatore,Wheat,Antyodaya Anna Yojana (AAY),4,10.0,9.7,0.97,9.1,3,2024-02-12 11:32:00,11,0,NORMAL
TXN-11110,BEN109,FPS-CHE-001,Chennai,Rice,Non-Priority (NPHH),4,20.0,17.9,0.895,25.9,1,2024-06-18 18:41:00,18,0,NORMAL
TXN-11111,BEN202,FPS-COI-001,Coimbatore,Rice,Priority (PHH),3,15.0,61.0,4.067,92.2,2,2024-09-24 08:23:00,8,1,SUSPICIOUS
TXN-11112,BEN169,FPS-SAL-001,Salem,Sugar,Priority (PHH),5,1.0,1.0,1.0,9.0,2,2024-04-21 11:17:00,11,0,NORMAL
TXN-11113,BEN360,FPS-SAL-001,Salem,Wheat,Antyodaya Anna Yojana (AAY),5,10.0,8.3,0.83,15.0,1,2024-05-20 17:13:00,17,0,NORMAL
TXN-11114,BEN285,FPS-TIR-002,Tiruchirappalli,Wheat,Priority (PHH),3,6.0,5.3,0.883,1.2,1,2024-09-14 10:28:00,10,0,NORMAL
TXN-11115,BEN244,FPS-CHE-002,Chennai,Sugar,Priority (PHH),3,1.0,1.0,1.0,21.0,2,2024-06-12 15:55:00,15,0,NORMAL
TXN-11116,BEN237,FPS-COI-002,Coimbatore,Rice,Priority (PHH),5,25.0,18.3,0.732,14.1,2,2024-06-10 12:34:00,12,0,NORMAL
TXN-11117,BEN163,FPS-SAL-002,Salem,Sugar,Priority (PHH),2,1.0,0.8,0.8,14.6,1,2024-01-20 12:34:00,12,0,NORMAL
TXN-11118,BEN250,FPS-CHE-002,Chennai,Rice,Priority (PHH),5,25.0,19.4,0.776,10.8,1,2024-08-07 18:41:00,18,0,NORMAL
TXN-11119,BEN098,FPS-COI-001,Coimbatore,Rice,Antyodaya Anna Yojana (AAY),3,25.0,24.3,0.972,13.2,1,2024-02-11 11:46:00,11,0,NORMAL
TXN-11120,BEN149,FPS-MAD-001,Madurai,Rice,Priority (PHH),2,10.0,7.1,0.71,4.2,2,2024-10-03 08:57:00,8,0,NORMAL
TXN-11121,BEN009,FPS-SAL-002,Salem,Rice,Priority (PHH),5,25.0,18.7,0.748,2.4,4,2024-04-05 18:23:00,18,0,NORMAL
TXN-11122,BEN138,FPS-CHE-002,Chennai,Dal,Priority (PHH),3,1.0,1.0,1.0,46.9,3,2024-06-10 10:13:00,10,0,NORMAL
TXN-11123,BEN325,FPS-CHE-001,Chennai,Rice,Priority (PHH),4,20.0,18.6,0.93,14.1,2,2024-05-26 14:45:00,14,0,NORMAL
TXN-11124,BEN196,FPS-CHE-002,Chennai,Sugar,Priority (PHH),2,1.0,0.7,0.7,65.5,1,2024-04-22 12:22:00,12,0,NORMAL
TXN-11125,BEN113,FPS-SAL-002,Salem,Rice,Priority (PHH),3,15.0,13.4,0.893,13.8,2,2024-01-23 16:40:00,16,0,NORMAL
TXN-11126,BEN080,FPS-CHE-001,Chennai,Sugar,Antyodaya Anna Yojana (AAY),2,2.0,1.8,0.9,6.0,1,2024-02-02 10:56:00,10,0,NORMAL
TXN-11127,BEN223,FPS-TIR-001,Tiruchirappalli,Rice,Priority (PHH),4,20.0,19.2,0.96,31.8,1,2024-10-14 18:04:00,18,0,NORMAL
TXN-11128,BEN098,FPS-MAD-002,Madurai,Sugar,Priority (PHH),4,1.0,0.9,0.9,30.4,3,2024-10-07 15:12:00,15,0,NORMAL
TXN-11129,BEN077,FPS-CHE-001,Chennai,Rice,Non-Priority (NPHH),3,15.0,12.9,0.86,118.1,3,2024-03-03 15:10:00,15,0,NORMAL
TXN-11130,BEN267,FPS-CHE-002,Chennai,Rice,Priority (PHH),5,25.0,23.8,0.952,79.7,3,2024-06-03 10:57:00,10,0,NORMAL
TXN-11131,BEN164,FPS-MAD-002,Madurai,Wheat,Priority (PHH),3,6.0,5.6,0.933,17.5,3,2024-02-29 11:21:00,11,0,NORMAL
TXN-11132,BEN190,FPS-SAL-002,Salem,Dal,Priority (PHH),3,1.0,1.0,1.0,41.8,3,2024-03-19 11:43:00,11,0,NORMAL
TXN-11133,BEN093,FPS-SAL-002,Salem,Wheat,Priority (PHH),3,6.0,5.4,0.9,51.8,4,2024-07-14 08:57:00,8,0,NORMAL
TXN-11134,BEN278,FPS-CHE-001,Chennai,Dal,Priority (PHH),4,1.0,1.0,1.0,4.4,1,2024-09-26 16:18:00,16,0,NORMAL
TXN-11135,BEN373,FPS-TIR-002,Tiruchirappalli,Wheat,Priority (PHH),2,4.0,3.8,0.95,14.6,3,2024-05-13 19:51:00,19,0,NORMAL
TXN-11136,BEN056,FPS-TIR-002,Tiruchirappalli,Wheat,Priority (PHH),4,8.0,6.1,0.762,17.6,2,2024-07-19 08:36:00,8,0,NORMAL
TXN-11137,BEN109,FPS-COI-002,Coimbatore,Rice,Priority (PHH),2,10.0,15.0,1.5,35.7,1,2024-05-25 23:39:00,23,1,SUSPICIOUS
TXN-11138,BEN048,FPS-COI-002,Coimbatore,Rice,Priority (PHH),5,25.0,18.9,0.756,62.7,6,2024-10-09 13:38:00,13,0,NORMAL
TXN-11139,BEN253,FPS-CHE-002,Chennai,Rice,Priority (PHH),3,15.0,11.2,0.747,33.8,1,2024-08-19 08:14:00,8,0,NORMAL
TXN-11140,BEN364,FPS-CHE-002,Chennai,Dal,Priority (PHH),3,1.0,0.8,0.8,10.3,2,2024-02-04 09:45:00,9,0,NORMAL
TXN-11141,BEN147,FPS-SAL-002,Salem,Wheat,Priority (PHH),2,4.0,3.9,0.975,6.5,2,2024-03-09 14:55:00,14,0,NORMAL
TXN-11142,BEN150,FPS-TIR-001,Tiruchirappalli,Sugar,Priority (PHH),3,1.0,0.8,0.8,29.7,3,2024-06-15 12:13:00,12,0,NORMAL
TXN-11143,BEN036,FPS-CHE-002,Chennai,Dal,Antyodaya Anna Yojana (AAY),3,2.0,1.9,0.95,9.1,2,2024-09-08 13:41:00,13,0,NORMAL
TXN-11144,BEN001,FPS-MAD-001,Madurai,Rice,Priority (PHH),5,25.0,20.3,0.812,36.2,1,2024-10-03 08:28:00,8,0,NORMAL
TXN-11145,BEN256,FPS-COI-001,Coimbatore,Rice,Priority (PHH),3,15.0,15.0,1.0,36.5,3,2024-01-29 16:54:00,16,0,NORMAL
TXN-11146,BEN291,FPS-TIR-001,Tiruchirappalli,Rice,Priority (PHH),5,25.0,17.9,0.716,39.6,1,2024-08-14 11:16:00,11,0,NORMAL
TXN-11147,BEN223,FPS-CHE-001,Chennai,Rice,Priority (PHH),4,20.0,18.4,0.92,28.8,3,2024-04-16 08:50:00,8,0,NORMAL
TXN-11148,BEN165,FPS-CHE-001,Chennai,Sugar,Antyodaya Anna Yojana (AAY),3,2.0,1.4,0.7,30.3,1,2024-06-06 19:22:00,19,0,NORMAL
TXN-11149,BEN380,FPS-SAL-001,Salem,Rice,Priority (PHH),2,10.0,7.3,0.73,3.5,1,2024-01-31 14:12:00,14,0,NORMAL
TXN-11150,BEN030,FPS-SAL-001,Salem,Rice,Antyodaya Anna Yojana (AAY),5,25.0,19.8,0.792,16.6,2,2024-06-15 08:10:00,8,0,NORMAL
TXN-11151,BEN346,FPS-CHE-001,Chennai,Sugar,Non-Priority (NPHH),5,1.0,1.0,1.0,7.7,2,2024-03-29 12:37:00,12,0,NORMAL
TXN-11152,BEN070,FPS-COI-001,Coimbatore,Rice,Priority (PHH),4,20.0,19.7,0.985,20.7,2,2024-08-22 18:15:00,18,0,NORMAL
TXN-11153,BEN181,FPS-SAL-002,Salem,Rice,Priority (PHH),3,15.0,12.5,0.833,2.2,3,2024-06-09 10:35:00,10,0,NORMAL
TXN-11154,BEN007,FPS-TIR-001,Tiruchirappalli,Dal,Non-Priority (NPHH),4,1.0,0.7,0.7,42.8,2,2024-05-26 16:55:00,16,0,NORMAL
TXN-11155,BEN282,FPS-COI-001,Coimbatore,Wheat,Priority (PHH),4,8.0,7.5,0.937,16.8,1,2024-02-19 08:10:00,8,0,NORMAL
TXN-11156,BEN332,FPS-SAL-001,Salem,Wheat,Antyodaya Anna Yojana (AAY),3,10.0,9.0,0.9,10.2,2,2024-10-11 08:23:00,8,0,NORMAL
TXN-11157,BEN355,FPS-TIR-001,Tiruchirappalli,Rice,Priority (PHH),2,10.0,8.6,0.86,37.5,1,2024-01-27 08:10:00,8,0,NORMAL
TXN-11158,BEN336,FPS-TIR-001,Tiruchirappalli,Sugar,Priority (PHH),2,1.0,1.0,1.0,79.3,1,2024-04-14 16:42:00,16,0,NORMAL
TXN-11159,BEN282,FPS-TIR-002,Tiruchirappalli,Rice,Priority (PHH),5,25.0,121.4,4.856,17.4,4,2024-07-13 16:12:00,16,1,SUSPICIOUS
TXN-11160,BEN078,FPS-CHE-001,Chennai,Sugar,Antyodaya Anna Yojana (AAY),2,2.0,1.5,0.75,4.6,2,2024-04-09 17:41:00,17,0,NORMAL
TXN-11161,BEN135,FPS-CHE-002,Chennai,Wheat,Priority (PHH),3,6.0,5.6,0.933,21.8,1,2024-06-30 10:41:00,10,0,NORMAL
TXN-11162,BEN059,FPS-MAD-002,Madurai,Sugar,Antyodaya Anna Yojana (AAY),2,2.0,1.6,0.8,16.3,1,2024-05-28 19:47:00,19,0,NORMAL
TXN-11163,BEN354,FPS-SAL-002,Salem,Wheat,Priority (PHH),5,10.0,7.2,0.72,49.2,3,2024-01-03 08:43:00,8,0,NORMAL
TXN-11164,BEN347,FPS-SAL-002,Salem,Wheat,Priority (PHH),5,10.0,7.6,0.76,1.3,1,2024-04-05 08:00:00,8,0,NORMAL
TXN-11165,BEN365,FPS-CHE-002,Chennai,Wheat,Non-Priority (NPHH),5,10.0,8.0,0.8,15.2,1,2024-05-07 10:28:00,10,0,NORMAL
TXN-11166,BEN375,FPS-SAL-002,Salem,Sugar,Priority (PHH),3,1.0,0.8,0.8,16.6,2,2024-04-12 16:28:00,16,0,NORMAL
TXN-11167,BEN233,FPS-COI-002,Coimbatore,Rice,Antyodaya Anna Yojana (AAY),4,25.0,22.5,0.9,6.3,2,2024-01-23 12:44:00,12,0,NORMAL
TXN-11168,BEN023,FPS-TIR-002,Tiruchirappalli,Rice,Priority (PHH),4,20.0,18.9,0.945,4.4,3,2024-02-19 17:57:00,17,0,NORMAL
TXN-11169,BEN169,FPS-COI-001,Coimbatore,Dal,Antyodaya Anna Yojana (AAY),2,2.0,1.6,0.8,15.3,3,2024-09-12 18:12:00,18,0,NORMAL
TXN-11170,BEN211,FPS-SAL-001,Salem,Wheat,Non-Priority (NPHH),4,8.0,5.9,0.737,1.7,2,2024-10-03 19:02:00,19,0,NORMAL
TXN-11171,BEN288,FPS-SAL-002,Salem,Dal,Priority (PHH),4,1.0,0.7,0.7,56.0,2,2024-03-02 13:09:00,13,0,NORMAL
TXN-11172,BEN061,FPS-MAD-001,Madurai,Sugar,Non-Priority (NPHH),4,1.0,0.9,0.9,20.4,1,2024-01-17 08:19:00,8,0,NORMAL
TXN-11173,BEN043,FPS-CHE-002,Chennai,Sugar,Priority (PHH),4,1.0,0.8,0.8,7.6,2,2024-08-01 13:07:00,13,0,NORMAL
TXN-11174,BEN019,FPS-SAL-001,Salem,Sugar,Priority (PHH),2,1.0,1.0,1.0,2.1,2,2024-09-04 10:13:00,10,0,NORMAL
TXN-11175,BEN248,FPS-SAL-002,Salem,Sugar,Priority (PHH),4,1.0,0.9,0.9,20.8,2,2024-08-09 08:33:00,8,0,NORMAL
TXN-11176,BEN039,FPS-TIR-001,Tiruchirappalli,Rice,Non-Priority (NPHH),4,20.0,18.1,0.905,129.6,1,2024-05-29 10:00:00,10,0,NORMAL
TXN-11177,BEN371,FPS-SAL-001,Salem,Sugar,Priority (PHH),5,1.0,0.8,0.8,35.6,3,2024-02-10 18:38:00,18,0,NORMAL
TXN-11178,BEN047,FPS-SAL-002,Salem,Wheat,Priority (PHH),2,4.0,2.9,0.725,25.9,4,2024-02-10 10:56:00,10,0,NORMAL
TXN-11179,BEN052,FPS-MAD-002,Madurai,Rice,Priority (PHH),5,25.0,21.6,0.864,131.7,1,2024-05-18 12:27:00,12,0,NORMAL
TXN-11180,BEN189,FPS-SAL-002,Salem,Rice,Priority (PHH),5,25.0,20.9,0.836,11.1,3,2024-07-07 14:20:00,14,0,NORMAL
TXN-11181,BEN115,FPS-CHE-001,Chennai,Wheat,Priority (PHH),4,8.0,7.1,0.887,18.1,3,2024-10-11 12:52:00,12,0,NORMAL
TXN-11182,BEN249,FPS-MAD-002,Madurai,Wheat,Priority (PHH),2,4.0,3.7,0.925,93.8,3,2024-10-14 15:22:00,15,0,NORMAL
TXN-11183,BEN334,FPS-COI-001,Coimbatore,Rice,Priority (PHH),2,10.0,7.1,0.71,2.7,2,2024-10-22 17:08:00,17,0,NORMAL
TXN-11184,BEN287,FPS-MAD-001,Madurai,Rice,Priority (PHH),5,25.0,99.9,3.996,5.9,2,2024-09-02 10:28:00,10,1,SUSPICIOUS
TXN-11185,BEN212,FPS-MAD-002,Madurai,Dal,Priority (PHH),4,1.0,1.0,1.0,22.3,1,2024-09-13 08:47:00,8,0,NORMAL
TXN-11186,BEN332,FPS-CHE-001,Chennai,Dal,Non-Priority (NPHH),2,1.0,1.0,1.0,37.0,3,2024-05-13 10:12:00,10,0,NORMAL
TXN-11187,BEN212,FPS-TIR-002,Tiruchirappalli,Sugar,Antyodaya Anna Yojana (AAY),2,2.0,1.9,0.95,31.6,3,2024-05-30 15:50:00,15,0,NORMAL
TXN-11188,BEN091,FPS-SAL-002,Salem,Wheat,Priority (PHH),3,6.0,4.8,0.8,31.3,1,2024-04-19 13:27:00,13,0,NORMAL
TXN-11189,BEN287,FPS-CHE-002,Chennai,Dal,Priority (PHH),4,1.0,0.9,0.9,42.7,1,2024-02-03 18:20:00,18,0,NORMAL
TXN-11190,BEN181,FPS-TIR-001,Tiruchirappalli,Rice,Priority (PHH),5,25.0,23.1,0.924,35.5,3,2024-07-08 15:38:00,15,0,NORMAL
TXN-11191,BEN100,FPS-CHE-001,Chennai,Sugar,Priority (PHH),5,1.0,0.9,0.9,77.8,1,2024-02-18 11:59:00,11,0,NORMAL
TXN-11192,BEN081,FPS-COI-002,Coimbatore,Wheat,Priority (PHH),2,4.0,2.9,0.725,12.3,1,2024-03-23 10:29:00,10,0,NORMAL
TXN-11193,BEN180,FPS-CHE-002,Chennai,Dal,Priority (PHH),3,1.0,0.8,0.8,27.9,1,2024-06-23 10:40:00,10,0,NORMAL
TXN-11194,BEN389,FPS-MAD-001,Madurai,Dal,Priority (PHH),2,1.0,0.8,0.8,23.6,4,2024-05-24 18:32:00,18,0,NORMAL
TXN-11195,BEN047,FPS-TIR-002,Tiruchirappalli,Sugar,Priority (PHH),4,1.0,0.7,0.7,4.3,3,2024-04-14 18:30:00,18,0,NORMAL
TXN-11196,BEN219,FPS-SAL-002,Salem,Wheat,Priority (PHH),2,4.0,3.3,0.825,22.7,5,2024-04-03 17:19:00,17,0,NORMAL
TXN-11197,BEN395,FPS-COI-002,Coimbatore,Wheat,Priority (PHH),4,8.0,6.2,0.775,57.8,3,2024-01-21 12:06:00,12,0,NORMAL
TXN-11198,BEN240,FPS-CHE-001,Chennai,Rice,Priority (PHH),5,25.0,21.5,0.86,29.3,5,2024-04-25 10:03:00,10,0,NORMAL
TXN-11199,BEN277,FPS-MAD-002,Madurai,Sugar,Priority (PHH),5,1.0,0.9,0.9,8.2,5,2024-01-01 14:09:00,14,0,NORMAL
TXN-11200,BEN084,FPS-SAL-002,Salem,Dal,Priority (PHH),5,1.0,0.8,0.8,8.0,3,2024-07-21 14:32:00,14,0,NORMAL
TXN-11201,BEN309,FPS-SAL-002,Salem,Wheat,Priority (PHH),3,6.0,4.2,0.7,7.7,2,2024-10-22 15:49:00,15,0,NORMAL
TXN-11202,BEN070,FPS-COI-002,Coimbatore,Rice,Priority (PHH),2,10.0,9.7,0.97,28.4,2,2024-02-04 09:15:00,9,0,NORMAL
TXN-11203,BEN296,FPS-TIR-002,Tiruchirappalli,Rice,Antyodaya Anna Yojana (AAY),2,25.0,21.6,0.864,3.4,2,2024-06-30 16:21:00,16,0,NORMAL
TXN-11204,BEN095,FPS-CHE-002,Chennai,Rice,Priority (PHH),5,25.0,37.5,1.5,12.0,3,2024-08-18 01:45:00,1,1,SUSPICIOUS
TXN-11205,BEN173,FPS-SAL-001,Salem,Sugar,Priority (PHH),3,1.0,0.8,0.8,26.8,3,2024-07-11 13:10:00,13,0,NORMAL
TXN-11206,BEN346,FPS-MAD-002,Madurai,Rice,Priority (PHH),2,10.0,8.2,0.82,34.6,2,2024-10-20 14:10:00,14,0,NORMAL
TXN-11207,BEN300,FPS-TIR-002,Tiruchirappalli,Wheat,Priority (PHH),4,8.0,5.6,0.7,47.9,3,2024-08-17 13:17:00,13,0,NORMAL
TXN-11208,BEN041,FPS-SAL-002,Salem,Dal,Priority (PHH),4,1.0,0.9,0.9,89.4,1,2024-09-02 14:01:00,14,0,NORMAL
TXN-11209,BEN399,FPS-COI-001,Coimbatore,Dal,Priority (PHH),3,1.0,0.8,0.8,49.5,3,2024-01-10 12:58:00,12,0,NORMAL
TXN-11210,BEN084,FPS-MAD-001,Madurai,Dal,Priority (PHH),4,1.0,1.5,1.5,54.3,3,2024-10-17 23:31:00,23,1,SUSPICIOUS
TXN-11211,BEN124,FPS-COI-002,Coimbatore,Rice,Priority (PHH),2,10.0,7.0,0.7,15.1,1,2024-04-20 09:22:00,9,0,NORMAL
TXN-11212,BEN029,FPS-TIR-001,Tiruchirappalli,Wheat,Antyodaya Anna Yojana (AAY),2,10.0,7.3,0.73,48.0,2,2024-02-13 12:51:00,12,0,NORMAL
TXN-11213,BEN328,FPS-MAD-002,Madurai,Sugar,Priority (PHH),2,1.0,0.7,0.7,5.8,3,2024-10-21 18:36:00,18,0,NORMAL
TXN-11214,BEN139,FPS-MAD-002,Madurai,Rice,Antyodaya Anna Yojana (AAY),5,25.0,17.6,0.704,3.8,1,2024-04-26 11:32:00,11,0,NORMAL
TXN-11215,BEN324,FPS-SAL-002,Salem,Wheat,Non-Priority (NPHH),4,8.0,7.0,0.875,11.2,2,2024-03-20 18:35:00,18,0,NORMAL
TXN-11216,BEN042,FPS-SAL-001,Salem,Rice,Priority (PHH),4,20.0,15.6,0.78,24.4,5,2024-07-30 19:54:00,19,0,NORMAL
TXN-11217,BEN253,FPS-COI-002,Coimbatore,Dal,Priority (PHH),2,1.0,0.8,0.8,63.0,4,2024-09-15 17:06:00,17,0,NORMAL
TXN-11218,BEN380,FPS-MAD-002,Madurai,Wheat,Priority (PHH),4,8.0,7.8,0.975,11.4,2,2024-03-20 09:07:00,9,0,NORMAL
TXN-11219,BEN268,FPS-SAL-001,Salem,Rice,Priority (PHH),5,25.0,23.8,0.952,16.6,3,2024-06-08 10:25:00,10,0,NORMAL
TXN-11220,BEN205,FPS-SAL-001,Salem,Sugar,Priority (PHH),3,1.0,0.9,0.9,22.5,1,2024-01-25 17:15:00,17,0,NORMAL
TXN-11221,BEN276,FPS-SAL-002,Salem,Wheat,Antyodaya Anna Yojana (AAY),5,10.0,10.0,1.0,90.0,2,2024-03-15 13:51:00,13,0,NORMAL
TXN-11222,BEN091,FPS-TIR-001,Tiruchirappalli,Rice,Priority (PHH),2,10.0,11.0,1.1,1.3,6,2024-03-30 12:41:00,12,1,SUSPICIOUS
TXN-11223,BEN068,FPS-TIR-002,Tiruchirappalli,Dal,Priority (PHH),3,1.0,0.8,0.8,14.3,3,2024-05-07 15:28:00,15,0,NORMAL
TXN-11224,BEN050,FPS-TIR-001,Tiruchirappalli,Dal,Priority (PHH),2,1.0,0.9,0.9,101.0,3,2024-04-12 19:17:00,19,0,NORMAL
TXN-11225,BEN343,FPS-COI-001,Coimbatore,Rice,Priority (PHH),4,20.0,14.4,0.72,2.3,1,2024-08-27 18:14:00,18,0,NORMAL
TXN-11226,BEN318,FPS-MAD-001,Madurai,Wheat,Priority (PHH),4,8.0,7.4,0.925,13.1,1,2024-02-26 11:35:00,11,0,NORMAL
TXN-11227,BEN135,FPS-COI-002,Coimbatore,Wheat,Priority (PHH),4,8.0,7.7,0.962,30.2,2,2024-06-24 12:10:00,12,0,NORMAL
TXN-11228,BEN290,FPS-CHE-002,Chennai,Dal,Non-Priority (NPHH),3,1.0,0.9,0.9,22.3,1,2024-08-06 09:20:00,9,0,NORMAL
TXN-11229,BEN287,FPS-MAD-001,Madurai,Sugar,Priority (PHH),2,1.0,0.7,0.7,80.6,2,2024-01-31 18:34:00,18,0,NORMAL
TXN-11230,BEN069,FPS-SAL-002,Salem,Sugar,Non-Priority (NPHH),4,1.0,0.8,0.8,4.2,3,2024-02-13 10:29:00,10,0,NORMAL
TXN-11231,BEN043,FPS-CHE-001,Chennai,Rice,Non-Priority (NPHH),3,15.0,13.2,0.88,7.2,2,2024-05-13 16:43:00,16,0,NORMAL
TXN-11232,BEN316,FPS-COI-002,Coimbatore,Sugar,Non-Priority (NPHH),2,1.0,1.0,1.0,19.6,1,2024-05-30 14:54:00,14,0,NORMAL
TXN-11233,BEN344,FPS-MAD-002,Madurai,Rice,Antyodaya Anna Yojana (AAY),3,25.0,22.1,0.884,49.7,1,2024-06-17 17:51:00,17,0,NORMAL
TXN-11234,BEN094,FPS-CHE-001,Chennai,Sugar,Antyodaya Anna Yojana (AAY),2,2.0,1.6,0.8,2.0,1,2024-02-27 16:12:00,16,0,NORMAL
TXN-11235,BEN071,FPS-CHE-002,Chennai,Wheat,Antyodaya Anna Yojana (AAY),2,10.0,8.2,0.82,27.6,4,2024-08-15 17:18:00,17,0,NORMAL
TXN-11236,BEN369,FPS-TIR-002,Tiruchirappalli,Rice,Priority (PHH),5,25.0,23.5,0.94,6.0,2,2024-01-06 18:06:00,18,0,NORMAL
TXN-11237,BEN047,FPS-MAD-001,Madurai,Sugar,Non-Priority (NPHH),3,1.0,1.0,1.0,33.3,1,2024-09-14 18:06:00,18,0,NORMAL
TXN-11238,BEN165,FPS-CHE-002,Chennai,Sugar,Priority (PHH),4,1.0,1.1,1.1,0.5,6,2024-10-23 13:35:00,13,1,SUSPICIOUS
TXN-11239,BEN133,FPS-COI-002,Coimbatore,Wheat,Priority (PHH),3,6.0,5.9,0.983,17.2,3,2024-06-19 17:31:00,17,0,NORMAL
TXN-11240,BEN329,FPS-COI-001,Coimbatore,Dal,Priority (PHH),2,1.0,0.9,0.9,29.2,2,2024-07-18 16:08:00,16,0,NORMAL
TXN-11241,BEN385,FPS-CHE-002,Chennai,Wheat,Priority (PHH),4,8.0,6.3,0.787,24.4,3,2024-06-11 15:47:00,15,0,NORMAL
TXN-11242,BEN347,FPS-COI-001,Coimbatore,Dal,Antyodaya Anna Yojana (AAY),2,2.0,1.4,0.7,47.5,3,2024-10-05 08:49:00,8,0,NORMAL
TXN-11243,BEN132,FPS-TIR-002,Tiruchirappalli,Dal,Priority (PHH),4,1.0,0.8,0.8,38.2,2,2024-06-08 16:43:00,16,0,NORMAL
TXN-11244,BEN236,FPS-MAD-002,Madurai,Sugar,Priority (PHH),2,1.0,0.9,0.9,34.1,2,2024-09-01 08:44:00,8,0,NORMAL
TXN-11245,BEN374,FPS-CHE-001,Chennai,Rice,Priority (PHH),5,25.0,25.0,1.0,57.4,2,2024-07-27 10:35:00,10,0,NORMAL
TXN-11246,BEN012,FPS-SAL-001,Salem,Rice,Priority (PHH),5,25.0,21.1,0.844,27.2,1,2024-01-27 14:57:00,14,0,NORMAL
TXN-11247,BEN379,FPS-CHE-002,Chennai,Dal,Non-Priority (NPHH),5,1.0,1.0,1.0,12.5,2,2024-08-11 18:45:00,18,0,NORMAL
TXN-11248,BEN017,FPS-SAL-002,Salem,Dal,Priority (PHH),4,1.0,0.8,0.8,38.0,4,2024-05-12 19:52:00,19,0,NORMAL
TXN-11249,BEN015,FPS-CHE-001,Chennai,Rice,Priority (PHH),4,20.0,16.1,0.805,52.6,1,2024-01-10 16:06:00,16,0,NORMAL
TXN-11250,BEN168,FPS-SAL-002,Salem,Wheat,Priority (PHH),5,10.0,8.2,0.82,19.4,1,2024-06-23 14:51:00,14,0,NORMAL
TXN-11251,BEN383,FPS-COI-002,Coimbatore,Rice,Priority (PHH),2,10.0,8.8,0.88,3.4,2,2024-02-22 19:50:00,19,0,NORMAL
TXN-11252,BEN193,FPS-SAL-001,Salem,Dal,Non-Priority (NPHH),4,1.0,0.8,0.8,3.6,2,2024-06-21 16:36:00,16,0,NORMAL
TXN-11253,BEN049,FPS-TIR-002,Tiruchirappalli,Sugar,Priority (PHH),4,1.0,1.0,1.0,26.9,2,2024-01-25 10:44:00,10,0,NORMAL
TXN-11254,BEN264,FPS-TIR-001,Tiruchirappalli,Rice,Priority (PHH),3,15.0,12.9,0.86,62.0,2,2024-01-25 17:47:00,17,0,NORMAL
TXN-11255,BEN259,FPS-COI-001,Coimbatore,Rice,Antyodaya Anna Yojana (AAY),5,25.0,24.2,0.968,13.2,2,2024-02-28 17:11:00,17,0,NORMAL
TXN-11256,BEN296,FPS-COI-002,Coimbatore,Sugar,Priority (PHH),5,1.0,0.8,0.8,1.2,3,2024-10-13 09:06:00,9,0,NORMAL
TXN-11257,BEN180,FPS-CHE-001,Chennai,Wheat,Priority (PHH),2,4.0,3.5,0.875,24.4,1,2024-08-31 15:43:00,15,0,NORMAL
TXN-11258,BEN158,FPS-SAL-002,Salem,Rice,Non-Priority (NPHH),5,25.0,18.3,0.732,2.8,1,2024-01-16 10:58:00,10,0,NORMAL
TXN-11259,BEN387,FPS-SAL-001,Salem,Wheat,Antyodaya Anna Yojana (AAY),5,10.0,9.1,0.91,4.6,1,2024-08-05 17:22:00,17,0,NORMAL
TXN-11260,BEN061,FPS-MAD-002,Madurai,Rice,Priority (PHH),5,25.0,23.7,0.948,28.0,4,2024-09-25 19:34:00,19,0,NORMAL
TXN-11261,BEN367,FPS-CHE-002,Chennai,Rice,Priority (PHH),4,20.0,15.7,0.785,50.5,1,2024-06-18 13:55:00,13,0,NORMAL
TXN-11262,BEN283,FPS-SAL-002,Salem,Wheat,Priority (PHH),3,6.0,4.6,0.767,49.9,1,2024-09-12 16:11:00,16,0,NORMAL
TXN-11263,BEN272,FPS-MAD-002,Madurai,Rice,Priority (PHH),4,20.0,19.0,0.95,8.2,3,2024-03-18 12:11:00,12,0,NORMAL
TXN-11264,BEN194,FPS-CHE-001,Chennai,Rice,Priority (PHH),4,20.0,19.9,0.995,28.2,2,2024-10-13 19:44:00,19,0,NORMAL
TXN-11265,BEN187,FPS-SAL-001,Salem,Wheat,Antyodaya Anna Yojana (AAY),2,10.0,7.5,0.75,10.1,3,2024-09-18 13:23:00,13,0,NORMAL
TXN-11266,BEN312,FPS-CHE-002,Chennai,Wheat,Priority (PHH),4,8.0,6.7,0.837,6.3,4,2024-01-28 18:55:00,18,0,NORMAL
TXN-11267,BEN107,FPS-SAL-001,Salem,Rice,Antyodaya Anna Yojana (AAY),3,25.0,20.3,0.812,10.5,2,2024-02-02 18:55:00,18,0,NORMAL
TXN-11268,BEN180,FPS-CHE-002,Chennai,Dal,Priority (PHH),3,1.0,1.0,1.0,7.9,3,2024-03-18 10:57:00,10,0,NORMAL
TXN-11269,BEN157,FPS-SAL-001,Salem,Rice,Priority (PHH),5,25.0,23.9,0.956,17.2,1,2024-06-14 16:05:00,16,0,NORMAL
TXN-11270,BEN228,FPS-MAD-002,Madurai,Rice,Antyodaya Anna Yojana (AAY),4,25.0,23.8,0.952,30.8,2,2024-10-22 16:52:00,16,0,NORMAL
TXN-11271,BEN016,FPS-CHE-001,Chennai,Sugar,Priority (PHH),3,1.0,1.0,1.0,11.6,5,2024-03-22 13:21:00,13,0,NORMAL
TXN-11272,BEN216,FPS-CHE-001,Chennai,Wheat,Priority (PHH),3,6.0,5.3,0.883,10.1,3,2024-01-14 15:18:00,15,0,NORMAL
TXN-11273,BEN197,FPS-SAL-002,Salem,Wheat,Priority (PHH),5,10.0,9.0,0.9,115.0,3,2024-01-18 11:30:00,11,0,NORMAL
TXN-11274,BEN021,FPS-COI-002,Coimbatore,Wheat,Priority (PHH),4,8.0,7.5,0.937,5.7,1,2024-03-24 17:40:00,17,0,NORMAL
TXN-11275,BEN342,FPS-CHE-001,Chennai,Rice,Priority (PHH),4,20.0,16.2,0.81,30.4,2,2024-10-19 14:16:00,14,0,NORMAL
TXN-11276,BEN008,FPS-SAL-002,Salem,Wheat,Priority (PHH),4,8.0,7.0,0.875,26.2,2,2024-04-10 16:50:00,16,0,NORMAL
TXN-11277,BEN332,FPS-CHE-002,Chennai,Rice,Priority (PHH),4,20.0,16.2,0.81,32.4,3,2024-07-08 12:20:00,12,0,NORMAL
TXN-11278,BEN263,FPS-COI-002,Coimbatore,Sugar,Priority (PHH),3,1.0,0.9,0.9,48.5,1,2024-07-24 16:55:00,16,0,NORMAL
TXN-11279,BEN032,FPS-COI-002,Coimbatore,Wheat,Priority (PHH),3,6.0,5.3,0.883,22.6,2,2024-08-30 08:21:00,8,0,NORMAL
TXN-11280,BEN012,FPS-SAL-001,Salem,Rice,Priority (PHH),3,15.0,11.3,0.753,35.2,1,2024-03-23 14:02:00,14,0,NORMAL
TXN-11281,BEN281,FPS-TIR-001,Tiruchirappalli,Dal,Priority (PHH),4,1.0,0.8,0.8,37.9,2,2024-10-12 16:52:00,16,0,NORMAL
TXN-11282,BEN221,FPS-TIR-002,Tiruchirappalli,Rice,Priority (PHH),2,10.0,8.9,0.89,49.8,1,2024-07-29 14:34:00,14,0,NORMAL
TXN-11283,BEN028,FPS-CHE-001,Chennai,Rice,Priority (PHH),5,25.0,19.5,0.78,8.6,3,2024-02-07 11:13:00,11,0,NORMAL
TXN-11284,BEN395,FPS-SAL-001,Salem,Sugar,Priority (PHH),5,1.0,0.9,0.9,13.7,3,2024-09-07 14:58:00,14,0,NORMAL
TXN-11285,BEN315,FPS-SAL-002,Salem,Sugar,Priority (PHH),3,1.0,0.9,0.9,13.5,1,2024-03-23 13:44:00,13,0,NORMAL
TXN-11286,BEN169,FPS-MAD-001,Madurai,Rice,Priority (PHH),4,20.0,19.5,0.975,4.1,2,2024-07-02 19:41:00,19,0,NORMAL
TXN-11287,BEN178,FPS-MAD-001,Madurai,Sugar,Priority (PHH),5,1.0,0.7,0.7,16.0,3,2024-04-16 17:14:00,17,0,NORMAL
TXN-11288,BEN331,FPS-SAL-002,Salem,Rice,Non-Priority (NPHH),4,20.0,14.9,0.745,24.1,4,2024-01-18 16:53:00,16,0,NORMAL
TXN-11289,BEN133,FPS-MAD-002,Madurai,Wheat,Antyodaya Anna Yojana (AAY),2,10.0,7.3,0.73,25.8,2,2024-10-21 19:39:00,19,0,NORMAL
TXN-11290,BEN036,FPS-COI-001,Coimbatore,Sugar,Non-Priority (NPHH),3,1.0,0.7,0.7,6.0,3,2024-02-24 19:18:00,19,0,NORMAL
TXN-11291,BEN384,FPS-CHE-001,Chennai,Rice,Antyodaya Anna Yojana (AAY),5,25.0,24.6,0.984,22.7,2,2024-08-31 08:24:00,8,0,NORMAL
TXN-11292,BEN165,FPS-CHE-002,Chennai,Rice,Non-Priority (NPHH),2,10.0,9.4,0.94,34.4,2,2024-08-02 08:02:00,8,0,NORMAL
TXN-11293,BEN276,FPS-COI-002,Coimbatore,Wheat,Non-Priority (NPHH),5,10.0,7.4,0.74,30.5,1,2024-07-14 16:51:00,16,0,NORMAL
TXN-11294,BEN265,FPS-MAD-001,Madurai,Sugar,Priority (PHH),4,1.0,0.7,0.7,18.9,3,2024-08-12 08:11:00,8,0,NORMAL
TXN-11295,BEN083,FPS-SAL-001,Salem,Rice,Priority (PHH),2,10.0,7.5,0.75,12.2,2,2024-05-12 19:35:00,19,0,NORMAL
TXN-11296,BEN282,FPS-CHE-001,Chennai,Dal,Antyodaya Anna Yojana (AAY),5,2.0,1.8,0.9,20.1,2,2024-03-16 08:57:00,8,0,NORMAL
TXN-11297,BEN230,FPS-SAL-002,Salem,Dal,Priority (PHH),5,1.0,0.8,0.8,3.3,4,2024-05-20 11:16:00,11,0,NORMAL
TXN-11298,BEN388,FPS-SAL-001,Salem,Sugar,Priority (PHH),5,1.0,0.8,0.8,38.0,4,2024-10-04 16:26:00,16,0,NORMAL
TXN-11299,BEN063,FPS-MAD-001,Madurai,Rice,Non-Priority (NPHH),4,20.0,18.0,0.9,7.9,2,2024-05-13 09:00:00,9,0,NORMAL
TXN-11300,BEN348,FPS-MAD-001,Madurai,Rice,Antyodaya Anna Yojana (AAY),2,25.0,23.2,0.928,18.8,2,2024-09-07 15:38:00,15,0,NORMAL
TXN-11301,BEN016,FPS-SAL-002,Salem,Wheat,Priority (PHH),5,10.0,9.7,0.97,3.6,3,2024-03-05 13:01:00,13,0,NORMAL
TXN-11302,BEN085,FPS-MAD-001,Madurai,Dal,Priority (PHH),3,1.0,1.0,1.0,85.4,1,2024-07-27 11:30:00,11,0,NORMAL
TXN-11303,BEN016,FPS-TIR-002,Tiruchirappalli,Sugar,Priority (PHH),5,1.0,0.8,0.8,9.7,2,2024-03-18 15:47:00,15,0,NORMAL
TXN-11304,BEN312,FPS-COI-001,Coimbatore,Dal,Priority (PHH),3,1.0,0.8,0.8,39.6,2,2024-04-03 15:35:00,15,0,NORMAL
TXN-11305,BEN144,FPS-COI-001,Coimbatore,Rice,Priority (PHH),4,20.0,14.3,0.715,74.8,1,2024-09-16 19:41:00,19,0,NORMAL
TXN-11306,BEN065,FPS-MAD-001,Madurai,Rice,Non-Priority (NPHH),2,10.0,9.7,0.97,26.3,2,2024-01-18 13:34:00,13,0,NORMAL
TXN-11307,BEN281,FPS-CHE-002,Chennai,Sugar,Priority (PHH),4,1.0,0.8,0.8,18.3,3,2024-05-18 12:07:00,12,0,NORMAL
TXN-11308,BEN169,FPS-MAD-001,Madurai,Wheat,Non-Priority (NPHH),5,10.0,9.8,0.98,13.4,2,2024-05-29 12:14:00,12,0,NORMAL
TXN-11309,BEN073,FPS-CHE-002,Chennai,Rice,Priority (PHH),3,15.0,11.5,0.767,53.5,5,2024-03-27 14:54:00,14,0,NORMAL
TXN-11310,BEN365,FPS-COI-001,Coimbatore,Wheat,Priority (PHH),4,8.0,6.5,0.812,50.5,1,2024-07-31 10:45:00,10,0,NORMAL
TXN-11311,BEN234,FPS-MAD-002,Madurai,Rice,Priority (PHH),3,15.0,14.1,0.94,39.2,2,2024-03-03 10:44:00,10,0,NORMAL
TXN-11312,BEN138,FPS-MAD-001,Madurai,Rice,Priority (PHH),2,10.0,9.7,0.97,23.2,2,2024-01-31 17:17:00,17,0,NORMAL
TXN-11313,BEN389,FPS-COI-001,Coimbatore,Rice,Non-Priority (NPHH),2,10.0,7.1,0.71,6.4,1,2024-05-09 17:02:00,17,0,NORMAL
TXN-11314,BEN047,FPS-CHE-002,Chennai,Rice,Priority (PHH),4,20.0,17.8,0.89,7.9,4,2024-02-03 15:49:00,15,0,NORMAL
TXN-11315,BEN271,FPS-MAD-001,Madurai,Sugar,Non-Priority (NPHH),4,1.0,0.9,0.9,3.4,2,2024-01-23 18:58:00,18,0,NORMAL
TXN-11316,BEN023,FPS-MAD-002,Madurai,Sugar,Priority (PHH),4,1.0,0.7,0.7,25.3,3,2024-05-15 12:02:00,12,0,NORMAL
TXN-11317,BEN380,FPS-MAD-002,Madurai,Rice,Priority (PHH),2,10.0,9.5,0.95,1.4,1,2024-07-09 10:25:00,10,0,NORMAL
TXN-11318,BEN314,FPS-SAL-002,Salem,Rice,Non-Priority (NPHH),5,25.0,20.4,0.816,19.7,1,2024-07-12 12:06:00,12,0,NORMAL
TXN-11319,BEN054,FPS-CHE-001,Chennai,Rice,Priority (PHH),2,10.0,9.6,0.96,75.0,2,2024-02-10 12:37:00,12,0,NORMAL
TXN-11320,BEN119,FPS-CHE-002,Chennai,Dal,Non-Priority (NPHH),4,1.0,0.9,0.9,16.6,2,2024-10-11 16:50:00,16,0,NORMAL
TXN-11321,BEN271,FPS-COI-001,Coimbatore,Rice,Antyodaya Anna Yojana (AAY),2,25.0,23.5,0.94,17.0,1,2024-04-29 10:14:00,10,0,NORMAL
TXN-11322,BEN064,FPS-CHE-002,Chennai,Rice,Non-Priority (NPHH),2,10.0,9.0,0.9,46.4,3,2024-05-28 11:52:00,11,0,NORMAL
TXN-11323,BEN012,FPS-MAD-002,Madurai,Wheat,Antyodaya Anna Yojana (AAY),5,10.0,9.2,0.92,27.6,1,2024-01-31 12:29:00,12,0,NORMAL
TXN-11324,BEN145,FPS-COI-002,Coimbatore,Rice,Priority (PHH),3,15.0,13.6,0.907,75.5,2,2024-08-26 14:27:00,14,0,NORMAL
TXN-11325,BEN087,FPS-CHE-001,Chennai,Dal,Priority (PHH),3,1.0,0.9,0.9,8.0,1,2024-02-27 13:43:00,13,0,NORMAL
TXN-11326,BEN059,FPS-CHE-001,Chennai,Wheat,Priority (PHH),3,6.0,5.9,0.983,11.7,2,2024-04-05 18:33:00,18,0,NORMAL
TXN-11327,BEN105,FPS-COI-001,Coimbatore,Dal,Priority (PHH),4,1.0,0.8,0.8,4.0,3,2024-06-26 16:46:00,16,0,NORMAL
TXN-11328,BEN234,FPS-TIR-001,Tiruchirappalli,Dal,Priority (PHH),4,1.0,1.0,1.0,6.3,4,2024-01-06 13:44:00,13,0,NORMAL
TXN-11329,BEN036,FPS-COI-002,Coimbatore,Wheat,Priority (PHH),3,6.0,5.2,0.867,40.0,2,2024-05-10 08:59:00,8,0,NORMAL
TXN-11330,BEN095,FPS-SAL-002,Salem,Rice,Priority (PHH),5,25.0,21.8,0.872,12.2,2,2024-10-09 11:47:00,11,0,NORMAL
TXN-11331,BEN003,FPS-CHE-002,Chennai,Rice,Priority (PHH),5,25.0,23.8,0.952,1.9,2,2024-09-26 11:23:00,11,0,NORMAL
TXN-11332,BEN261,FPS-TIR-002,Tiruchirappalli,Wheat,Priority (PHH),4,8.0,7.3,0.912,63.7,3,2024-04-03 17:19:00,17,0,NORMAL
TXN-11333,BEN024,FPS-TIR-001,Tiruchirappalli,Sugar,Priority (PHH),3,1.0,1.0,1.0,10.7,3,2024-02-09 14:38:00,14,0,NORMAL
TXN-11334,BEN374,FPS-MAD-002,Madurai,Wheat,Priority (PHH),4,8.0,6.0,0.75,16.8,4,2024-08-16 12:12:00,12,0,NORMAL
TXN-11335,BEN275,FPS-SAL-002,Salem,Wheat,Priority (PHH),3,6.0,5.1,0.85,29.2,1,2024-01-18 11:23:00,11,0,NORMAL
TXN-11336,BEN227,FPS-CHE-001,Chennai,Dal,Priority (PHH),4,1.0,0.9,0.9,5.0,2,2024-07-19 17:52:00,17,0,NORMAL
TXN-11337,BEN245,FPS-COI-001,Coimbatore,Wheat,Non-Priority (NPHH),5,10.0,7.2,0.72,4.6,2,2024-02-18 17:36:00,17,0,NORMAL
TXN-11338,BEN305,FPS-COI-002,Coimbatore,Wheat,Priority (PHH),4,8.0,6.8,0.85,47.6,1,2024-08-22 17:07:00,17,0,NORMAL
TXN-11339,BEN368,FPS-SAL-002,Salem,Rice,Priority (PHH),5,25.0,22.0,0.88,91.2,1,2024-02-29 12:47:00,12,0,NORMAL
TXN-11340,BEN327,FPS-MAD-001,Madurai,Sugar,Priority (PHH),2,1.0,1.0,1.0,30.7,2,2024-01-09 13:43:00,13,0,NORMAL
TXN-11341,BEN026,FPS-COI-001,Coimbatore,Wheat,Priority (PHH),2,4.0,3.8,0.95,16.9,2,2024-02-06 16:29:00,16,0,NORMAL
TXN-11342,BEN115,FPS-SAL-001,Salem,Wheat,Priority (PHH),5,10.0,10.0,1.0,43.7,1,2024-05-18 16:06:00,16,0,NORMAL
TXN-11343,BEN285,FPS-SAL-001,Salem,Wheat,Priority (PHH),3,6.0,5.5,0.917,3.8,2,2024-02-05 19:33:00,19,0,NORMAL
TXN-11344,BEN118,FPS-TIR-001,Tiruchirappalli,Wheat,Antyodaya Anna Yojana (AAY),4,10.0,9.8,0.98,39.8,1,2024-07-26 17:57:00,17,0,NORMAL
TXN-11345,BEN274,FPS-CHE-002,Chennai,Wheat,Priority (PHH),2,4.0,3.0,0.75,33.2,3,2024-01-07 11:26:00,11,0,NORMAL
TXN-11346,BEN364,FPS-COI-001,Coimbatore,Rice,Priority (PHH),5,25.0,121.4,4.856,10.4,2,2024-08-20 18:31:00,18,1,SUSPICIOUS
TXN-11347,BEN278,FPS-CHE-002,Chennai,Sugar,Priority (PHH),5,1.0,0.7,0.7,13.9,3,2024-04-29 10:49:00,10,0,NORMAL
TXN-11348,BEN391,FPS-MAD-001,Madurai,Wheat,Non-Priority (NPHH),5,10.0,7.5,0.75,63.3,2,2024-09-17 14:26:00,14,0,NORMAL
TXN-11349,BEN137,FPS-TIR-002,Tiruchirappalli,Dal,Priority (PHH),4,1.0,0.8,0.8,13.4,1,2024-08-03 12:50:00,12,0,NORMAL
TXN-11350,BEN096,FPS-COI-001,Coimbatore,Sugar,Priority (PHH),2,1.0,0.9,0.9,3.5,1,2024-07-04 14:49:00,14,0,NORMAL
TXN-11351,BEN324,FPS-TIR-001,Tiruchirappalli,Rice,Non-Priority (NPHH),5,25.0,19.8,0.792,15.7,3,2024-01-09 12:04:00,12,0,NORMAL
TXN-11352,BEN244,FPS-SAL-001,Salem,Dal,Priority (PHH),4,1.0,0.8,0.8,14.4,2,2024-10-11 13:08:00,13,0,NORMAL
TXN-11353,BEN112,FPS-MAD-002,Madurai,Wheat,Priority (PHH),2,4.0,3.7,0.925,16.4,1,2024-02-21 09:08:00,9,0,NORMAL
TXN-11354,BEN121,FPS-CHE-001,Chennai,Rice,Priority (PHH),3,15.0,10.8,0.72,19.8,3,2024-10-22 16:34:00,16,0,NORMAL
TXN-11355,BEN362,FPS-MAD-001,Madurai,Wheat,Priority (PHH),5,10.0,8.2,0.82,4.3,2,2024-05-08 17:32:00,17,0,NORMAL
TXN-11356,BEN095,FPS-SAL-001,Salem,Wheat,Priority (PHH),4,8.0,7.4,0.925,26.0,1,2024-04-26 11:44:00,11,0,NORMAL
TXN-11357,BEN252,FPS-SAL-001,Salem,Sugar,Non-Priority (NPHH),3,1.0,0.9,0.9,9.5,1,2024-01-04 13:44:00,13,0,NORMAL
TXN-11358,BEN062,FPS-TIR-002,Tiruchirappalli,Dal,Non-Priority (NPHH),5,1.0,0.9,0.9,58.7,2,2024-08-02 10:37:00,10,0,NORMAL
TXN-11359,BEN054,FPS-TIR-001,Tiruchirappalli,Rice,Priority (PHH),4,20.0,14.0,0.7,24.9,2,2024-05-30 11:41:00,11,0,NORMAL
TXN-11360,BEN214,FPS-SAL-002,Salem,Rice,Priority (PHH),3,15.0,10.6,0.707,21.3,1,2024-02-29 14:12:00,14,0,NORMAL
TXN-11361,BEN077,FPS-SAL-001,Salem,Rice,Priority (PHH),3,15.0,10.5,0.7,32.0,4,2024-08-01 12:53:00,12,0,NORMAL
TXN-11362,BEN032,FPS-CHE-001,Chennai,Wheat,Priority (PHH),2,4.0,3.9,0.975,18.6,1,2024-03-05 08:36:00,8,0,NORMAL
TXN-11363,BEN009,FPS-SAL-002,Salem,Rice,Non-Priority (NPHH),3,15.0,11.0,0.733,7.7,4,2024-06-23 10:01:00,10,0,NORMAL
TXN-11364,BEN144,FPS-SAL-001,Salem,Rice,Non-Priority (NPHH),2,10.0,9.4,0.94,9.8,3,2024-09-19 19:40:00,19,0,NORMAL
TXN-11365,BEN099,FPS-CHE-002,Chennai,Wheat,Antyodaya Anna Yojana (AAY),4,10.0,8.5,0.85,5.7,2,2024-08-16 14:35:00,14,0,NORMAL
TXN-11366,BEN248,FPS-MAD-001,Madurai,Rice,Priority (PHH),3,15.0,13.4,0.893,20.3,1,2024-07-05 09:37:00,9,0,NORMAL
TXN-11367,BEN262,FPS-CHE-001,Chennai,Sugar,Priority (PHH),3,1.0,0.8,0.8,4.7,3,2024-04-19 11:07:00,11,0,NORMAL
TXN-11368,BEN100,FPS-COI-001,Coimbatore,Rice,Priority (PHH),2,10.0,7.4,0.74,63.6,2,2024-09-27 17:19:00,17,0,NORMAL
TXN-11369,BEN347,FPS-COI-001,Coimbatore,Wheat,Priority (PHH),4,8.0,5.7,0.712,11.2,2,2024-02-18 18:09:00,18,0,NORMAL
TXN-11370,BEN134,FPS-TIR-002,Tiruchirappalli,Rice,Non-Priority (NPHH),5,25.0,22.1,0.884,7.2,2,2024-03-03 19:40:00,19,0,NORMAL
TXN-11371,BEN045,FPS-MAD-002,Madurai,Dal,Priority (PHH),5,1.0,0.9,0.9,66.8,2,2024-02-26 15:32:00,15,0,NORMAL
TXN-11372,BEN125,FPS-COI-001,Coimbatore,Rice,Non-Priority (NPHH),4,20.0,16.6,0.83,29.2,1,2024-08-17 16:26:00,16,0,NORMAL
TXN-11373,BEN037,FPS-COI-002,Coimbatore,Dal,Priority (PHH),4,1.0,1.0,1.0,7.5,3,2024-06-08 19:40:00,19,0,NORMAL
TXN-11374,BEN127,FPS-SAL-001,Salem,Rice,Priority (PHH),5,25.0,23.6,0.944,1.6,2,2024-05-07 19:35:00,19,0,NORMAL
TXN-11375,BEN110,FPS-TIR-001,Tiruchirappalli,Wheat,Antyodaya Anna Yojana (AAY),2,10.0,9.1,0.91,69.6,3,2024-04-04 14:40:00,14,0,NORMAL
TXN-11376,BEN301,FPS-MAD-002,Madurai,Wheat,Antyodaya Anna Yojana (AAY),2,10.0,9.1,0.91,32.8,2,2024-02-01 15:48:00,15,0,NORMAL
TXN-11377,BEN071,FPS-SAL-001,Salem,Wheat,Priority (PHH),5,10.0,9.5,0.95,28.5,4,2024-02-02 11:31:00,11,0,NORMAL
TXN-11378,BEN151,FPS-MAD-001,Madurai,Rice,Priority (PHH),4,20.0,15.1,0.755,28.4,2,2024-04-28 12:53:00,12,0,NORMAL
TXN-11379,BEN139,FPS-TIR-001,Tiruchirappalli,Wheat,Priority (PHH),5,10.0,7.4,0.74,28.0,1,2024-02-13 17:32:00,17,0,NORMAL
TXN-11380,BEN103,FPS-TIR-002,Tiruchirappalli,Rice,Antyodaya Anna Yojana (AAY),5,25.0,24.1,0.964,89.7,4,2024-01-26 08:37:00,8,0,NORMAL
TXN-11381,BEN042,FPS-MAD-002,Madurai,Rice,Priority (PHH),5,25.0,24.4,0.976,58.6,1,2024-05-05 19:39:00,19,0,NORMAL
TXN-11382,BEN297,FPS-TIR-001,Tiruchirappalli,Rice,Antyodaya Anna Yojana (AAY),3,25.0,22.4,0.896,25.5,1,2024-02-23 11:39:00,11,0,NORMAL
TXN-11383,BEN087,FPS-COI-002,Coimbatore,Wheat,Priority (PHH),4,8.0,6.1,0.762,15.0,3,2024-02-01 12:14:00,12,0,NORMAL
TXN-11384,BEN136,FPS-MAD-001,Madurai,Dal,Antyodaya Anna Yojana (AAY),2,2.0,1.7,0.85,37.1,2,2024-06-03 09:23:00,9,0,NORMAL
TXN-11385,BEN360,FPS-TIR-002,Tiruchirappalli,Wheat,Non-Priority (NPHH),3,6.0,5.7,0.95,1.9,3,2024-04-21 13:48:00,13,0,NORMAL
TXN-11386,BEN399,FPS-CHE-001,Chennai,Wheat,Priority (PHH),2,4.0,3.0,0.75,8.8,1,2024-05-14 10:35:00,10,0,NORMAL
TXN-11387,BEN297,FPS-CHE-002,Chennai,Rice,Antyodaya Anna Yojana (AAY),4,25.0,24.0,0.96,11.4,1,2024-06-16 10:43:00,10,0,NORMAL
TXN-11388,BEN283,FPS-CHE-001,Chennai,Rice,Priority (PHH),5,25.0,19.2,0.768,52.0,2,2024-02-08 14:01:00,14,0,NORMAL
TXN-11389,BEN141,FPS-CHE-002,Chennai,Wheat,Priority (PHH),5,10.0,8.9,0.89,86.7,1,2024-06-01 13:51:00,13,0,NORMAL
TXN-11390,BEN040,FPS-COI-001,Coimbatore,Rice,Antyodaya Anna Yojana (AAY),5,25.0,23.5,0.94,3.6,2,2024-09-06 12:07:00,12,0,NORMAL
TXN-11391,BEN377,FPS-MAD-002,Madurai,Wheat,Priority (PHH),2,4.0,3.4,0.85,16.7,3,2024-09-29 14:11:00,14,0,NORMAL
TXN-11392,BEN055,FPS-MAD-001,Madurai,Sugar,Priority (PHH),4,1.0,0.9,0.9,30.0,1,2024-01-02 11:17:00,11,0,NORMAL
TXN-11393,BEN107,FPS-COI-002,Coimbatore,Dal,Priority (PHH),5,1.0,3.0,3.0,26.7,1,2024-05-12 16:31:00,16,1,SUSPICIOUS
TXN-11394,BEN060,FPS-SAL-002,Salem,Sugar,Priority (PHH),4,1.0,0.8,0.8,40.9,3,2024-06-30 08:49:00,8,0,NORMAL
TXN-11395,BEN326,FPS-MAD-001,Madurai,Dal,Priority (PHH),4,1.0,1.5,1.5,5.8,3,2024-06-30 02:06:00,2,1,SUSPICIOUS
TXN-11396,BEN323,FPS-SAL-001,Salem,Rice,Antyodaya Anna Yojana (AAY),3,25.0,21.7,0.868,8.9,5,2024-10-26 18:26:00,18,0,NORMAL
TXN-11397,BEN257,FPS-CHE-002,Chennai,Dal,Priority (PHH),4,1.0,0.8,0.8,13.1,1,2024-09-27 16:22:00,16,0,NORMAL
TXN-11398,BEN072,FPS-COI-002,Coimbatore,Wheat,Antyodaya Anna Yojana (AAY),5,10.0,8.6,0.86,10.0,4,2024-02-13 19:15:00,19,0,NORMAL
TXN-11399,BEN095,FPS-CHE-002,Chennai,Rice,Priority (PHH),5,25.0,21.7,0.868,68.8,2,2024-02-14 09:12:00,9,0,NORMAL
TXN-11400,BEN270,FPS-SAL-001,Salem,Dal,Antyodaya Anna Yojana (AAY),4,2.0,1.6,0.8,28.3,1,2024-07-17 19:18:00,19,0,NORMAL
TXN-11401,BEN051,FPS-TIR-001,Tiruchirappalli,Rice,Priority (PHH),2,10.0,9.8,0.98,19.6,1,2024-05-02 15:54:00,15,0,NORMAL
TXN-11402,BEN003,FPS-MAD-002,Madurai,Wheat,Non-Priority (NPHH),4,8.0,6.7,0.837,48.6,2,2024-01-18 15:59:00,15,0,NORMAL
TXN-11403,BEN346,FPS-TIR-002,Tiruchirappalli,Wheat,Antyodaya Anna Yojana (AAY),4,10.0,7.0,0.7,33.3,1,2024-04-04 14:43:00,14,0,NORMAL
TXN-11404,BEN117,FPS-SAL-002,Salem,Rice,Priority (PHH),5,25.0,18.7,0.748,18.3,3,2024-10-23 14:50:00,14,0,NORMAL
TXN-11405,BEN341,FPS-SAL-001,Salem,Rice,Priority (PHH),5,25.0,21.2,0.848,5.7,3,2024-02-24 16:34:00,16,0,NORMAL
TXN-11406,BEN069,FPS-TIR-001,Tiruchirappalli,Dal,Priority (PHH),5,1.0,0.9,0.9,91.2,2,2024-05-04 18:18:00,18,0,NORMAL
TXN-11407,BEN220,FPS-TIR-001,Tiruchirappalli,Rice,Priority (PHH),3,15.0,17.3,1.153,0.6,7,2024-05-01 17:58:00,17,1,SUSPICIOUS
TXN-11408,BEN012,FPS-COI-002,Coimbatore,Sugar,Antyodaya Anna Yojana (AAY),2,2.0,1.6,0.8,5.5,2,2024-09-27 10:48:00,10,0,NORMAL
TXN-11409,BEN288,FPS-MAD-001,Madurai,Rice,Priority (PHH),3,15.0,11.0,0.733,41.0,1,2024-04-21 15:48:00,15,0,NORMAL
TXN-11410,BEN389,FPS-TIR-002,Tiruchirappalli,Rice,Antyodaya Anna Yojana (AAY),3,25.0,24.7,0.988,17.7,5,2024-02-01 14:09:00,14,0,NORMAL
TXN-11411,BEN053,FPS-MAD-002,Madurai,Rice,Non-Priority (NPHH),5,25.0,19.2,0.768,87.7,4,2024-10-11 14:55:00,14,0,NORMAL
TXN-11412,BEN037,FPS-TIR-001,Tiruchirappalli,Dal,Priority (PHH),2,1.0,0.9,0.9,20.0,1,2024-01-18 13:46:00,13,0,NORMAL
TXN-11413,BEN164,FPS-SAL-002,Salem,Rice,Priority (PHH),4,20.0,17.6,0.88,55.5,2,2024-06-04 17:06:00,17,0,NORMAL
TXN-11414,BEN090,FPS-TIR-001,Tiruchirappalli,Rice,Non-Priority (NPHH),4,20.0,16.0,0.8,11.5,1,2024-10-06 12:33:00,12,0,NORMAL
TXN-11415,BEN185,FPS-SAL-002,Salem,Sugar,Priority (PHH),2,1.0,0.9,0.9,2.8,1,2024-06-17 10:43:00,10,0,NORMAL
TXN-11416,BEN344,FPS-CHE-002,Chennai,Wheat,Antyodaya Anna Yojana (AAY),3,10.0,7.0,0.7,38.2,4,2024-10-21 13:14:00,13,0,NORMAL
TXN-11417,BEN242,FPS-CHE-001,Chennai,Rice,Antyodaya Anna Yojana (AAY),2,25.0,17.6,0.704,45.7,1,2024-09-29 10:06:00,10,0,NORMAL
TXN-11418,BEN072,FPS-SAL-002,Salem,Dal,Antyodaya Anna Yojana (AAY),5,2.0,1.5,0.75,21.7,3,2024-08-08 12:20:00,12,0,NORMAL
TXN-11419,BEN390,FPS-CHE-001,Chennai,Sugar,Antyodaya Anna Yojana (AAY),2,2.0,1.8,0.9,4.3,3,2024-02-10 11:08:00,11,0,NORMAL
TXN-11420,BEN276,FPS-COI-001,Coimbatore,Rice,Antyodaya Anna Yojana (AAY),2,25.0,21.9,0.876,51.9,4,2024-08-20 14:14:00,14,0,NORMAL
TXN-11421,BEN190,FPS-MAD-002,Madurai,Sugar,Antyodaya Anna Yojana (AAY),5,2.0,1.7,0.85,83.1,1,2024-06-06 08:04:00,8,0,NORMAL
TXN-11422,BEN322,FPS-CHE-001,Chennai,Rice,Antyodaya Anna Yojana (AAY),3,25.0,18.0,0.72,12.2,1,2024-02-01 11:52:00,11,0,NORMAL
TXN-11423,BEN183,FPS-CHE-001,Chennai,Sugar,Priority (PHH),2,1.0,0.9,0.9,61.9,1,2024-06-05 12:41:00,12,0,NORMAL
TXN-11424,BEN360,FPS-COI-001,Coimbatore,Rice,Non-Priority (NPHH),2,10.0,7.5,0.75,50.4,1,2024-03-23 12:26:00,12,0,NORMAL
TXN-11425,BEN021,FPS-CHE-002,Chennai,Rice,Priority (PHH),4,20.0,15.9,0.795,8.1,4,2024-01-22 12:35:00,12,0,NORMAL
TXN-11426,BEN168,FPS-TIR-001,Tiruchirappalli,Rice,Non-Priority (NPHH),3,15.0,13.6,0.907,8.8,1,2024-03-25 12:42:00,12,0,NORMAL
TXN-11427,BEN122,FPS-COI-001,Coimbatore,Sugar,Non-Priority (NPHH),2,1.0,0.9,0.9,2.5,2,2024-05-02 13:44:00,13,0,NORMAL
TXN-11428,BEN312,FPS-TIR-001,Tiruchirappalli,Rice,Non-Priority (NPHH),5,25.0,23.9,0.956,3.9,2,2024-06-30 12:23:00,12,0,NORMAL
TXN-11429,BEN298,FPS-MAD-001,Madurai,Wheat,Non-Priority (NPHH),5,10.0,8.8,0.88,25.3,2,2024-07-04 12:58:00,12,0,NORMAL
TXN-11430,BEN050,FPS-CHE-001,Chennai,Wheat,Priority (PHH),2,4.0,3.2,0.8,47.8,4,2024-07-09 11:55:00,11,0,NORMAL
TXN-11431,BEN240,FPS-TIR-001,Tiruchirappalli,Sugar,Non-Priority (NPHH),5,1.0,1.0,1.0,3.5,2,2024-08-15 12:38:00,12,0,NORMAL
TXN-11432,BEN279,FPS-MAD-001,Madurai,Rice,Priority (PHH),2,10.0,9.2,0.92,3.7,3,2024-01-07 09:30:00,9,0,NORMAL
TXN-11433,BEN144,FPS-TIR-001,Tiruchirappalli,Wheat,Antyodaya Anna Yojana (AAY),3,10.0,7.6,0.76,48.8,3,2024-09-05 09:01:00,9,0,NORMAL
TXN-11434,BEN073,FPS-MAD-002,Madurai,Wheat,Priority (PHH),2,4.0,3.6,0.9,9.3,3,2024-06-26 11:49:00,11,0,NORMAL
TXN-11435,BEN357,FPS-MAD-002,Madurai,Sugar,Priority (PHH),3,1.0,0.7,0.7,13.4,2,2024-01-28 09:01:00,9,0,NORMAL
TXN-11436,BEN399,FPS-TIR-002,Tiruchirappalli,Dal,Antyodaya Anna Yojana (AAY),5,2.0,1.8,0.9,2.6,2,2024-02-16 09:59:00,9,0,NORMAL
TXN-11437,BEN302,FPS-SAL-001,Salem,Wheat,Priority (PHH),4,8.0,7.1,0.887,42.6,2,2024-01-15 17:25:00,17,0,NORMAL
TXN-11438,BEN154,FPS-CHE-001,Chennai,Rice,Antyodaya Anna Yojana (AAY),5,25.0,19.9,0.796,28.7,2,2024-05-21 15:05:00,15,0,NORMAL
TXN-11439,BEN334,FPS-TIR-002,Tiruchirappalli,Sugar,Priority (PHH),4,1.0,0.9,0.9,25.4,2,2024-01-02 13:01:00,13,0,NORMAL
TXN-11440,BEN287,FPS-COI-002,Coimbatore,Rice,Antyodaya Anna Yojana (AAY),4,25.0,21.5,0.86,108.5,3,2024-08-01 18:09:00,18,0,NORMAL
TXN-11441,BEN271,FPS-SAL-001,Salem,Wheat,Priority (PHH),5,10.0,9.5,0.95,3.8,1,2024-08-12 08:35:00,8,0,NORMAL
TXN-11442,BEN225,FPS-SAL-001,Salem,Wheat,Priority (PHH),2,4.0,3.8,0.95,4.1,2,2024-02-08 16:51:00,16,0,NORMAL
TXN-11443,BEN042,FPS-SAL-001,Salem,Rice,Priority (PHH),4,20.0,19.5,0.975,50.3,1,2024-04-23 08:29:00,8,0,NORMAL
TXN-11444,BEN356,FPS-TIR-002,Tiruchirappalli,Rice,Priority (PHH),5,25.0,65.4,2.616,16.0,2,2024-10-22 19:44:00,19,1,SUSPICIOUS
TXN-11445,BEN087,FPS-TIR-001,Tiruchirappalli,Rice,Priority (PHH),4,20.0,15.7,0.785,32.9,3,2024-10-23 11:02:00,11,0,NORMAL
TXN-11446,BEN316,FPS-SAL-002,Salem,Rice,Non-Priority (NPHH),4,20.0,18.3,0.915,25.1,1,2024-07-23 10:03:00,10,0,NORMAL
TXN-11447,BEN244,FPS-SAL-001,Salem,Wheat,Priority (PHH),3,6.0,4.7,0.783,21.1,1,2024-03-19 12:21:00,12,0,NORMAL
TXN-11448,BEN340,FPS-COI-001,Coimbatore,Rice,Antyodaya Anna Yojana (AAY),3,25.0,23.3,0.932,6.4,2,2024-10-23 10:04:00,10,0,NORMAL
TXN-11449,BEN055,FPS-CHE-001,Chennai,Rice,Non-Priority (NPHH),2,10.0,7.6,0.76,30.5,2,2024-07-03 08:36:00,8,0,NORMAL
TXN-11450,BEN150,FPS-SAL-001,Salem,Wheat,Non-Priority (NPHH),4,8.0,5.7,0.712,1.3,3,2024-04-26 19:53:00,19,0,NORMAL
TXN-11451,BEN358,FPS-TIR-001,Tiruchirappalli,Rice,Priority (PHH),5,25.0,18.4,0.736,19.8,2,2024-10-07 11:00:00,11,0,NORMAL
TXN-11452,BEN385,FPS-SAL-002,Salem,Rice,Non-Priority (NPHH),5,25.0,20.7,0.828,66.4,2,2024-07-31 13:49:00,13,0,NORMAL
TXN-11453,BEN129,FPS-SAL-002,Salem,Sugar,Priority (PHH),2,1.0,0.8,0.8,1.1,2,2024-06-10 17:35:00,17,0,NORMAL
TXN-11454,BEN212,FPS-COI-002,Coimbatore,Rice,Priority (PHH),3,15.0,12.1,0.807,166.3,2,2024-03-06 15:15:00,15,0,NORMAL
TXN-11455,BEN096,FPS-COI-001,Coimbatore,Rice,Priority (PHH),4,20.0,17.4,0.87,14.5,3,2024-10-15 19:16:00,19,0,NORMAL
TXN-11456,BEN114,FPS-MAD-002,Madurai,Rice,Priority (PHH),4,20.0,15.6,0.78,40.4,4,2024-04-11 12:28:00,12,0,NORMAL
TXN-11457,BEN094,FPS-TIR-001,Tiruchirappalli,Wheat,Antyodaya Anna Yojana (AAY),5,10.0,7.5,0.75,58.6,2,2024-03-12 15:16:00,15,0,NORMAL
TXN-11458,BEN044,FPS-TIR-002,Tiruchirappalli,Wheat,Priority (PHH),2,4.0,3.1,0.775,11.6,2,2024-05-13 15:13:00,15,0,NORMAL
TXN-11459,BEN204,FPS-TIR-001,Tiruchirappalli,Sugar,Priority (PHH),4,1.0,1.5,1.5,80.2,4,2024-08-25 23:35:00,23,1,SUSPICIOUS
TXN-11460,BEN236,FPS-MAD-001,Madurai,Rice,Non-Priority (NPHH),4,20.0,14.8,0.74,1.9,3,2024-08-18 12:34:00,12,0,NORMAL
TXN-11461,BEN215,FPS-SAL-001,Salem,Rice,Antyodaya Anna Yojana (AAY),2,25.0,19.3,0.772,7.8,3,2024-03-09 14:25:00,14,0,NORMAL
TXN-11462,BEN341,FPS-SAL-001,Salem,Sugar,Priority (PHH),2,1.0,0.9,0.9,2.2,2,2024-01-27 14:31:00,14,0,NORMAL
TXN-11463,BEN175,FPS-TIR-001,Tiruchirappalli,Dal,Non-Priority (NPHH),2,1.0,1.0,1.0,59.3,2,2024-01-19 17:33:00,17,0,NORMAL
TXN-11464,BEN143,FPS-MAD-001,Madurai,Dal,Non-Priority (NPHH),2,1.0,0.8,0.8,18.1,2,2024-07-19 12:18:00,12,0,NORMAL
TXN-11465,BEN157,FPS-CHE-002,Chennai,Rice,Antyodaya Anna Yojana (AAY),5,25.0,21.9,0.876,25.2,4,2024-07-24 09:05:00,9,0,NORMAL
TXN-11466,BEN342,FPS-CHE-002,Chennai,Wheat,Antyodaya Anna Yojana (AAY),2,10.0,9.4,0.94,15.0,1,2024-02-18 17:49:00,17,0,NORMAL
TXN-11467,BEN276,FPS-MAD-001,Madurai,Dal,Non-Priority (NPHH),2,1.0,1.0,1.0,24.4,5,2024-08-03 08:58:00,8,0,NORMAL
TXN-11468,BEN366,FPS-SAL-001,Salem,Sugar,Priority (PHH),3,1.0,0.9,0.9,64.3,3,2024-07-11 18:36:00,18,0,NORMAL
TXN-11469,BEN148,FPS-MAD-002,Madurai,Rice,Priority (PHH),3,15.0,10.5,0.7,34.9,2,2024-04-17 17:53:00,17,0,NORMAL
TXN-11470,BEN066,FPS-TIR-001,Tiruchirappalli,Sugar,Priority (PHH),4,1.0,1.5,1.5,16.3,2,2024-08-15 01:19:00,1,1,SUSPICIOUS
TXN-11471,BEN208,FPS-TIR-002,Tiruchirappalli,Wheat,Priority (PHH),4,8.0,6.9,0.862,9.4,4,2024-04-22 15:46:00,15,0,NORMAL
TXN-11472,BEN105,FPS-SAL-002,Salem,Sugar,Antyodaya Anna Yojana (AAY),3,2.0,1.8,0.9,72.4,3,2024-09-17 18:48:00,18,0,NORMAL
TXN-11473,BEN019,FPS-COI-001,Coimbatore,Wheat,Non-Priority (NPHH),2,4.0,3.1,0.775,41.6,2,2024-02-26 19:11:00,19,0,NORMAL
TXN-11474,BEN094,FPS-SAL-002,Salem,Rice,Non-Priority (NPHH),5,25.0,20.3,0.812,9.4,3,2024-01-22 17:28:00,17,0,NORMAL
TXN-11475,BEN155,FPS-SAL-001,Salem,Rice,Priority (PHH),2,10.0,7.0,0.7,5.4,2,2024-02-21 18:47:00,18,0,NORMAL
TXN-11476,BEN256,FPS-COI-001,Coimbatore,Rice,Antyodaya Anna Yojana (AAY),4,25.0,18.3,0.732,79.3,1,2024-02-20 17:40:00,17,0,NORMAL
TXN-11477,BEN347,FPS-SAL-001,Salem,Rice,Priority (PHH),2,10.0,8.8,0.88,14.5,3,2024-08-12 12:15:00,12,0,NORMAL
TXN-11478,BEN314,FPS-CHE-002,Chennai,Sugar,Priority (PHH),3,1.0,0.9,0.9,5.2,2,2024-06-05 18:46:00,18,0,NORMAL
TXN-11479,BEN224,FPS-TIR-001,Tiruchirappalli,Rice,Non-Priority (NPHH),5,25.0,23.6,0.944,92.6,2,2024-06-20 09:34:00,9,0,NORMAL
TXN-11480,BEN198,FPS-COI-001,Coimbatore,Sugar,Priority (PHH),4,1.0,0.7,0.7,7.6,3,2024-05-16 18:08:00,18,0,NORMAL
TXN-11481,BEN358,FPS-CHE-001,Chennai,Rice,Priority (PHH),4,20.0,18.3,0.915,4.3,1,2024-08-13 09:57:00,9,0,NORMAL
TXN-11482,BEN167,FPS-COI-001,Coimbatore,Rice,Priority (PHH),4,20.0,17.9,0.895,21.3,1,2024-02-26 09:37:00,9,0,NORMAL
TXN-11483,BEN225,FPS-TIR-002,Tiruchirappalli,Dal,Non-Priority (NPHH),4,1.0,0.8,0.8,22.2,3,2024-10-12 19:52:00,19,0,NORMAL
TXN-11484,BEN394,FPS-SAL-001,Salem,Rice,Priority (PHH),3,15.0,14.0,0.933,10.2,2,2024-08-11 12:02:00,12,0,NORMAL
TXN-11485,BEN128,FPS-SAL-001,Salem,Wheat,Non-Priority (NPHH),2,4.0,2.9,0.725,11.6,4,2024-06-28 17:14:00,17,0,NORMAL
TXN-11486,BEN125,FPS-COI-002,Coimbatore,Rice,Antyodaya Anna Yojana (AAY),4,25.0,20.6,0.824,7.5,1,2024-03-19 17:41:00,17,0,NORMAL
TXN-11487,BEN121,FPS-CHE-001,Chennai,Rice,Antyodaya Anna Yojana (AAY),2,25.0,19.6,0.784,27.8,1,2024-01-24 13:25:00,13,0,NORMAL
TXN-11488,BEN005,FPS-TIR-001,Tiruchirappalli,Rice,Priority (PHH),4,20.0,18.2,0.91,66.2,1,2024-09-18 11:56:00,11,0,NORMAL
TXN-11489,BEN017,FPS-TIR-002,Tiruchirappalli,Rice,Antyodaya Anna Yojana (AAY),2,25.0,22.4,0.896,1.3,3,2024-01-25 13:26:00,13,0,NORMAL
TXN-11490,BEN143,FPS-TIR-002,Tiruchirappalli,Rice,Non-Priority (NPHH),2,10.0,9.5,0.95,9.1,4,2024-01-01 09:09:00,9,0,NORMAL
TXN-11491,BEN273,FPS-MAD-001,Madurai,Wheat,Priority (PHH),2,4.0,3.3,0.825,3.8,1,2024-05-12 16:44:00,16,0,NORMAL
TXN-11492,BEN063,FPS-CHE-002,Chennai,Sugar,Priority (PHH),3,1.0,0.7,0.7,31.2,3,2024-09-25 18:29:00,18,0,NORMAL
TXN-11493,BEN365,FPS-TIR-002,Tiruchirappalli,Dal,Priority (PHH),5,1.0,0.8,0.8,9.8,3,2024-02-15 16:40:00,16,0,NORMAL
TXN-11494,BEN384,FPS-MAD-001,Madurai,Rice,Priority (PHH),3,15.0,14.6,0.973,51.6,2,2024-03-06 19:25:00,19,0,NORMAL
TXN-11495,BEN019,FPS-MAD-001,Madurai,Rice,Priority (PHH),4,20.0,14.6,0.73,87.6,2,2024-01-18 08:04:00,8,0,NORMAL
TXN-11496,BEN321,FPS-MAD-002,Madurai,Rice,Priority (PHH),4,20.0,16.6,0.83,4.3,3,2024-05-16 12:51:00,12,0,NORMAL
TXN-11497,BEN210,FPS-TIR-001,Tiruchirappalli,Rice,Antyodaya Anna Yojana (AAY),2,25.0,20.3,0.812,26.2,1,2024-06-20 10:57:00,10,0,NORMAL
TXN-11498,BEN166,FPS-TIR-001,Tiruchirappalli,Sugar,Priority (PHH),2,1.0,1.0,1.0,76.5,2,2024-06-09 13:52:00,13,0,NORMAL
TXN-11499,BEN342,FPS-TIR-002,Tiruchirappalli,Rice,Priority (PHH),2,10.0,9.5,0.95,63.5,1,2024-08-01 19:56:00,19,0,NORMAL
TXN-11500,BEN383,FPS-CHE-001,Chennai,Dal,Non-Priority (NPHH),2,1.0,0.8,0.8,16.0,3,2024-06-22 13:17:00,13,0,NORMAL
TXN-11501,BEN280,FPS-CHE-001,Chennai,Sugar,Priority (PHH),2,1.0,0.8,0.8,9.5,1,2024-04-14 17:47:00,17,0,NORMAL
TXN-11502,BEN126,FPS-TIR-001,Tiruchirappalli,Rice,Non-Priority (NPHH),2,10.0,8.8,0.88,1.4,4,2024-02-16 11:31:00,11,0,NORMAL
TXN-11503,BEN113,FPS-SAL-001,Salem,Rice,Priority (PHH),5,25.0,18.6,0.744,7.9,1,2024-10-01 10:18:00,10,0,NORMAL
TXN-11504,BEN208,FPS-MAD-001,Madurai,Rice,Priority (PHH),4,20.0,17.5,0.875,3.0,3,2024-06-13 12:19:00,12,0,NORMAL
TXN-11505,BEN383,FPS-COI-001,Coimbatore,Rice,Priority (PHH),4,20.0,19.9,0.995,15.2,1,2024-07-14 10:12:00,10,0,NORMAL
TXN-11506,BEN082,FPS-TIR-002,Tiruchirappalli,Rice,Priority (PHH),3,15.0,10.7,0.713,19.2,1,2024-04-08 17:41:00,17,0,NORMAL
TXN-11507,BEN306,FPS-CHE-002,Chennai,Rice,Priority (PHH),3,15.0,13.6,0.907,7.3,3,2024-02-02 19:52:00,19,0,NORMAL
TXN-11508,BEN148,FPS-COI-002,Coimbatore,Sugar,Priority (PHH),3,1.0,0.9,0.9,37.9,2,2024-06-30 10:46:00,10,0,NORMAL
TXN-11509,BEN096,FPS-CHE-001,Chennai,Wheat,Priority (PHH),5,10.0,9.3,0.93,37.6,3,2024-05-12 15:17:00,15,0,NORMAL
TXN-11510,BEN215,FPS-TIR-001,Tiruchirappalli,Wheat,Priority (PHH),5,10.0,7.4,0.74,42.8,2,2024-04-25 17:21:00,17,0,NORMAL
TXN-11511,BEN284,FPS-COI-002,Coimbatore,Dal,Priority (PHH),4,1.0,1.0,1.0,36.2,2,2024-07-13 11:21:00,11,0,NORMAL
TXN-11512,BEN157,FPS-TIR-001,Tiruchirappalli,Dal,Non-Priority (NPHH),3,1.0,0.8,0.8,3.9,1,2024-06-20 09:06:00,9,0,NORMAL
TXN-11513,BEN183,FPS-MAD-002,Madurai,Dal,Non-Priority (NPHH),3,1.0,0.8,0.8,12.3,5,2024-03-30 15:25:00,15,0,NORMAL
TXN-11514,BEN179,FPS-MAD-001,Madurai,Rice,Priority (PHH),5,25.0,18.3,0.732,6.9,1,2024-03-27 08:18:00,8,0,NORMAL
TXN-11515,BEN030,FPS-SAL-001,Salem,Wheat,Priority (PHH),2,4.0,3.1,0.775,31.1,2,2024-08-23 15:03:00,15,0,NORMAL
TXN-11516,BEN397,FPS-CHE-001,Chennai,Rice,Priority (PHH),5,25.0,21.3,0.852,13.4,2,2024-08-08 19:43:00,19,0,NORMAL
TXN-11517,BEN386,FPS-MAD-001,Madurai,Sugar,Priority (PHH),5,1.0,0.7,0.7,43.6,4,2024-07-22 13:15:00,13,0,NORMAL
TXN-11518,BEN205,FPS-SAL-002,Salem,Wheat,Priority (PHH),5,10.0,9.8,0.98,15.1,1,2024-07-29 14:30:00,14,0,NORMAL
TXN-11519,BEN272,FPS-MAD-001,Madurai,Wheat,Priority (PHH),5,10.0,9.9,0.99,28.6,2,2024-05-04 14:32:00,14,0,NORMAL
TXN-11520,BEN306,FPS-COI-001,Coimbatore,Sugar,Priority (PHH),4,1.0,0.8,0.8,59.8,4,2024-05-31 15:00:00,15,0,NORMAL
TXN-11521,BEN111,FPS-TIR-002,Tiruchirappalli,Rice,Priority (PHH),2,10.0,34.9,3.49,6.7,3,2024-02-27 09:23:00,9,1,SUSPICIOUS
TXN-11522,BEN248,FPS-CHE-001,Chennai,Dal,Priority (PHH),5,1.0,0.9,0.9,7.9,1,2024-05-26 15:56:00,15,0,NORMAL
TXN-11523,BEN217,FPS-TIR-001,Tiruchirappalli,Rice,Antyodaya Anna Yojana (AAY),4,25.0,18.5,0.74,106.8,3,2024-04-15 10:39:00,10,0,NORMAL
TXN-11524,BEN049,FPS-TIR-001,Tiruchirappalli,Dal,Priority (PHH),2,1.0,0.8,0.8,91.7,1,2024-02-20 08:04:00,8,0,NORMAL
TXN-11525,BEN219,FPS-CHE-002,Chennai,Wheat,Non-Priority (NPHH),4,8.0,6.2,0.775,5.1,2,2024-07-10 10:01:00,10,0,NORMAL
TXN-11526,BEN226,FPS-MAD-001,Madurai,Sugar,Priority (PHH),5,1.0,1.0,1.0,54.3,1,2024-09-02 09:33:00,9,0,NORMAL
TXN-11527,BEN167,FPS-MAD-002,Madurai,Sugar,Antyodaya Anna Yojana (AAY),5,2.0,1.6,0.8,9.2,4,2024-07-29 19:04:00,19,0,NORMAL
TXN-11528,BEN242,FPS-CHE-002,Chennai,Rice,Priority (PHH),2,10.0,8.2,0.82,20.5,3,2024-08-25 09:12:00,9,0,NORMAL
TXN-11529,BEN111,FPS-COI-001,Coimbatore,Dal,Antyodaya Anna Yojana (AAY),2,2.0,1.5,0.75,22.7,3,2024-09-23 12:05:00,12,0,NORMAL
TXN-11530,BEN214,FPS-MAD-001,Madurai,Dal,Priority (PHH),2,1.0,0.9,0.9,3.5,2,2024-07-20 19:35:00,19,0,NORMAL
TXN-11531,BEN160,FPS-TIR-002,Tiruchirappalli,Rice,Priority (PHH),2,10.0,7.3,0.73,2.0,3,2024-10-16 16:44:00,16,0,NORMAL
TXN-11532,BEN157,FPS-TIR-002,Tiruchirappalli,Rice,Antyodaya Anna Yojana (AAY),2,25.0,20.6,0.824,38.6,2,2024-06-21 15:16:00,15,0,NORMAL
TXN-11533,BEN278,FPS-CHE-001,Chennai,Rice,Non-Priority (NPHH),4,20.0,17.9,0.895,58.8,1,2024-05-07 11:04:00,11,0,NORMAL
TXN-11534,BEN160,FPS-CHE-001,Chennai,Dal,Priority (PHH),5,1.0,0.9,0.9,31.1,3,2024-07-28 08:55:00,8,0,NORMAL
TXN-11535,BEN216,FPS-SAL-002,Salem,Wheat,Non-Priority (NPHH),5,10.0,9.1,0.91,59.3,2,2024-03-04 13:25:00,13,0,NORMAL
TXN-11536,BEN132,FPS-TIR-002,Tiruchirappalli,Dal,Priority (PHH),4,1.0,0.8,0.8,29.0,2,2024-09-18 17:39:00,17,0,NORMAL
TXN-11537,BEN156,FPS-COI-002,Coimbatore,Sugar,Priority (PHH),4,1.0,0.8,0.8,16.0,1,2024-09-11 15:02:00,15,0,NORMAL
TXN-11538,BEN016,FPS-MAD-001,Madurai,Sugar,Non-Priority (NPHH),2,1.0,0.9,0.9,18.5,1,2024-06-27 14:48:00,14,0,NORMAL
TXN-11539,BEN155,FPS-TIR-001,Tiruchirappalli,Rice,Non-Priority (NPHH),2,10.0,8.7,0.87,15.7,2,2024-07-23 18:36:00,18,0,NORMAL
TXN-11540,BEN312,FPS-COI-002,Coimbatore,Wheat,Priority (PHH),2,4.0,3.7,0.925,25.3,2,2024-08-12 08:48:00,8,0,NORMAL
TXN-11541,BEN341,FPS-TIR-001,Tiruchirappalli,Rice,Antyodaya Anna Yojana (AAY),2,25.0,19.3,0.772,5.4,1,2024-06-29 11:09:00,11,0,NORMAL
TXN-11542,BEN054,FPS-COI-001,Coimbatore,Sugar,Priority (PHH),5,1.0,0.8,0.8,22.7,2,2024-04-27 17:40:00,17,0,NORMAL
TXN-11543,BEN074,FPS-TIR-001,Tiruchirappalli,Rice,Priority (PHH),4,20.0,15.9,0.795,9.4,1,2024-01-24 14:22:00,14,0,NORMAL
TXN-11544,BEN164,FPS-SAL-002,Salem,Rice,Priority (PHH),5,25.0,20.1,0.804,22.2,4,2024-06-30 10:26:00,10,0,NORMAL
TXN-11545,BEN292,FPS-CHE-001,Chennai,Wheat,Non-Priority (NPHH),2,4.0,3.7,0.925,19.1,5,2024-09-30 09:37:00,9,0,NORMAL
TXN-11546,BEN328,FPS-COI-001,Coimbatore,Rice,Priority (PHH),3,15.0,11.2,0.747,4.2,4,2024-02-28 10:55:00,10,0,NORMAL
TXN-11547,BEN044,FPS-CHE-002,Chennai,Sugar,Priority (PHH),5,1.0,1.0,1.0,10.0,1,2024-06-06 12:01:00,12,0,NORMAL
TXN-11548,BEN222,FPS-CHE-001,Chennai,Dal,Priority (PHH),3,1.0,0.9,0.9,3.2,1,2024-04-28 10:29:00,10,0,NORMAL
TXN-11549,BEN026,FPS-TIR-001,Tiruchirappalli,Wheat,Priority (PHH),5,10.0,7.7,0.77,13.7,2,2024-06-29 12:34:00,12,0,NORMAL
TXN-11550,BEN152,FPS-SAL-002,Salem,Rice,Priority (PHH),5,25.0,19.0,0.76,7.4,2,2024-07-03 09:40:00,9,0,NORMAL
TXN-11551,BEN265,FPS-TIR-001,Tiruchirappalli,Wheat,Priority (PHH),5,10.0,7.9,0.79,7.0,1,2024-06-20 18:55:00,18,0,NORMAL
TXN-11552,BEN315,FPS-TIR-001,Tiruchirappalli,Sugar,Priority (PHH),5,1.0,0.7,0.7,8.5,2,2024-09-20 09:05:00,9,0,NORMAL
TXN-11553,BEN191,FPS-CHE-002,Chennai,Rice,Priority (PHH),5,25.0,23.8,0.952,15.4,1,2024-09-01 16:04:00,16,0,NORMAL
TXN-11554,BEN355,FPS-TIR-002,Tiruchirappalli,Rice,Antyodaya Anna Yojana (AAY),4,25.0,17.5,0.7,43.9,1,2024-01-11 17:16:00,17,0,NORMAL
TXN-11555,BEN397,FPS-COI-001,Coimbatore,Sugar,Priority (PHH),2,1.0,1.0,1.0,7.0,2,2024-08-12 13:40:00,13,0,NORMAL
TXN-11556,BEN150,FPS-SAL-002,Salem,Rice,Priority (PHH),2,10.0,9.3,0.93,9.5,4,2024-09-25 16:33:00,16,0,NORMAL
TXN-11557,BEN014,FPS-MAD-001,Madurai,Wheat,Antyodaya Anna Yojana (AAY),2,10.0,7.7,0.77,12.9,4,2024-05-06 18:03:00,18,0,NORMAL
TXN-11558,BEN099,FPS-CHE-002,Chennai,Sugar,Antyodaya Anna Yojana (AAY),5,2.0,1.4,0.7,12.5,2,2024-04-02 12:23:00,12,0,NORMAL
TXN-11559,BEN089,FPS-CHE-001,Chennai,Sugar,Priority (PHH),3,1.0,0.8,0.8,49.4,3,2024-02-14 12:52:00,12,0,NORMAL
TXN-11560,BEN010,FPS-COI-002,Coimbatore,Rice,Non-Priority (NPHH),4,20.0,19.2,0.96,7.6,3,2024-01-16 19:19:00,19,0,NORMAL
TXN-11561,BEN330,FPS-MAD-002,Madurai,Rice,Priority (PHH),2,10.0,8.8,0.88,18.3,3,2024-01-24 16:26:00,16,0,NORMAL
TXN-11562,BEN220,FPS-TIR-001,Tiruchirappalli,Rice,Antyodaya Anna Yojana (AAY),4,25.0,24.3,0.972,14.3,4,2024-02-07 13:01:00,13,0,NORMAL
TXN-11563,BEN203,FPS-SAL-001,Salem,Rice,Priority (PHH),4,20.0,14.9,0.745,28.7,1,2024-04-10 09:14:00,9,0,NORMAL
TXN-11564,BEN280,FPS-SAL-001,Salem,Rice,Antyodaya Anna Yojana (AAY),2,25.0,23.9,0.956,4.3,1,2024-05-30 19:48:00,19,0,NORMAL
TXN-11565,BEN009,FPS-TIR-002,Tiruchirappalli,Wheat,Priority (PHH),3,6.0,5.4,0.9,0.7,7,2024-05-10 12:55:00,12,1,SUSPICIOUS
TXN-11566,BEN055,FPS-SAL-001,Salem,Rice,Non-Priority (NPHH),5,25.0,20.5,0.82,89.5,2,2024-07-03 12:11:00,12,0,NORMAL
TXN-11567,BEN167,FPS-MAD-002,Madurai,Rice,Antyodaya Anna Yojana (AAY),3,25.0,20.5,0.82,27.5,2,2024-03-24 11:10:00,11,0,NORMAL
TXN-11568,BEN309,FPS-COI-002,Coimbatore,Sugar,Priority (PHH),5,1.0,0.7,0.7,2.1,4,2024-02-11 11:27:00,11,0,NORMAL
TXN-11569,BEN340,FPS-COI-001,Coimbatore,Sugar,Priority (PHH),3,1.0,0.8,0.8,2.4,1,2024-06-11 15:27:00,15,0,NORMAL
TXN-11570,BEN047,FPS-MAD-001,Madurai,Sugar,Priority (PHH),4,1.0,0.7,0.7,23.8,2,2024-03-04 09:27:00,9,0,NORMAL
TXN-11571,BEN121,FPS-CHE-001,Chennai,Wheat,Priority (PHH),2,4.0,3.1,0.775,8.9,1,2024-08-20 14:42:00,14,0,NORMAL
TXN-11572,BEN041,FPS-COI-002,Coimbatore,Sugar,Antyodaya Anna Yojana (AAY),3,2.0,6.1,3.05,3.8,1,2024-07-13 12:18:00,12,1,SUSPICIOUS
TXN-11573,BEN046,FPS-COI-001,Coimbatore,Sugar,Antyodaya Anna Yojana (AAY),4,2.0,1.5,0.75,34.1,1,2024-01-11 19:39:00,19,0,NORMAL
TXN-11574,BEN273,FPS-TIR-001,Tiruchirappalli,Sugar,Non-Priority (NPHH),2,1.0,0.7,0.7,6.3,1,2024-07-30 17:49:00,17,0,NORMAL
TXN-11575,BEN092,FPS-COI-001,Coimbatore,Rice,Priority (PHH),3,15.0,14.8,0.987,9.8,5,2024-10-15 18:48:00,18,0,NORMAL
TXN-11576,BEN348,FPS-CHE-002,Chennai,Wheat,Priority (PHH),3,6.0,5.3,0.883,97.2,3,2024-01-09 10:04:00,10,0,NORMAL
TXN-11577,BEN069,FPS-TIR-001,Tiruchirappalli,Rice,Non-Priority (NPHH),2,10.0,7.5,0.75,96.2,1,2024-01-27 11:33:00,11,0,NORMAL
TXN-11578,BEN147,FPS-MAD-002,Madurai,Dal,Priority (PHH),5,1.0,0.9,0.9,24.1,2,2024-01-14 10:51:00,10,0,NORMAL
TXN-11579,BEN353,FPS-SAL-001,Salem,Rice,Priority (PHH),4,20.0,17.4,0.87,90.8,2,2024-01-17 19:16:00,19,0,NORMAL
TXN-11580,BEN355,FPS-SAL-002,Salem,Dal,Non-Priority (NPHH),4,1.0,1.0,1.0,1.0,5,2024-08-31 08:36:00,8,1,SUSPICIOUS
TXN-11581,BEN324,FPS-SAL-001,Salem,Wheat,Priority (PHH),3,6.0,5.5,0.917,53.6,2,2024-10-01 19:32:00,19,0,NORMAL
TXN-11582,BEN269,FPS-CHE-002,Chennai,Sugar,Antyodaya Anna Yojana (AAY),2,2.0,1.7,0.85,1.4,3,2024-07-18 13:33:00,13,0,NORMAL
TXN-11583,BEN187,FPS-SAL-002,Salem,Rice,Non-Priority (NPHH),5,25.0,23.6,0.944,42.4,1,2024-04-17 16:00:00,16,0,NORMAL
TXN-11584,BEN191,FPS-CHE-002,Chennai,Dal,Priority (PHH),3,1.0,0.8,0.8,2.4,5,2024-06-02 12:17:00,12,0,NORMAL
TXN-11585,BEN198,FPS-TIR-002,Tiruchirappalli,Wheat,Priority (PHH),3,6.0,5.7,0.95,1.1,6,2024-01-03 13:47:00,13,1,SUSPICIOUS
TXN-11586,BEN307,FPS-MAD-002,Madurai,Sugar,Priority (PHH),2,1.0,0.7,0.7,1.4,1,2024-01-25 08:36:00,8,0,NORMAL
TXN-11587,BEN056,FPS-CHE-002,Chennai,Rice,Priority (PHH),3,15.0,15.0,1.0,1.5,3,2024-08-28 17:26:00,17,0,NORMAL
TXN-11588,BEN266,FPS-SAL-002,Salem,Dal,Antyodaya Anna Yojana (AAY),3,2.0,1.5,0.75,75.1,4,2024-03-20 08:09:00,8,0,NORMAL
TXN-11589,BEN104,FPS-MAD-002,Madurai,Rice,Priority (PHH),3,15.0,14.1,0.94,43.9,2,2024-10-23 17:12:00,17,0,NORMAL
TXN-11590,BEN370,FPS-MAD-002,Madurai,Wheat,Non-Priority (NPHH),3,6.0,5.5,0.917,5.6,2,2024-03-20 15:57:00,15,0,NORMAL
TXN-11591,BEN074,FPS-CHE-001,Chennai,Wheat,Antyodaya Anna Yojana (AAY),4,10.0,7.3,0.73,56.7,1,2024-05-17 14:38:00,14,0,NORMAL
TXN-11592,BEN370,FPS-TIR-002,Tiruchirappalli,Sugar,Non-Priority (NPHH),4,1.0,0.7,0.7,10.9,3,2024-01-10 17:22:00,17,0,NORMAL
TXN-11593,BEN137,FPS-SAL-001,Salem,Sugar,Priority (PHH),4,1.0,1.0,1.0,19.3,3,2024-02-08 09:12:00,9,0,NORMAL
TXN-11594,BEN122,FPS-MAD-002,Madurai,Rice,Priority (PHH),4,20.0,15.2,0.76,8.0,3,2024-03-02 15:49:00,15,0,NORMAL
TXN-11595,BEN184,FPS-TIR-001,Tiruchirappalli,Rice,Priority (PHH),5,25.0,24.0,0.96,16.1,3,2024-09-03 15:13:00,15,0,NORMAL
TXN-11596,BEN396,FPS-TIR-001,Tiruchirappalli,Rice,Priority (PHH),4,20.0,16.6,0.83,67.0,1,2024-04-15 19:50:00,19,0,NORMAL
TXN-11597,BEN337,FPS-SAL-002,Salem,Rice,Priority (PHH),2,10.0,7.9,0.79,2.3,2,2024-03-08 08:42:00,8,0,NORMAL
TXN-11598,BEN079,FPS-TIR-001,Tiruchirappalli,Wheat,Priority (PHH),5,10.0,8.1,0.81,6.7,4,2024-03-26 19:48:00,19,0,NORMAL
TXN-11599,BEN324,FPS-CHE-001,Chennai,Rice,Priority (PHH),5,25.0,21.4,0.856,32.2,2,2024-09-28 13:17:00,13,0,NORMAL
TXN-11600,BEN298,FPS-TIR-001,Tiruchirappalli,Wheat,Non-Priority (NPHH),3,6.0,4.3,0.717,66.7,2,2024-10-12 17:48:00,17,0,NORMAL
TXN-11601,BEN215,FPS-SAL-002,Salem,Rice,Non-Priority (NPHH),2,10.0,8.4,0.84,101.5,3,2024-04-27 09:21:00,9,0,NORMAL
TXN-11602,BEN356,FPS-SAL-001,Salem,Dal,Priority (PHH),4,1.0,0.9,0.9,5.5,1,2024-06-30 17:11:00,17,0,NORMAL
TXN-11603,BEN030,FPS-CHE-001,Chennai,Rice,Antyodaya Anna Yojana (AAY),5,25.0,20.4,0.816,62.3,2,2024-05-04 18:59:00,18,0,NORMAL
TXN-11604,BEN037,FPS-MAD-001,Madurai,Rice,Non-Priority (NPHH),4,20.0,17.9,0.895,70.4,2,2024-01-12 17:34:00,17,0,NORMAL
TXN-11605,BEN079,FPS-CHE-002,Chennai,Wheat,Non-Priority (NPHH),5,10.0,7.4,0.74,210.9,2,2024-08-29 13:32:00,13,0,NORMAL
TXN-11606,BEN166,FPS-MAD-002,Madurai,Rice,Antyodaya Anna Yojana (AAY),2,25.0,20.9,0.836,50.1,2,2024-04-14 11:57:00,11,0,NORMAL
TXN-11607,BEN067,FPS-MAD-002,Madurai,Dal,Priority (PHH),4,1.0,1.0,1.0,27.0,2,2024-02-01 14:55:00,14,0,NORMAL
TXN-11608,BEN094,FPS-CHE-001,Chennai,Rice,Priority (PHH),3,15.0,13.1,0.873,69.1,2,2024-09-25 13:21:00,13,0,NORMAL
TXN-11609,BEN300,FPS-TIR-001,Tiruchirappalli,Rice,Priority (PHH),5,25.0,23.4,0.936,3.8,6,2024-09-23 13:54:00,13,0,NORMAL
TXN-11610,BEN185,FPS-TIR-002,Tiruchirappalli,Wheat,Antyodaya Anna Yojana (AAY),4,10.0,34.4,3.44,43.5,4,2024-08-08 09:12:00,9,1,SUSPICIOUS
TXN-11611,BEN287,FPS-CHE-002,Chennai,Wheat,Non-Priority (NPHH),4,8.0,12.0,1.5,25.2,3,2024-08-04 23:43:00,23,1,SUSPICIOUS
TXN-11612,BEN226,FPS-TIR-001,Tiruchirappalli,Rice,Priority (PHH),5,25.0,21.8,0.872,33.6,2,2024-05-04 11:37:00,11,0,NORMAL
TXN-11613,BEN125,FPS-COI-001,Coimbatore,Dal,Priority (PHH),2,1.0,0.8,0.8,18.6,2,2024-02-20 16:10:00,16,0,NORMAL
TXN-11614,BEN037,FPS-SAL-001,Salem,Wheat,Priority (PHH),4,8.0,6.7,0.837,18.9,2,2024-10-14 17:21:00,17,0,NORMAL
TXN-11615,BEN241,FPS-TIR-001,Tiruchirappalli,Sugar,Antyodaya Anna Yojana (AAY),4,2.0,1.5,0.75,34.0,6,2024-08-16 10:54:00,10,0,NORMAL
TXN-11616,BEN205,FPS-TIR-002,Tiruchirappalli,Wheat,Priority (PHH),2,4.0,3.0,0.75,11.9,1,2024-07-05 12:24:00,12,0,NORMAL
TXN-11617,BEN184,FPS-MAD-002,Madurai,Dal,Priority (PHH),3,1.0,0.8,0.8,40.7,3,2024-01-23 10:08:00,10,0,NORMAL
TXN-11618,BEN005,FPS-MAD-002,Madurai,Dal,Non-Priority (NPHH),3,1.0,0.9,0.9,10.8,1,2024-07-14 17:26:00,17,0,NORMAL
TXN-11619,BEN228,FPS-TIR-002,Tiruchirappalli,Rice,Priority (PHH),3,15.0,13.6,0.907,8.7,2,2024-08-27 19:46:00,19,0,NORMAL
TXN-11620,BEN358,FPS-COI-001,Coimbatore,Rice,Priority (PHH),4,20.0,18.4,0.92,30.6,2,2024-01-30 15:30:00,15,0,NORMAL
TXN-11621,BEN272,FPS-MAD-001,Madurai,Wheat,Priority (PHH),3,6.0,5.2,0.867,93.2,2,2024-01-19 11:28:00,11,0,NORMAL
TXN-11622,BEN295,FPS-MAD-001,Madurai,Rice,Priority (PHH),2,10.0,8.6,0.86,80.9,6,2024-02-19 12:45:00,12,0,NORMAL
TXN-11623,BEN325,FPS-CHE-002,Chennai,Sugar,Priority (PHH),4,1.0,0.9,0.9,34.2,2,2024-09-28 14:59:00,14,0,NORMAL
TXN-11624,BEN020,FPS-TIR-001,Tiruchirappalli,Rice,Priority (PHH),4,20.0,18.6,0.93,37.4,1,2024-10-03 15:38:00,15,0,NORMAL
TXN-11625,BEN131,FPS-SAL-001,Salem,Rice,Priority (PHH),5,25.0,19.8,0.792,2.2,1,2024-06-23 17:42:00,17,0,NORMAL
TXN-11626,BEN048,FPS-MAD-001,Madurai,Wheat,Priority (PHH),3,6.0,5.5,0.917,5.4,1,2024-09-10 19:30:00,19,0,NORMAL
TXN-11627,BEN053,FPS-TIR-002,Tiruchirappalli,Sugar,Priority (PHH),3,1.0,0.7,0.7,5.3,4,2024-08-04 17:48:00,17,0,NORMAL
TXN-11628,BEN075,FPS-MAD-002,Madurai,Sugar,Priority (PHH),5,1.0,0.8,0.8,14.7,1,2024-08-18 08:11:00,8,0,NORMAL
TXN-11629,BEN095,FPS-SAL-002,Salem,Sugar,Priority (PHH),5,1.0,0.7,0.7,24.1,2,2024-01-23 14:41:00,14,0,NORMAL
TXN-11630,BEN069,FPS-SAL-002,Salem,Rice,Priority (PHH),5,25.0,19.1,0.764,43.3,2,2024-01-21 10:47:00,10,0,NORMAL
TXN-11631,BEN188,FPS-MAD-002,Madurai,Rice,Priority (PHH),3,15.0,14.9,0.993,1.1,2,2024-02-16 14:30:00,14,0,NORMAL
TXN-11632,BEN045,FPS-MAD-001,Madurai,Rice,Non-Priority (NPHH),4,20.0,18.4,0.92,5.9,3,2024-02-25 13:20:00,13,0,NORMAL
TXN-11633,BEN040,FPS-CHE-001,Chennai,Rice,Priority (PHH),3,15.0,10.9,0.727,8.0,1,2024-06-29 17:01:00,17,0,NORMAL
TXN-11634,BEN327,FPS-TIR-002,Tiruchirappalli,Rice,Antyodaya Anna Yojana (AAY),2,25.0,23.5,0.94,14.2,1,2024-01-14 15:28:00,15,0,NORMAL
TXN-11635,BEN358,FPS-CHE-002,Chennai,Rice,Non-Priority (NPHH),4,20.0,16.6,0.83,11.5,4,2024-01-09 12:27:00,12,0,NORMAL
TXN-11636,BEN086,FPS-COI-001,Coimbatore,Rice,Priority (PHH),3,15.0,13.5,0.9,53.0,2,2024-08-16 18:21:00,18,0,NORMAL
TXN-11637,BEN104,FPS-TIR-002,Tiruchirappalli,Dal,Priority (PHH),3,1.0,1.0,1.0,2.7,2,2024-09-25 16:26:00,16,0,NORMAL
TXN-11638,BEN057,FPS-SAL-002,Salem,Rice,Priority (PHH),3,15.0,14.4,0.96,24.5,3,2024-08-12 09:59:00,9,0,NORMAL
TXN-11639,BEN281,FPS-MAD-002,Madurai,Rice,Priority (PHH),3,15.0,13.1,0.873,36.7,2,2024-03-11 12:17:00,12,0,NORMAL
TXN-11640,BEN328,FPS-COI-001,Coimbatore,Rice,Priority (PHH),2,10.0,9.3,0.93,22.8,2,2024-07-21 11:33:00,11,0,NORMAL
TXN-11641,BEN286,FPS-CHE-002,Chennai,Rice,Priority (PHH),5,25.0,24.7,0.988,14.0,3,2024-03-22 12:05:00,12,0,NORMAL
TXN-11642,BEN373,FPS-TIR-002,Tiruchirappalli,Rice,Antyodaya Anna Yojana (AAY),5,25.0,23.9,0.956,79.4,2,2024-01-03 19:57:00,19,0,NORMAL
TXN-11643,BEN035,FPS-TIR-002,Tiruchirappalli,Dal,Priority (PHH),2,1.0,0.8,0.8,15.4,1,2024-07-21 17:35:00,17,0,NORMAL
TXN-11644,BEN340,FPS-TIR-001,Tiruchirappalli,Wheat,Priority (PHH),2,4.0,3.7,0.925,30.5,1,2024-10-25 08:18:00,8,0,NORMAL
TXN-11645,BEN235,FPS-TIR-001,Tiruchirappalli,Sugar,Priority (PHH),3,1.0,0.7,0.7,18.5,2,2024-10-02 08:10:00,8,0,NORMAL
TXN-11646,BEN391,FPS-MAD-002,Madurai,Wheat,Priority (PHH),5,10.0,39.8,3.98,47.9,1,2024-04-03 13:29:00,13,1,SUSPICIOUS
TXN-11647,BEN077,FPS-CHE-002,Chennai,Rice,Priority (PHH),3,15.0,14.7,0.98,56.4,3,2024-06-30 12:02:00,12,0,NORMAL
TXN-11648,BEN203,FPS-TIR-001,Tiruchirappalli,Dal,Priority (PHH),3,1.0,0.8,0.8,12.6,2,2024-04-03 15:02:00,15,0,NORMAL
TXN-11649,BEN166,FPS-SAL-002,Salem,Rice,Priority (PHH),2,10.0,8.7,0.87,9.8,1,2024-03-27 11:50:00,11,0,NORMAL
TXN-11650,BEN121,FPS-MAD-001,Madurai,Sugar,Antyodaya Anna Yojana (AAY),2,2.0,1.7,0.85,18.5,1,2024-02-27 18:55:00,18,0,NORMAL
TXN-11651,BEN170,FPS-TIR-002,Tiruchirappalli,Dal,Non-Priority (NPHH),4,1.0,0.9,0.9,9.0,3,2024-05-10 19:22:00,19,0,NORMAL
TXN-11652,BEN011,FPS-COI-001,Coimbatore,Rice,Priority (PHH),2,10.0,7.7,0.77,19.6,4,2024-01-19 09:57:00,9,0,NORMAL
TXN-11653,BEN321,FPS-COI-002,Coimbatore,Rice,Priority (PHH),3,15.0,10.9,0.727,54.6,2,2024-02-06 12:40:00,12,0,NORMAL
TXN-11654,BEN049,FPS-SAL-002,Salem,Dal,Priority (PHH),2,1.0,0.8,0.8,16.8,5,2024-09-05 16:24:00,16,0,NORMAL
TXN-11655,BEN152,FPS-CHE-001,Chennai,Rice,Antyodaya Anna Yojana (AAY),4,25.0,23.9,0.956,94.2,1,2024-09-05 18:16:00,18,0,NORMAL
TXN-11656,BEN288,FPS-CHE-001,Chennai,Rice,Priority (PHH),2,10.0,9.4,0.94,19.9,1,2024-01-27 08:01:00,8,0,NORMAL
TXN-11657,BEN368,FPS-MAD-002,Madurai,Dal,Priority (PHH),3,1.0,0.9,0.9,21.5,1,2024-05-23 19:21:00,19,0,NORMAL
TXN-11658,BEN341,FPS-CHE-002,Chennai,Rice,Antyodaya Anna Yojana (AAY),4,25.0,19.0,0.76,16.0,1,2024-01-31 17:34:00,17,0,NORMAL
TXN-11659,BEN244,FPS-MAD-001,Madurai,Rice,Priority (PHH),2,10.0,7.7,0.77,18.6,1,2024-05-29 11:14:00,11,0,NORMAL
TXN-11660,BEN134,FPS-COI-002,Coimbatore,Sugar,Priority (PHH),5,1.0,0.9,0.9,16.8,2,2024-08-10 16:06:00,16,0,NORMAL
TXN-11661,BEN058,FPS-SAL-002,Salem,Rice,Antyodaya Anna Yojana (AAY),4,25.0,18.3,0.732,13.2,5,2024-06-11 17:03:00,17,0,NORMAL
TXN-11662,BEN236,FPS-COI-001,Coimbatore,Rice,Non-Priority (NPHH),4,20.0,15.2,0.76,40.2,2,2024-07-23 09:29:00,9,0,NORMAL
TXN-11663,BEN022,FPS-SAL-001,Salem,Wheat,Priority (PHH),5,10.0,8.8,0.88,8.3,2,2024-05-18 08:31:00,8,0,NORMAL
TXN-11664,BEN042,FPS-MAD-001,Madurai,Wheat,Antyodaya Anna Yojana (AAY),2,10.0,7.2,0.72,21.8,2,2024-01-01 10:13:00,10,0,NORMAL
TXN-11665,BEN380,FPS-TIR-002,Tiruchirappalli,Wheat,Priority (PHH),2,4.0,3.1,0.775,52.9,1,2024-05-28 14:37:00,14,0,NORMAL
TXN-11666,BEN004,FPS-TIR-002,Tiruchirappalli,Wheat,Non-Priority (NPHH),5,10.0,7.3,0.73,13.1,2,2024-09-10 17:55:00,17,0,NORMAL
TXN-11667,BEN114,FPS-TIR-002,Tiruchirappalli,Wheat,Priority (PHH),5,10.0,7.4,0.74,1.1,1,2024-06-18 08:33:00,8,0,NORMAL
TXN-11668,BEN044,FPS-SAL-002,Salem,Rice,Antyodaya Anna Yojana (AAY),3,25.0,17.9,0.716,70.9,1,2024-09-16 10:21:00,10,0,NORMAL
TXN-11669,BEN389,FPS-TIR-001,Tiruchirappalli,Wheat,Antyodaya Anna Yojana (AAY),3,10.0,9.6,0.96,3.5,4,2024-01-18 11:03:00,11,0,NORMAL
TXN-11670,BEN275,FPS-MAD-001,Madurai,Sugar,Antyodaya Anna Yojana (AAY),5,2.0,1.9,0.95,38.1,3,2024-09-17 16:02:00,16,0,NORMAL
TXN-11671,BEN387,FPS-CHE-002,Chennai,Wheat,Antyodaya Anna Yojana (AAY),4,10.0,9.8,0.98,22.7,3,2024-02-07 12:18:00,12,0,NORMAL
TXN-11672,BEN333,FPS-COI-001,Coimbatore,Wheat,Antyodaya Anna Yojana (AAY),4,10.0,9.3,0.93,49.8,2,2024-05-25 09:53:00,9,0,NORMAL
TXN-11673,BEN273,FPS-MAD-002,Madurai,Sugar,Non-Priority (NPHH),4,1.0,0.8,0.8,22.0,1,2024-06-18 17:58:00,17,0,NORMAL
TXN-11674,BEN343,FPS-CHE-001,Chennai,Rice,Non-Priority (NPHH),5,25.0,19.7,0.788,43.7,6,2024-01-10 18:23:00,18,0,NORMAL
TXN-11675,BEN287,FPS-MAD-001,Madurai,Rice,Antyodaya Anna Yojana (AAY),3,25.0,19.9,0.796,4.1,1,2024-01-17 08:02:00,8,0,NORMAL
TXN-11676,BEN122,FPS-CHE-002,Chennai,Sugar,Priority (PHH),3,1.0,0.8,0.8,51.3,2,2024-10-07 14:27:00,14,0,NORMAL
TXN-11677,BEN179,FPS-MAD-002,Madurai,Sugar,Priority (PHH),4,1.0,0.9,0.9,45.3,1,2024-07-03 12:35:00,12,0,NORMAL
TXN-11678,BEN213,FPS-CHE-002,Chennai,Rice,Priority (PHH),3,15.0,12.3,0.82,9.8,2,2024-09-26 13:39:00,13,0,NORMAL
TXN-11679,BEN004,FPS-TIR-001,Tiruchirappalli,Wheat,Priority (PHH),5,10.0,9.4,0.94,58.7,3,2024-01-26 13:36:00,13,0,NORMAL
TXN-11680,BEN341,FPS-CHE-002,Chennai,Rice,Priority (PHH),5,25.0,20.5,0.82,59.7,3,2024-06-22 14:23:00,14,0,NORMAL
TXN-11681,BEN399,FPS-COI-001,Coimbatore,Sugar,Non-Priority (NPHH),3,1.0,0.9,0.9,50.9,1,2024-09-18 08:55:00,8,0,NORMAL
TXN-11682,BEN224,FPS-TIR-001,Tiruchirappalli,Wheat,Antyodaya Anna Yojana (AAY),3,10.0,9.0,0.9,26.3,2,2024-07-19 10:24:00,10,0,NORMAL
TXN-11683,BEN154,FPS-COI-002,Coimbatore,Dal,Priority (PHH),2,1.0,1.0,1.0,42.9,4,2024-06-12 17:39:00,17,0,NORMAL
TXN-11684,BEN055,FPS-MAD-002,Madurai,Wheat,Non-Priority (NPHH),5,10.0,49.1,4.91,42.8,4,2024-09-20 10:29:00,10,1,SUSPICIOUS
TXN-11685,BEN046,FPS-MAD-002,Madurai,Dal,Priority (PHH),5,1.0,0.8,0.8,15.3,2,2024-01-24 14:47:00,14,0,NORMAL
TXN-11686,BEN280,FPS-TIR-001,Tiruchirappalli,Wheat,Priority (PHH),3,6.0,6.6,1.1,0.6,6,2024-04-27 12:14:00,12,1,SUSPICIOUS
TXN-11687,BEN381,FPS-SAL-002,Salem,Rice,Priority (PHH),4,20.0,15.2,0.76,52.7,2,2024-08-11 17:09:00,17,0,NORMAL
TXN-11688,BEN063,FPS-TIR-002,Tiruchirappalli,Dal,Priority (PHH),2,1.0,0.8,0.8,13.7,2,2024-01-11 10:25:00,10,0,NORMAL
TXN-11689,BEN149,FPS-COI-001,Coimbatore,Rice,Non-Priority (NPHH),4,20.0,18.5,0.925,12.4,2,2024-01-29 19:57:00,19,0,NORMAL
TXN-11690,BEN151,FPS-COI-001,Coimbatore,Sugar,Priority (PHH),5,1.0,0.7,0.7,38.6,2,2024-02-17 19:15:00,19,0,NORMAL
TXN-11691,BEN219,FPS-CHE-002,Chennai,Wheat,Non-Priority (NPHH),3,6.0,5.3,0.883,19.1,4,2024-07-09 17:58:00,17,0,NORMAL
TXN-11692,BEN109,FPS-COI-001,Coimbatore,Sugar,Priority (PHH),3,1.0,0.8,0.8,43.2,3,2024-08-08 14:17:00,14,0,NORMAL
TXN-11693,BEN075,FPS-MAD-002,Madurai,Dal,Priority (PHH),2,1.0,0.8,0.8,3.4,2,2024-07-15 17:34:00,17,0,NORMAL
TXN-11694,BEN185,FPS-COI-001,Coimbatore,Wheat,Non-Priority (NPHH),2,4.0,2.9,0.725,12.2,3,2024-01-15 09:47:00,9,0,NORMAL
TXN-11695,BEN342,FPS-COI-001,Coimbatore,Rice,Non-Priority (NPHH),3,15.0,14.4,0.96,8.9,3,2024-03-30 16:08:00,16,0,NORMAL
TXN-11696,BEN205,FPS-TIR-001,Tiruchirappalli,Sugar,Priority (PHH),5,1.0,1.0,1.0,21.4,2,2024-01-26 13:13:00,13,0,NORMAL
TXN-11697,BEN117,FPS-COI-002,Coimbatore,Rice,Priority (PHH),4,20.0,15.9,0.795,11.4,3,2024-10-21 17:30:00,17,0,NORMAL
TXN-11698,BEN149,FPS-COI-002,Coimbatore,Dal,Priority (PHH),2,1.0,0.9,0.9,67.9,2,2024-09-25 13:31:00,13,0,NORMAL
TXN-11699,BEN231,FPS-COI-001,Coimbatore,Rice,Non-Priority (NPHH),3,15.0,11.0,0.733,14.7,4,2024-04-13 08:51:00,8,0,NORMAL
TXN-11700,BEN273,FPS-CHE-002,Chennai,Rice,Antyodaya Anna Yojana (AAY),3,25.0,19.7,0.788,20.6,1,2024-03-12 08:01:00,8,0,NORMAL
TXN-11701,BEN181,FPS-COI-001,Coimbatore,Dal,Antyodaya Anna Yojana (AAY),3,2.0,1.4,0.7,81.0,1,2024-04-03 11:42:00,11,0,NORMAL
TXN-11702,BEN082,FPS-COI-001,Coimbatore,Wheat,Non-Priority (NPHH),5,10.0,9.3,0.93,7.9,2,2024-06-04 10:04:00,10,0,NORMAL
TXN-11703,BEN094,FPS-SAL-002,Salem,Wheat,Antyodaya Anna Yojana (AAY),2,10.0,9.9,0.99,64.9,2,2024-05-27 17:43:00,17,0,NORMAL
TXN-11704,BEN161,FPS-CHE-001,Chennai,Sugar,Antyodaya Anna Yojana (AAY),2,2.0,1.8,0.9,7.6,2,2024-08-02 10:00:00,10,0,NORMAL
TXN-11705,BEN012,FPS-CHE-001,Chennai,Dal,Priority (PHH),2,1.0,0.9,0.9,14.4,1,2024-01-19 12:23:00,12,0,NORMAL
TXN-11706,BEN058,FPS-MAD-002,Madurai,Wheat,Priority (PHH),3,6.0,5.0,0.833,23.7,2,2024-08-26 12:53:00,12,0,NORMAL
TXN-11707,BEN319,FPS-SAL-001,Salem,Sugar,Priority (PHH),4,1.0,1.0,1.0,43.3,2,2024-08-27 18:20:00,18,0,NORMAL
TXN-11708,BEN379,FPS-TIR-002,Tiruchirappalli,Wheat,Antyodaya Anna Yojana (AAY),3,10.0,9.0,0.9,22.8,2,2024-01-10 16:13:00,16,0,NORMAL
TXN-11709,BEN224,FPS-CHE-001,Chennai,Dal,Priority (PHH),4,1.0,0.9,0.9,22.6,1,2024-02-12 18:55:00,18,0,NORMAL
TXN-11710,BEN135,FPS-SAL-001,Salem,Rice,Non-Priority (NPHH),3,15.0,12.8,0.853,15.1,1,2024-05-24 16:03:00,16,0,NORMAL
TXN-11711,BEN094,FPS-TIR-001,Tiruchirappalli,Sugar,Priority (PHH),5,1.0,0.7,0.7,3.0,2,2024-07-16 09:49:00,9,0,NORMAL
TXN-11712,BEN369,FPS-CHE-002,Chennai,Rice,Priority (PHH),2,10.0,9.2,0.92,39.2,3,2024-10-19 13:04:00,13,0,NORMAL
TXN-11713,BEN137,FPS-COI-001,Coimbatore,Dal,Antyodaya Anna Yojana (AAY),5,2.0,1.7,0.85,19.3,3,2024-07-12 16:35:00,16,0,NORMAL
TXN-11714,BEN365,FPS-MAD-001,Madurai,Rice,Priority (PHH),5,25.0,24.9,0.996,9.9,1,2024-04-03 11:10:00,11,0,NORMAL
TXN-11715,BEN389,FPS-CHE-002,Chennai,Rice,Priority (PHH),2,10.0,7.7,0.77,5.3,1,2024-04-28 08:22:00,8,0,NORMAL
TXN-11716,BEN346,FPS-CHE-001,Chennai,Rice,Priority (PHH),5,25.0,21.8,0.872,4.9,2,2024-01-03 09:28:00,9,0,NORMAL
TXN-11717,BEN125,FPS-COI-002,Coimbatore,Rice,Priority (PHH),5,25.0,19.3,0.772,4.4,4,2024-02-27 17:01:00,17,0,NORMAL
TXN-11718,BEN181,FPS-COI-002,Coimbatore,Dal,Priority (PHH),2,1.0,1.0,1.0,34.7,3,2024-01-26 15:05:00,15,0,NORMAL
TXN-11719,BEN379,FPS-TIR-001,Tiruchirappalli,Wheat,Priority (PHH),2,4.0,3.7,0.925,1.3,3,2024-06-15 16:33:00,16,0,NORMAL
TXN-11720,BEN231,FPS-COI-001,Coimbatore,Rice,Non-Priority (NPHH),5,25.0,18.9,0.756,89.4,3,2024-08-08 17:08:00,17,0,NORMAL
TXN-11721,BEN109,FPS-SAL-002,Salem,Rice,Priority (PHH),2,10.0,9.2,0.92,29.6,3,2024-04-04 08:53:00,8,0,NORMAL
TXN-11722,BEN249,FPS-SAL-001,Salem,Wheat,Priority (PHH),5,10.0,7.0,0.7,5.2,1,2024-05-04 18:22:00,18,0,NORMAL
TXN-11723,BEN168,FPS-SAL-002,Salem,Sugar,Non-Priority (NPHH),3,1.0,0.8,0.8,9.0,4,2024-03-27 08:21:00,8,0,NORMAL
TXN-11724,BEN013,FPS-CHE-002,Chennai,Sugar,Priority (PHH),5,1.0,0.8,0.8,20.2,1,2024-05-06 17:25:00,17,0,NORMAL
TXN-11725,BEN197,FPS-SAL-002,Salem,Sugar,Priority (PHH),3,1.0,0.8,0.8,2.6,3,2024-03-23 17:25:00,17,0,NORMAL
TXN-11726,BEN354,FPS-CHE-002,Chennai,Rice,Non-Priority (NPHH),4,20.0,19.3,0.965,2.7,1,2024-06-26 08:31:00,8,0,NORMAL
TXN-11727,BEN040,FPS-MAD-002,Madurai,Dal,Priority (PHH),2,1.0,0.7,0.7,9.6,2,2024-01-11 15:00:00,15,0,NORMAL
TXN-11728,BEN155,FPS-COI-001,Coimbatore,Wheat,Priority (PHH),5,10.0,8.4,0.84,2.3,1,2024-08-10 18:20:00,18,0,NORMAL
TXN-11729,BEN012,FPS-CHE-001,Chennai,Wheat,Antyodaya Anna Yojana (AAY),5,10.0,8.6,0.86,2.4,2,2024-10-21 13:03:00,13,0,NORMAL
TXN-11730,BEN013,FPS-MAD-001,Madurai,Rice,Antyodaya Anna Yojana (AAY),2,25.0,19.0,0.76,19.2,2,2024-09-14 19:39:00,19,0,NORMAL
TXN-11731,BEN117,FPS-COI-002,Coimbatore,Rice,Priority (PHH),3,15.0,11.4,0.76,7.8,1,2024-03-29 17:09:00,17,0,NORMAL
TXN-11732,BEN061,FPS-MAD-001,Madurai,Rice,Priority (PHH),4,20.0,19.2,0.96,82.4,4,2024-03-20 11:34:00,11,0,NORMAL
TXN-11733,BEN067,FPS-MAD-001,Madurai,Wheat,Priority (PHH),5,10.0,7.9,0.79,64.8,3,2024-07-01 17:02:00,17,0,NORMAL
TXN-11734,BEN220,FPS-SAL-002,Salem,Wheat,Priority (PHH),2,4.0,3.5,0.875,17.9,1,2024-10-11 13:17:00,13,0,NORMAL
TXN-11735,BEN293,FPS-COI-001,Coimbatore,Rice,Antyodaya Anna Yojana (AAY),4,25.0,23.7,0.948,10.2,2,2024-10-12 16:03:00,16,0,NORMAL
TXN-11736,BEN031,FPS-CHE-001,Chennai,Rice,Non-Priority (NPHH),3,15.0,14.8,0.987,9.3,1,2024-02-27 19:52:00,19,0,NORMAL
TXN-11737,BEN043,FPS-SAL-002,Salem,Rice,Antyodaya Anna Yojana (AAY),2,25.0,22.0,0.88,12.2,2,2024-02-10 09:59:00,9,0,NORMAL
TXN-11738,BEN179,FPS-MAD-001,Madurai,Wheat,Non-Priority (NPHH),4,8.0,7.2,0.9,19.8,2,2024-01-24 16:41:00,16,0,NORMAL
TXN-11739,BEN058,FPS-CHE-001,Chennai,Sugar,Priority (PHH),4,1.0,0.7,0.7,2.9,5,2024-09-03 08:33:00,8,0,NORMAL
TXN-11740,BEN252,FPS-MAD-001,Madurai,Rice,Antyodaya Anna Yojana (AAY),3,25.0,21.0,0.84,54.5,4,2024-05-14 17:13:00,17,0,NORMAL
TXN-11741,BEN111,FPS-SAL-001,Salem,Wheat,Priority (PHH),5,10.0,7.8,0.78,4.3,2,2024-09-02 13:26:00,13,0,NORMAL
TXN-11742,BEN384,FPS-CHE-002,Chennai,Rice,Priority (PHH),4,20.0,17.2,0.86,18.1,2,2024-07-04 18:26:00,18,0,NORMAL
TXN-11743,BEN038,FPS-MAD-001,Madurai,Rice,Non-Priority (NPHH),4,20.0,14.4,0.72,1.2,1,2024-09-17 19:45:00,19,0,NORMAL
TXN-11744,BEN256,FPS-COI-001,Coimbatore,Wheat,Priority (PHH),3,6.0,4.9,0.817,26.6,2,2024-03-06 13:26:00,13,0,NORMAL
TXN-11745,BEN152,FPS-COI-001,Coimbatore,Sugar,Priority (PHH),4,1.0,0.7,0.7,14.8,3,2024-03-28 12:42:00,12,0,NORMAL
TXN-11746,BEN078,FPS-TIR-001,Tiruchirappalli,Sugar,Priority (PHH),2,1.0,0.8,0.8,7.9,2,2024-02-07 13:41:00,13,0,NORMAL
TXN-11747,BEN146,FPS-COI-001,Coimbatore,Wheat,Priority (PHH),4,8.0,6.9,0.862,28.9,2,2024-07-19 10:11:00,10,0,NORMAL
TXN-11748,BEN359,FPS-SAL-002,Salem,Rice,Antyodaya Anna Yojana (AAY),4,25.0,24.0,0.96,6.2,5,2024-05-24 08:56:00,8,0,NORMAL
TXN-11749,BEN237,FPS-SAL-002,Salem,Rice,Priority (PHH),3,15.0,13.7,0.913,9.2,1,2024-04-05 13:12:00,13,0,NORMAL
TXN-11750,BEN090,FPS-TIR-002,Tiruchirappalli,Wheat,Priority (PHH),3,6.0,5.2,0.867,13.5,5,2024-02-02 14:20:00,14,0,NORMAL
TXN-11751,BEN269,FPS-MAD-002,Madurai,Dal,Priority (PHH),4,1.0,1.0,1.0,16.3,3,2024-02-25 12:02:00,12,0,NORMAL
TXN-11752,BEN303,FPS-MAD-001,Madurai,Sugar,Antyodaya Anna Yojana (AAY),2,2.0,1.6,0.8,49.6,1,2024-05-06 13:55:00,13,0,NORMAL
TXN-11753,BEN356,FPS-TIR-001,Tiruchirappalli,Rice,Priority (PHH),4,20.0,19.7,0.985,3.2,4,2024-03-03 13:28:00,13,0,NORMAL
TXN-11754,BEN191,FPS-TIR-001,Tiruchirappalli,Wheat,Priority (PHH),2,4.0,3.2,0.8,5.8,2,2024-04-24 15:47:00,15,0,NORMAL
TXN-11755,BEN046,FPS-CHE-002,Chennai,Wheat,Priority (PHH),2,4.0,3.4,0.85,3.6,2,2024-07-09 18:12:00,18,0,NORMAL
TXN-11756,BEN216,FPS-TIR-001,Tiruchirappalli,Rice,Priority (PHH),4,20.0,17.5,0.875,9.7,4,2024-05-14 18:59:00,18,0,NORMAL
TXN-11757,BEN196,FPS-CHE-001,Chennai,Dal,Non-Priority (NPHH),4,1.0,0.8,0.8,13.6,1,2024-09-10 12:04:00,12,0,NORMAL
TXN-11758,BEN227,FPS-TIR-002,Tiruchirappalli,Rice,Non-Priority (NPHH),3,15.0,12.4,0.827,82.8,2,2024-05-25 17:55:00,17,0,NORMAL
TXN-11759,BEN340,FPS-SAL-001,Salem,Dal,Priority (PHH),3,1.0,0.8,0.8,31.7,2,2024-09-18 13:17:00,13,0,NORMAL
TXN-11760,BEN290,FPS-TIR-002,Tiruchirappalli,Rice,Priority (PHH),2,10.0,9.6,0.96,20.0,2,2024-03-15 16:18:00,16,0,NORMAL
TXN-11761,BEN387,FPS-SAL-002,Salem,Dal,Non-Priority (NPHH),3,1.0,0.8,0.8,4.7,1,2024-04-27 13:55:00,13,0,NORMAL
TXN-11762,BEN130,FPS-COI-002,Coimbatore,Dal,Priority (PHH),2,1.0,0.8,0.8,8.4,2,2024-04-16 18:04:00,18,0,NORMAL
TXN-11763,BEN203,FPS-CHE-002,Chennai,Dal,Priority (PHH),3,1.0,0.8,0.8,18.2,4,2024-02-17 14:39:00,14,0,NORMAL
TXN-11764,BEN086,FPS-MAD-001,Madurai,Sugar,Priority (PHH),5,1.0,0.9,0.9,14.7,3,2024-04-18 13:53:00,13,0,NORMAL
TXN-11765,BEN113,FPS-CHE-001,Chennai,Wheat,Priority (PHH),4,8.0,6.3,0.787,14.8,2,2024-08-13 11:40:00,11,0,NORMAL
TXN-11766,BEN141,FPS-TIR-001,Tiruchirappalli,Rice,Priority (PHH),3,15.0,14.3,0.953,24.9,1,2024-08-07 11:49:00,11,0,NORMAL
TXN-11767,BEN281,FPS-CHE-002,Chennai,Rice,Priority (PHH),4,20.0,18.0,0.9,27.1,1,2024-07-23 16:51:00,16,0,NORMAL
TXN-11768,BEN109,FPS-CHE-002,Chennai,Rice,Priority (PHH),5,25.0,23.6,0.944,35.1,1,2024-09-17 16:53:00,16,0,NORMAL
TXN-11769,BEN103,FPS-COI-001,Coimbatore,Sugar,Antyodaya Anna Yojana (AAY),2,2.0,1.6,0.8,13.4,3,2024-03-30 10:21:00,10,0,NORMAL
TXN-11770,BEN313,FPS-CHE-001,Chennai,Dal,Priority (PHH),4,1.0,0.9,0.9,13.1,1,2024-07-13 09:37:00,9,0,NORMAL
TXN-11771,BEN389,FPS-MAD-002,Madurai,Rice,Priority (PHH),2,10.0,7.8,0.78,1.2,1,2024-01-04 18:17:00,18,0,NORMAL
TXN-11772,BEN367,FPS-TIR-002,Tiruchirappalli,Dal,Priority (PHH),3,1.0,0.8,0.8,58.3,2,2024-06-04 14:33:00,14,0,NORMAL
TXN-11773,BEN258,FPS-MAD-002,Madurai,Wheat,Priority (PHH),4,8.0,7.0,0.875,9.3,2,2024-07-16 14:05:00,14,0,NORMAL
TXN-11774,BEN194,FPS-CHE-002,Chennai,Rice,Antyodaya Anna Yojana (AAY),4,25.0,19.8,0.792,71.2,2,2024-01-04 09:54:00,9,0,NORMAL
TXN-11775,BEN006,FPS-SAL-002,Salem,Wheat,Non-Priority (NPHH),2,4.0,2.9,0.725,6.1,2,2024-09-13 18:47:00,18,0,NORMAL
TXN-11776,BEN061,FPS-MAD-001,Madurai,Dal,Antyodaya Anna Yojana (AAY),2,2.0,1.9,0.95,4.4,3,2024-06-20 08:30:00,8,0,NORMAL
TXN-11777,BEN033,FPS-COI-001,Coimbatore,Wheat,Priority (PHH),5,10.0,8.4,0.84,17.3,1,2024-01-02 18:20:00,18,0,NORMAL
TXN-11778,BEN252,FPS-MAD-002,Madurai,Rice,Antyodaya Anna Yojana (AAY),3,25.0,23.4,0.936,17.1,2,2024-09-17 09:21:00,9,0,NORMAL
TXN-11779,BEN299,FPS-CHE-002,Chennai,Sugar,Antyodaya Anna Yojana (AAY),4,2.0,1.5,0.75,14.8,5,2024-07-22 12:30:00,12,0,NORMAL
TXN-11780,BEN007,FPS-SAL-001,Salem,Rice,Priority (PHH),5,25.0,18.2,0.728,5.5,3,2024-10-09 19:28:00,19,0,NORMAL
TXN-11781,BEN324,FPS-MAD-001,Madurai,Wheat,Priority (PHH),2,4.0,3.3,0.825,10.3,2,2024-05-13 15:27:00,15,0,NORMAL
TXN-11782,BEN086,FPS-COI-001,Coimbatore,Dal,Priority (PHH),2,1.0,0.8,0.8,20.2,1,2024-06-18 11:01:00,11,0,NORMAL
TXN-11783,BEN037,FPS-SAL-001,Salem,Rice,Priority (PHH),2,10.0,8.0,0.8,8.5,1,2024-07-19 18:31:00,18,0,NORMAL
TXN-11784,BEN091,FPS-MAD-002,Madurai,Wheat,Priority (PHH),3,6.0,5.5,0.917,84.7,2,2024-09-12 16:34:00,16,0,NORMAL
TXN-11785,BEN013,FPS-MAD-001,Madurai,Dal,Priority (PHH),2,1.0,1.0,1.0,22.1,1,2024-02-12 18:44:00,18,0,NORMAL
TXN-11786,BEN217,FPS-MAD-002,Madurai,Dal,Priority (PHH),4,1.0,0.9,0.9,15.0,1,2024-07-09 17:02:00,17,0,NORMAL
TXN-11787,BEN260,FPS-SAL-002,Salem,Rice,Priority (PHH),5,25.0,18.4,0.736,4.7,1,2024-04-10 18:47:00,18,0,NORMAL
TXN-11788,BEN300,FPS-TIR-002,Tiruchirappalli,Wheat,Priority (PHH),4,8.0,7.1,0.887,11.7,2,2024-01-21 10:03:00,10,0,NORMAL
TXN-11789,BEN251,FPS-SAL-001,Salem,Rice,Priority (PHH),3,15.0,17.5,1.167,0.9,5,2024-07-06 18:11:00,18,1,SUSPICIOUS
TXN-11790,BEN235,FPS-COI-001,Coimbatore,Rice,Priority (PHH),5,25.0,23.7,0.948,43.4,2,2024-02-23 10:41:00,10,0,NORMAL
TXN-11791,BEN146,FPS-MAD-002,Madurai,Dal,Priority (PHH),2,1.0,0.8,0.8,26.3,2,2024-08-03 09:51:00,9,0,NORMAL
TXN-11792,BEN187,FPS-TIR-002,Tiruchirappalli,Wheat,Priority (PHH),2,4.0,3.9,0.975,10.0,3,2024-02-22 08:23:00,8,0,NORMAL
TXN-11793,BEN298,FPS-MAD-001,Madurai,Rice,Priority (PHH),4,20.0,18.8,0.94,10.3,1,2024-04-27 14:13:00,14,0,NORMAL
TXN-11794,BEN240,FPS-COI-002,Coimbatore,Wheat,Priority (PHH),5,10.0,7.0,0.7,39.7,3,2024-08-09 11:27:00,11,0,NORMAL
TXN-11795,BEN157,FPS-COI-001,Coimbatore,Wheat,Antyodaya Anna Yojana (AAY),3,10.0,7.9,0.79,1.6,2,2024-04-08 19:28:00,19,0,NORMAL
TXN-11796,BEN022,FPS-COI-002,Coimbatore,Rice,Priority (PHH),2,10.0,7.2,0.72,29.2,2,2024-07-29 15:26:00,15,0,NORMAL
TXN-11797,BEN218,FPS-CHE-001,Chennai,Rice,Priority (PHH),3,15.0,14.4,0.96,87.2,6,2024-03-01 12:35:00,12,0,NORMAL
TXN-11798,BEN186,FPS-CHE-001,Chennai,Rice,Priority (PHH),4,20.0,19.9,0.995,17.3,2,2024-01-16 19:27:00,19,0,NORMAL
TXN-11799,BEN387,FPS-COI-002,Coimbatore,Rice,Antyodaya Anna Yojana (AAY),4,25.0,24.8,0.992,22.7,2,2024-02-22 18:45:00,18,0,NORMAL
TXN-11800,BEN122,FPS-CHE-002,Chennai,Sugar,Antyodaya Anna Yojana (AAY),3,2.0,1.7,0.85,24.5,3,2024-01-04 09:04:00,9,0,NORMAL
TXN-11801,BEN377,FPS-MAD-002,Madurai,Rice,Priority (PHH),2,10.0,8.2,0.82,20.0,2,2024-05-16 14:51:00,14,0,NORMAL
TXN-11802,BEN372,FPS-COI-001,Coimbatore,Rice,Non-Priority (NPHH),3,15.0,14.0,0.933,1.3,2,2024-07-24 12:10:00,12,0,NORMAL
TXN-11803,BEN212,FPS-MAD-002,Madurai,Sugar,Priority (PHH),5,1.0,0.7,0.7,1.2,2,2024-03-25 14:02:00,14,0,NORMAL
TXN-11804,BEN136,FPS-CHE-002,Chennai,Rice,Priority (PHH),3,15.0,11.1,0.74,14.8,3,2024-04-14 10:17:00,10,0,NORMAL
TXN-11805,BEN269,FPS-TIR-002,Tiruchirappalli,Dal,Non-Priority (NPHH),2,1.0,0.9,0.9,28.3,4,2024-05-25 10:18:00,10,0,NORMAL
TXN-11806,BEN019,FPS-TIR-001,Tiruchirappalli,Sugar,Antyodaya Anna Yojana (AAY),2,2.0,1.6,0.8,5.8,2,2024-02-29 11:36:00,11,0,NORMAL
TXN-11807,BEN183,FPS-CHE-001,Chennai,Wheat,Antyodaya Anna Yojana (AAY),4,10.0,9.8,0.98,33.1,2,2024-09-01 17:06:00,17,0,NORMAL
TXN-11808,BEN283,FPS-TIR-002,Tiruchirappalli,Rice,Non-Priority (NPHH),5,25.0,21.9,0.876,5.8,2,2024-01-21 08:14:00,8,0,NORMAL
TXN-11809,BEN272,FPS-SAL-001,Salem,Rice,Antyodaya Anna Yojana (AAY),2,25.0,19.2,0.768,34.1,3,2024-06-21 15:28:00,15,0,NORMAL
TXN-11810,BEN224,FPS-SAL-002,Salem,Sugar,Priority (PHH),2,1.0,0.8,0.8,74.5,2,2024-10-24 15:14:00,15,0,NORMAL
TXN-11811,BEN003,FPS-COI-002,Coimbatore,Rice,Antyodaya Anna Yojana (AAY),4,25.0,23.7,0.948,7.3,3,2024-04-07 17:00:00,17,0,NORMAL
TXN-11812,BEN023,FPS-TIR-002,Tiruchirappalli,Rice,Priority (PHH),5,25.0,20.9,0.836,5.3,1,2024-05-17 09:55:00,9,0,NORMAL
TXN-11813,BEN313,FPS-MAD-002,Madurai,Dal,Antyodaya Anna Yojana (AAY),3,2.0,1.6,0.8,44.5,3,2024-03-17 10:24:00,10,0,NORMAL
TXN-11814,BEN142,FPS-SAL-001,Salem,Rice,Priority (PHH),3,15.0,14.6,0.973,49.9,1,2024-08-30 11:31:00,11,0,NORMAL
TXN-11815,BEN208,FPS-CHE-001,Chennai,Rice,Antyodaya Anna Yojana (AAY),2,25.0,22.4,0.896,2.8,3,2024-04-15 17:04:00,17,0,NORMAL
TXN-11816,BEN064,FPS-MAD-002,Madurai,Dal,Non-Priority (NPHH),3,1.0,1.0,1.0,10.6,2,2024-05-06 11:03:00,11,0,NORMAL
TXN-11817,BEN285,FPS-COI-001,Coimbatore,Rice,Antyodaya Anna Yojana (AAY),4,25.0,25.6,1.024,0.6,7,2024-04-21 17:49:00,17,1,SUSPICIOUS
TXN-11818,BEN367,FPS-CHE-001,Chennai,Rice,Priority (PHH),3,15.0,13.1,0.873,9.4,2,2024-08-08 14:36:00,14,0,NORMAL
TXN-11819,BEN174,FPS-MAD-002,Madurai,Rice,Priority (PHH),4,20.0,18.3,0.915,1.1,1,2024-05-31 17:14:00,17,0,NORMAL
TXN-11820,BEN261,FPS-COI-002,Coimbatore,Sugar,Priority (PHH),3,1.0,0.8,0.8,5.4,4,2024-06-03 14:59:00,14,0,NORMAL
TXN-11821,BEN311,FPS-TIR-002,Tiruchirappalli,Dal,Non-Priority (NPHH),5,1.0,0.7,0.7,1.6,2,2024-01-15 11:18:00,11,0,NORMAL
TXN-11822,BEN148,FPS-MAD-001,Madurai,Wheat,Priority (PHH),3,6.0,4.7,0.783,36.6,2,2024-08-14 18:10:00,18,0,NORMAL
TXN-11823,BEN342,FPS-TIR-002,Tiruchirappalli,Rice,Priority (PHH),3,15.0,14.5,0.967,27.2,2,2024-10-10 09:30:00,9,0,NORMAL
TXN-11824,BEN291,FPS-TIR-001,Tiruchirappalli,Rice,Priority (PHH),5,25.0,20.1,0.804,8.7,2,2024-07-25 10:39:00,10,0,NORMAL
TXN-11825,BEN154,FPS-MAD-002,Madurai,Rice,Priority (PHH),3,15.0,13.8,0.92,31.9,1,2024-10-20 13:18:00,13,0,NORMAL
TXN-11826,BEN145,FPS-MAD-001,Madurai,Dal,Non-Priority (NPHH),2,1.0,0.8,0.8,31.6,5,2024-02-18 18:28:00,18,0,NORMAL
TXN-11827,BEN049,FPS-TIR-001,Tiruchirappalli,Rice,Non-Priority (NPHH),2,10.0,8.8,0.88,19.0,3,2024-01-06 19:46:00,19,0,NORMAL
TXN-11828,BEN095,FPS-COI-001,Coimbatore,Rice,Non-Priority (NPHH),4,20.0,15.1,0.755,10.9,2,2024-06-18 10:00:00,10,0,NORMAL
TXN-11829,BEN282,FPS-COI-002,Coimbatore,Wheat,Priority (PHH),4,8.0,6.4,0.8,29.2,2,2024-01-12 15:22:00,15,0,NORMAL
TXN-11830,BEN238,FPS-COI-002,Coimbatore,Rice,Priority (PHH),3,15.0,10.8,0.72,79.7,2,2024-07-05 09:53:00,9,0,NORMAL
TXN-11831,BEN032,FPS-SAL-001,Salem,Dal,Priority (PHH),3,1.0,0.7,0.7,17.3,1,2024-08-02 10:24:00,10,0,NORMAL
TXN-11832,BEN013,FPS-MAD-002,Madurai,Dal,Non-Priority (NPHH),4,1.0,0.9,0.9,13.8,3,2024-04-13 09:39:00,9,0,NORMAL
TXN-11833,BEN370,FPS-CHE-001,Chennai,Rice,Antyodaya Anna Yojana (AAY),5,25.0,20.5,0.82,3.5,2,2024-06-03 14:58:00,14,0,NORMAL
TXN-11834,BEN293,FPS-TIR-002,Tiruchirappalli,Dal,Antyodaya Anna Yojana (AAY),5,2.0,1.6,0.8,14.7,1,2024-05-13 16:57:00,16,0,NORMAL
TXN-11835,BEN233,FPS-CHE-002,Chennai,Rice,Priority (PHH),4,20.0,18.0,0.9,31.4,3,2024-10-12 16:56:00,16,0,NORMAL
TXN-11836,BEN180,FPS-TIR-001,Tiruchirappalli,Rice,Antyodaya Anna Yojana (AAY),5,25.0,18.4,0.736,112.6,1,2024-07-05 17:33:00,17,0,NORMAL
TXN-11837,BEN153,FPS-MAD-002,Madurai,Wheat,Priority (PHH),2,4.0,3.1,0.775,34.7,3,2024-05-25 19:29:00,19,0,NORMAL
TXN-11838,BEN093,FPS-SAL-001,Salem,Dal,Priority (PHH),2,1.0,0.8,0.8,107.8,2,2024-08-02 09:56:00,9,0,NORMAL
TXN-11839,BEN341,FPS-CHE-001,Chennai,Sugar,Priority (PHH),5,1.0,0.8,0.8,14.1,3,2024-02-29 08:41:00,8,0,NORMAL
TXN-11840,BEN292,FPS-TIR-002,Tiruchirappalli,Dal,Priority (PHH),4,1.0,0.7,0.7,26.0,2,2024-01-20 14:53:00,14,0,NORMAL
TXN-11841,BEN247,FPS-SAL-002,Salem,Dal,Priority (PHH),4,1.0,1.0,1.0,13.2,2,2024-07-15 18:12:00,18,0,NORMAL
TXN-11842,BEN154,FPS-MAD-002,Madurai,Rice,Antyodaya Anna Yojana (AAY),3,25.0,23.0,0.92,25.2,2,2024-05-09 18:44:00,18,0,NORMAL
TXN-11843,BEN083,FPS-MAD-001,Madurai,Wheat,Priority (PHH),2,4.0,3.1,0.775,3.8,4,2024-03-22 18:40:00,18,0,NORMAL
TXN-11844,BEN380,FPS-MAD-001,Madurai,Wheat,Non-Priority (NPHH),4,8.0,7.1,0.887,15.2,4,2024-03-27 15:04:00,15,0,NORMAL
TXN-11845,BEN383,FPS-MAD-002,Madurai,Dal,Priority (PHH),2,1.0,0.8,0.8,40.4,3,2024-04-19 09:05:00,9,0,NORMAL
TXN-11846,BEN246,FPS-TIR-001,Tiruchirappalli,Rice,Priority (PHH),5,25.0,18.0,0.72,8.1,2,2024-10-06 10:48:00,10,0,NORMAL
TXN-11847,BEN232,FPS-TIR-001,Tiruchirappalli,Wheat,Non-Priority (NPHH),2,4.0,2.9,0.725,14.1,1,2024-06-28 15:10:00,15,0,NORMAL
TXN-11848,BEN149,FPS-CHE-001,Chennai,Rice,Priority (PHH),3,15.0,11.2,0.747,3.8,3,2024-07-17 13:30:00,13,0,NORMAL
TXN-11849,BEN004,FPS-TIR-002,Tiruchirappalli,Wheat,Priority (PHH),3,6.0,4.8,0.8,85.7,1,2024-10-22 12:03:00,12,0,NORMAL
TXN-11850,BEN375,FPS-TIR-002,Tiruchirappalli,Rice,Priority (PHH),5,25.0,18.6,0.744,2.2,2,2024-02-21 17:40:00,17,0,NORMAL
TXN-11851,BEN306,FPS-SAL-001,Salem,Dal,Antyodaya Anna Yojana (AAY),5,2.0,1.9,0.95,2.2,1,2024-07-16 12:39:00,12,0,NORMAL
TXN-11852,BEN110,FPS-CHE-001,Chennai,Rice,Non-Priority (NPHH),5,25.0,22.4,0.896,6.6,3,2024-02-24 16:15:00,16,0,NORMAL
TXN-11853,BEN046,FPS-CHE-002,Chennai,Rice,Priority (PHH),3,15.0,11.8,0.787,24.8,3,2024-06-12 09:59:00,9,0,NORMAL
TXN-11854,BEN326,FPS-COI-002,Coimbatore,Dal,Antyodaya Anna Yojana (AAY),2,2.0,1.9,0.95,8.1,2,2024-04-25 10:45:00,10,0,NORMAL
TXN-11855,BEN183,FPS-COI-002,Coimbatore,Rice,Priority (PHH),4,20.0,18.2,0.91,9.6,2,2024-03-04 08:01:00,8,0,NORMAL
TXN-11856,BEN372,FPS-TIR-001,Tiruchirappalli,Dal,Priority (PHH),2,1.0,0.9,0.9,4.6,3,2024-08-24 12:55:00,12,0,NORMAL
TXN-11857,BEN232,FPS-MAD-001,Madurai,Dal,Antyodaya Anna Yojana (AAY),2,2.0,1.6,0.8,8.7,3,2024-08-22 16:10:00,16,0,NORMAL
TXN-11858,BEN068,FPS-TIR-002,Tiruchirappalli,Wheat,Antyodaya Anna Yojana (AAY),5,10.0,8.0,0.8,8.2,2,2024-05-31 14:42:00,14,0,NORMAL
TXN-11859,BEN290,FPS-COI-002,Coimbatore,Wheat,Priority (PHH),3,6.0,5.4,0.9,10.8,3,2024-01-28 10:12:00,10,0,NORMAL
TXN-11860,BEN107,FPS-SAL-001,Salem,Dal,Priority (PHH),4,1.0,1.5,1.5,32.5,1,2024-10-14 01:46:00,1,1,SUSPICIOUS
TXN-11861,BEN214,FPS-SAL-002,Salem,Wheat,Priority (PHH),5,10.0,7.2,0.72,16.2,1,2024-02-22 17:53:00,17,0,NORMAL
TXN-11862,BEN270,FPS-TIR-001,Tiruchirappalli,Rice,Priority (PHH),5,25.0,19.4,0.776,8.0,4,2024-01-10 13:42:00,13,0,NORMAL
TXN-11863,BEN096,FPS-MAD-002,Madurai,Wheat,Antyodaya Anna Yojana (AAY),5,10.0,8.9,0.89,2.5,2,2024-09-01 10:17:00,10,0,NORMAL
TXN-11864,BEN089,FPS-CHE-001,Chennai,Sugar,Priority (PHH),5,1.0,0.9,0.9,3.9,1,2024-03-24 17:25:00,17,0,NORMAL
TXN-11865,BEN082,FPS-COI-001,Coimbatore,Dal,Antyodaya Anna Yojana (AAY),4,2.0,1.8,0.9,29.3,1,2024-09-05 10:02:00,10,0,NORMAL
TXN-11866,BEN133,FPS-SAL-001,Salem,Dal,Priority (PHH),5,1.0,0.8,0.8,34.8,2,2024-02-02 13:36:00,13,0,NORMAL
TXN-11867,BEN358,FPS-CHE-002,Chennai,Rice,Non-Priority (NPHH),4,20.0,16.5,0.825,55.5,1,2024-09-19 17:35:00,17,0,NORMAL
TXN-11868,BEN314,FPS-TIR-002,Tiruchirappalli,Rice,Priority (PHH),5,25.0,20.8,0.832,13.8,2,2024-01-06 14:41:00,14,0,NORMAL
TXN-11869,BEN149,FPS-CHE-002,Chennai,Sugar,Antyodaya Anna Yojana (AAY),3,2.0,1.6,0.8,1.7,1,2024-10-10 09:06:00,9,0,NORMAL
TXN-11870,BEN223,FPS-SAL-002,Salem,Rice,Priority (PHH),3,15.0,13.9,0.927,25.0,3,2024-09-08 10:46:00,10,0,NORMAL
TXN-11871,BEN157,FPS-COI-002,Coimbatore,Wheat,Priority (PHH),2,4.0,3.0,0.75,13.7,1,2024-06-17 13:28:00,13,0,NORMAL
TXN-11872,BEN252,FPS-CHE-001,Chennai,Sugar,Non-Priority (NPHH),3,1.0,0.8,0.8,6.4,1,2024-10-05 08:49:00,8,0,NORMAL
TXN-11873,BEN187,FPS-MAD-002,Madurai,Wheat,Antyodaya Anna Yojana (AAY),4,10.0,8.3,0.83,18.3,4,2024-10-08 10:11:00,10,0,NORMAL
TXN-11874,BEN324,FPS-COI-001,Coimbatore,Rice,Priority (PHH),3,15.0,12.5,0.833,38.7,2,2024-10-06 18:30:00,18,0,NORMAL
TXN-11875,BEN053,FPS-CHE-002,Chennai,Wheat,Priority (PHH),2,4.0,3.7,0.925,77.1,3,2024-04-26 14:10:00,14,0,NORMAL
TXN-11876,BEN038,FPS-TIR-001,Tiruchirappalli,Wheat,Non-Priority (NPHH),2,4.0,2.9,0.725,23.8,3,2024-08-10 08:34:00,8,0,NORMAL
TXN-11877,BEN062,FPS-CHE-001,Chennai,Sugar,Priority (PHH),3,1.0,0.8,0.8,3.4,2,2024-10-21 11:11:00,11,0,NORMAL
TXN-11878,BEN106,FPS-TIR-002,Tiruchirappalli,Rice,Priority (PHH),4,20.0,18.6,0.93,1.0,3,2024-07-28 17:43:00,17,0,NORMAL
TXN-11879,BEN194,FPS-COI-001,Coimbatore,Wheat,Priority (PHH),2,4.0,3.7,0.925,1.7,2,2024-03-23 12:27:00,12,0,NORMAL
TXN-11880,BEN066,FPS-CHE-001,Chennai,Rice,Priority (PHH),2,10.0,8.2,0.82,11.8,2,2024-09-02 15:35:00,15,0,NORMAL
TXN-11881,BEN076,FPS-TIR-002,Tiruchirappalli,Wheat,Priority (PHH),4,8.0,7.8,0.975,15.2,3,2024-08-17 10:37:00,10,0,NORMAL
TXN-11882,BEN388,FPS-TIR-001,Tiruchirappalli,Dal,Priority (PHH),4,1.0,0.9,0.9,3.4,2,2024-01-20 14:00:00,14,0,NORMAL
TXN-11883,BEN113,FPS-SAL-001,Salem,Rice,Priority (PHH),2,10.0,7.7,0.77,33.0,2,2024-02-04 09:13:00,9,0,NORMAL
TXN-11884,BEN312,FPS-COI-002,Coimbatore,Wheat,Priority (PHH),5,10.0,8.3,0.83,5.0,2,2024-05-20 08:24:00,8,0,NORMAL
TXN-11885,BEN055,FPS-TIR-001,Tiruchirappalli,Wheat,Priority (PHH),2,4.0,3.4,0.85,26.2,2,2024-05-11 09:15:00,9,0,NORMAL
TXN-11886,BEN105,FPS-MAD-002,Madurai,Rice,Priority (PHH),3,15.0,13.6,0.907,15.9,2,2024-03-22 18:00:00,18,0,NORMAL
TXN-11887,BEN066,FPS-CHE-002,Chennai,Rice,Priority (PHH),2,10.0,9.6,0.96,11.3,3,2024-05-30 13:15:00,13,0,NORMAL
TXN-11888,BEN371,FPS-CHE-001,Chennai,Wheat,Priority (PHH),4,8.0,6.3,0.787,42.5,3,2024-02-10 08:40:00,8,0,NORMAL
TXN-11889,BEN257,FPS-SAL-001,Salem,Rice,Priority (PHH),4,20.0,14.2,0.71,49.2,1,2024-10-16 08:47:00,8,0,NORMAL
TXN-11890,BEN022,FPS-TIR-002,Tiruchirappalli,Dal,Priority (PHH),2,1.0,0.9,0.9,5.6,1,2024-10-18 14:24:00,14,0,NORMAL
TXN-11891,BEN153,FPS-MAD-001,Madurai,Sugar,Antyodaya Anna Yojana (AAY),4,2.0,1.9,0.95,58.9,3,2024-06-16 12:16:00,12,0,NORMAL
TXN-11892,BEN006,FPS-CHE-001,Chennai,Wheat,Priority (PHH),2,4.0,3.9,0.975,4.5,2,2024-07-03 10:15:00,10,0,NORMAL
TXN-11893,BEN179,FPS-SAL-001,Salem,Rice,Priority (PHH),5,25.0,22.8,0.912,44.3,4,2024-09-30 11:52:00,11,0,NORMAL
TXN-11894,BEN142,FPS-MAD-001,Madurai,Rice,Priority (PHH),3,15.0,14.4,0.96,27.0,1,2024-01-25 09:44:00,9,0,NORMAL
TXN-11895,BEN389,FPS-COI-002,Coimbatore,Wheat,Priority (PHH),4,8.0,7.7,0.962,51.5,1,2024-07-31 10:52:00,10,0,NORMAL
TXN-11896,BEN294,FPS-TIR-001,Tiruchirappalli,Dal,Priority (PHH),2,1.0,0.7,0.7,9.0,1,2024-06-05 10:22:00,10,0,NORMAL
TXN-11897,BEN028,FPS-CHE-002,Chennai,Wheat,Non-Priority (NPHH),5,10.0,9.8,0.98,23.8,7,2024-10-07 09:29:00,9,0,NORMAL
TXN-11898,BEN083,FPS-COI-001,Coimbatore,Wheat,Antyodaya Anna Yojana (AAY),4,10.0,9.9,0.99,17.8,2,2024-03-02 14:32:00,14,0,NORMAL
TXN-11899,BEN261,FPS-TIR-002,Tiruchirappalli,Rice,Priority (PHH),4,20.0,16.1,0.805,10.5,1,2024-08-07 12:07:00,12,0,NORMAL
TXN-11900,BEN092,FPS-SAL-001,Salem,Rice,Priority (PHH),2,10.0,8.1,0.81,16.5,2,2024-01-24 10:52:00,10,0,NORMAL
TXN-11901,BEN343,FPS-SAL-001,Salem,Rice,Non-Priority (NPHH),3,15.0,14.2,0.947,36.4,2,2024-07-08 10:30:00,10,0,NORMAL
TXN-11902,BEN305,FPS-CHE-001,Chennai,Rice,Priority (PHH),4,20.0,14.3,0.715,23.8,3,2024-05-03 11:19:00,11,0,NORMAL
TXN-11903,BEN180,FPS-TIR-001,Tiruchirappalli,Wheat,Priority (PHH),5,10.0,7.4,0.74,34.8,1,2024-09-02 17:45:00,17,0,NORMAL
TXN-11904,BEN034,FPS-MAD-001,Madurai,Wheat,Priority (PHH),5,10.0,8.5,0.85,65.8,4,2024-09-13 09:40:00,9,0,NORMAL
TXN-11905,BEN266,FPS-MAD-002,Madurai,Wheat,Non-Priority (NPHH),4,8.0,6.6,0.825,68.4,4,2024-07-11 14:51:00,14,0,NORMAL
TXN-11906,BEN018,FPS-MAD-002,Madurai,Rice,Priority (PHH),3,15.0,12.1,0.807,44.8,2,2024-03-28 08:37:00,8,0,NORMAL
TXN-11907,BEN302,FPS-TIR-002,Tiruchirappalli,Rice,Priority (PHH),3,15.0,13.0,0.867,16.2,4,2024-07-07 08:41:00,8,0,NORMAL
TXN-11908,BEN081,FPS-SAL-002,Salem,Rice,Priority (PHH),3,15.0,12.2,0.813,8.7,3,2024-07-03 18:26:00,18,0,NORMAL
TXN-11909,BEN395,FPS-CHE-002,Chennai,Rice,Non-Priority (NPHH),4,20.0,15.2,0.76,15.6,2,2024-07-15 19:07:00,19,0,NORMAL
TXN-11910,BEN343,FPS-SAL-001,Salem,Sugar,Non-Priority (NPHH),2,1.0,0.7,0.7,1.1,2,2024-09-11 19:00:00,19,0,NORMAL
TXN-11911,BEN089,FPS-COI-002,Coimbatore,Wheat,Non-Priority (NPHH),2,4.0,3.3,0.825,13.2,2,2024-06-02 13:38:00,13,0,NORMAL
TXN-11912,BEN368,FPS-MAD-002,Madurai,Rice,Priority (PHH),5,25.0,24.4,0.976,18.5,1,2024-09-11 17:54:00,17,0,NORMAL
TXN-11913,BEN053,FPS-TIR-002,Tiruchirappalli,Wheat,Priority (PHH),3,6.0,5.4,0.9,40.2,1,2024-04-18 15:37:00,15,0,NORMAL
TXN-11914,BEN240,FPS-CHE-002,Chennai,Wheat,Priority (PHH),5,10.0,7.2,0.72,2.1,1,2024-05-16 10:09:00,10,0,NORMAL
TXN-11915,BEN188,FPS-CHE-001,Chennai,Wheat,Antyodaya Anna Yojana (AAY),4,10.0,9.2,0.92,54.6,1,2024-10-18 14:49:00,14,0,NORMAL
TXN-11916,BEN062,FPS-COI-001,Coimbatore,Dal,Non-Priority (NPHH),4,1.0,0.9,0.9,15.6,3,2024-08-30 13:21:00,13,0,NORMAL
TXN-11917,BEN070,FPS-TIR-001,Tiruchirappalli,Rice,Non-Priority (NPHH),2,10.0,9.2,0.92,23.1,2,2024-06-06 13:57:00,13,0,NORMAL
TXN-11918,BEN147,FPS-CHE-002,Chennai,Rice,Antyodaya Anna Yojana (AAY),4,25.0,19.9,0.796,65.3,4,2024-06-27 14:33:00,14,0,NORMAL
TXN-11919,BEN040,FPS-COI-001,Coimbatore,Rice,Antyodaya Anna Yojana (AAY),5,25.0,18.1,0.724,42.7,2,2024-05-10 17:00:00,17,0,NORMAL
TXN-11920,BEN297,FPS-COI-001,Coimbatore,Dal,Priority (PHH),4,1.0,0.9,0.9,2.7,2,2024-07-08 12:10:00,12,0,NORMAL
TXN-11921,BEN317,FPS-MAD-001,Madurai,Rice,Priority (PHH),4,20.0,14.8,0.74,61.2,4,2024-10-05 11:59:00,11,0,NORMAL
TXN-11922,BEN149,FPS-CHE-002,Chennai,Rice,Priority (PHH),3,15.0,11.0,0.733,83.8,4,2024-03-24 18:01:00,18,0,NORMAL
TXN-11923,BEN270,FPS-MAD-001,Madurai,Rice,Priority (PHH),5,25.0,23.5,0.94,4.9,2,2024-06-06 11:48:00,11,0,NORMAL
TXN-11924,BEN341,FPS-CHE-001,Chennai,Rice,Priority (PHH),5,25.0,19.4,0.776,70.0,1,2024-01-05 15:42:00,15,0,NORMAL
TXN-11925,BEN044,FPS-MAD-002,Madurai,Sugar,Antyodaya Anna Yojana (AAY),5,2.0,1.5,0.75,33.3,4,2024-02-22 08:47:00,8,0,NORMAL
TXN-11926,BEN294,FPS-COI-001,Coimbatore,Wheat,Priority (PHH),3,6.0,4.3,0.717,4.9,2,2024-05-29 19:59:00,19,0,NORMAL
TXN-11927,BEN191,FPS-CHE-001,Chennai,Rice,Antyodaya Anna Yojana (AAY),2,25.0,22.2,0.888,7.8,2,2024-04-13 16:23:00,16,0,NORMAL
TXN-11928,BEN195,FPS-COI-002,Coimbatore,Rice,Non-Priority (NPHH),2,10.0,8.9,0.89,26.2,5,2024-05-11 08:21:00,8,0,NORMAL
TXN-11929,BEN013,FPS-MAD-001,Madurai,Dal,Priority (PHH),5,1.0,0.9,0.9,21.5,2,2024-01-08 11:55:00,11,0,NORMAL
TXN-11930,BEN189,FPS-COI-001,Coimbatore,Sugar,Priority (PHH),5,1.0,0.7,0.7,20.5,2,2024-05-03 12:20:00,12,0,NORMAL
TXN-11931,BEN173,FPS-COI-002,Coimbatore,Wheat,Antyodaya Anna Yojana (AAY),4,10.0,7.3,0.73,11.7,1,2024-06-03 11:16:00,11,0,NORMAL
TXN-11932,BEN208,FPS-CHE-002,Chennai,Wheat,Priority (PHH),2,4.0,3.1,0.775,10.5,1,2024-04-29 15:00:00,15,0,NORMAL
TXN-11933,BEN040,FPS-TIR-002,Tiruchirappalli,Rice,Antyodaya Anna Yojana (AAY),4,25.0,24.7,0.988,3.5,2,2024-09-11 12:04:00,12,0,NORMAL
TXN-11934,BEN262,FPS-MAD-002,Madurai,Rice,Priority (PHH),3,15.0,14.9,0.993,4.0,3,2024-05-19 10:48:00,10,0,NORMAL
TXN-11935,BEN136,FPS-CHE-002,Chennai,Wheat,Priority (PHH),4,8.0,6.4,0.8,42.6,1,2024-07-03 13:28:00,13,0,NORMAL
TXN-11936,BEN211,FPS-SAL-001,Salem,Wheat,Priority (PHH),5,10.0,8.7,0.87,19.7,3,2024-09-03 12:27:00,12,0,NORMAL
TXN-11937,BEN378,FPS-SAL-002,Salem,Rice,Non-Priority (NPHH),5,25.0,21.3,0.852,11.0,1,2024-09-23 09:54:00,9,0,NORMAL
TXN-11938,BEN161,FPS-CHE-002,Chennai,Rice,Priority (PHH),4,20.0,17.4,0.87,44.7,1,2024-01-03 15:22:00,15,0,NORMAL
TXN-11939,BEN053,FPS-COI-002,Coimbatore,Rice,Priority (PHH),3,15.0,13.2,0.88,26.9,1,2024-01-18 12:04:00,12,0,NORMAL
TXN-11940,BEN399,FPS-COI-001,Coimbatore,Wheat,Antyodaya Anna Yojana (AAY),2,10.0,8.9,0.89,30.8,2,2024-10-12 12:00:00,12,0,NORMAL
TXN-11941,BEN157,FPS-TIR-001,Tiruchirappalli,Rice,Priority (PHH),3,15.0,11.9,0.793,20.6,3,2024-06-01 17:56:00,17,0,NORMAL
TXN-11942,BEN225,FPS-CHE-001,Chennai,Wheat,Priority (PHH),5,10.0,9.0,0.9,15.1,3,2024-06-17 14:41:00,14,0,NORMAL
TXN-11943,BEN309,FPS-SAL-002,Salem,Sugar,Priority (PHH),3,1.0,1.0,1.0,8.2,2,2024-04-21 17:07:00,17,0,NORMAL
TXN-11944,BEN185,FPS-CHE-001,Chennai,Dal,Priority (PHH),5,1.0,0.9,0.9,68.7,2,2024-07-19 13:24:00,13,0,NORMAL
TXN-11945,BEN041,FPS-COI-001,Coimbatore,Wheat,Antyodaya Anna Yojana (AAY),3,10.0,9.9,0.99,42.1,2,2024-07-17 16:45:00,16,0,NORMAL
TXN-11946,BEN264,FPS-MAD-001,Madurai,Rice,Priority (PHH),2,10.0,9.6,0.96,10.5,1,2024-03-30 10:37:00,10,0,NORMAL
TXN-11947,BEN191,FPS-SAL-002,Salem,Sugar,Priority (PHH),2,1.0,0.8,0.8,10.3,2,2024-01-12 18:00:00,18,0,NORMAL
TXN-11948,BEN017,FPS-COI-002,Coimbatore,Wheat,Priority (PHH),5,10.0,7.3,0.73,70.5,2,2024-01-05 08:02:00,8,0,NORMAL
TXN-11949,BEN266,FPS-SAL-001,Salem,Rice,Priority (PHH),5,25.0,18.8,0.752,12.9,2,2024-06-14 15:38:00,15,0,NORMAL
TXN-11950,BEN083,FPS-SAL-002,Salem,Rice,Priority (PHH),4,20.0,17.0,0.85,2.7,1,2024-01-31 08:39:00,8,0,NORMAL
TXN-11951,BEN314,FPS-COI-001,Coimbatore,Rice,Priority (PHH),2,10.0,9.7,0.97,10.1,2,2024-10-25 10:24:00,10,0,NORMAL
TXN-11952,BEN237,FPS-COI-002,Coimbatore,Rice,Priority (PHH),3,15.0,12.4,0.827,44.7,4,2024-06-03 18:22:00,18,0,NORMAL
TXN-11953,BEN345,FPS-MAD-001,Madurai,Rice,Priority (PHH),4,20.0,15.7,0.785,13.4,1,2024-10-14 09:52:00,9,0,NORMAL
TXN-11954,BEN365,FPS-COI-002,Coimbatore,Rice,Priority (PHH),2,10.0,7.8,0.78,2.1,1,2024-03-03 19:43:00,19,0,NORMAL
TXN-11955,BEN288,FPS-CHE-002,Chennai,Wheat,Priority (PHH),2,4.0,3.6,0.9,58.9,2,2024-08-13 15:02:00,15,0,NORMAL
TXN-11956,BEN123,FPS-CHE-002,Chennai,Rice,Priority (PHH),4,20.0,17.5,0.875,29.8,1,2024-03-10 13:11:00,13,0,NORMAL
TXN-11957,BEN058,FPS-TIR-001,Tiruchirappalli,Sugar,Priority (PHH),4,1.0,0.8,0.8,12.0,2,2024-06-02 18:02:00,18,0,NORMAL
TXN-11958,BEN013,FPS-MAD-001,Madurai,Sugar,Priority (PHH),3,1.0,0.7,0.7,4.4,5,2024-03-26 17:56:00,17,0,NORMAL
TXN-11959,BEN363,FPS-COI-001,Coimbatore,Rice,Priority (PHH),3,15.0,10.5,0.7,1.1,1,2024-02-21 10:38:00,10,0,NORMAL
TXN-11960,BEN326,FPS-SAL-001,Salem,Sugar,Priority (PHH),2,1.0,0.7,0.7,7.3,3,2024-10-25 11:24:00,11,0,NORMAL
TXN-11961,BEN174,FPS-COI-001,Coimbatore,Wheat,Non-Priority (NPHH),2,4.0,3.6,0.9,66.5,4,2024-10-07 12:29:00,12,0,NORMAL
TXN-11962,BEN161,FPS-MAD-001,Madurai,Dal,Priority (PHH),2,1.0,0.7,0.7,36.9,1,2024-07-24 11:53:00,11,0,NORMAL
TXN-11963,BEN276,FPS-COI-001,Coimbatore,Rice,Priority (PHH),2,10.0,7.5,0.75,45.8,2,2024-01-18 15:26:00,15,0,NORMAL
TXN-11964,BEN396,FPS-MAD-002,Madurai,Rice,Priority (PHH),3,15.0,13.8,0.92,1.5,4,2024-02-02 15:04:00,15,0,NORMAL
TXN-11965,BEN069,FPS-TIR-002,Tiruchirappalli,Wheat,Priority (PHH),3,6.0,5.9,0.983,15.8,2,2024-08-26 08:50:00,8,0,NORMAL
TXN-11966,BEN129,FPS-CHE-001,Chennai,Rice,Antyodaya Anna Yojana (AAY),5,25.0,22.6,0.904,60.3,3,2024-03-10 11:52:00,11,0,NORMAL
TXN-11967,BEN312,FPS-COI-002,Coimbatore,Rice,Priority (PHH),4,20.0,17.5,0.875,8.7,2,2024-06-30 16:10:00,16,0,NORMAL
TXN-11968,BEN285,FPS-TIR-001,Tiruchirappalli,Wheat,Priority (PHH),3,6.0,5.9,0.983,44.8,1,2024-09-04 19:04:00,19,0,NORMAL
TXN-11969,BEN358,FPS-COI-001,Coimbatore,Wheat,Priority (PHH),5,10.0,9.6,0.96,3.9,2,2024-07-27 13:01:00,13,0,NORMAL
TXN-11970,BEN062,FPS-TIR-002,Tiruchirappalli,Rice,Non-Priority (NPHH),2,10.0,7.2,0.72,26.3,3,2024-06-20 12:23:00,12,0,NORMAL
TXN-11971,BEN119,FPS-TIR-002,Tiruchirappalli,Rice,Priority (PHH),4,20.0,16.3,0.815,10.0,1,2024-05-15 17:24:00,17,0,NORMAL
TXN-11972,BEN156,FPS-COI-002,Coimbatore,Rice,Non-Priority (NPHH),3,15.0,11.0,0.733,4.9,2,2024-10-04 09:21:00,9,0,NORMAL
TXN-11973,BEN076,FPS-SAL-001,Salem,Rice,Non-Priority (NPHH),5,25.0,18.5,0.74,25.4,4,2024-07-30 09:25:00,9,0,NORMAL
TXN-11974,BEN337,FPS-TIR-002,Tiruchirappalli,Wheat,Priority (PHH),4,8.0,6.0,0.75,12.9,2,2024-02-23 15:08:00,15,0,NORMAL
TXN-11975,BEN392,FPS-SAL-001,Salem,Dal,Priority (PHH),2,1.0,1.0,1.0,28.6,4,2024-03-17 13:13:00,13,0,NORMAL
TXN-11976,BEN181,FPS-TIR-001,Tiruchirappalli,Sugar,Priority (PHH),4,1.0,1.0,1.0,4.2,2,2024-06-05 15:29:00,15,0,NORMAL
TXN-11977,BEN310,FPS-CHE-002,Chennai,Rice,Priority (PHH),3,15.0,11.3,0.753,1.4,1,2024-01-24 10:29:00,10,0,NORMAL
TXN-11978,BEN286,FPS-SAL-002,Salem,Wheat,Priority (PHH),3,6.0,5.8,0.967,36.0,2,2024-04-01 11:29:00,11,0,NORMAL
TXN-11979,BEN016,FPS-TIR-001,Tiruchirappalli,Rice,Priority (PHH),3,15.0,13.9,0.927,10.3,2,2024-06-18 08:54:00,8,0,NORMAL
TXN-11980,BEN210,FPS-COI-001,Coimbatore,Sugar,Non-Priority (NPHH),5,1.0,1.5,1.5,7.1,2,2024-10-04 02:04:00,2,1,SUSPICIOUS
TXN-11981,BEN306,FPS-MAD-002,Madurai,Rice,Antyodaya Anna Yojana (AAY),4,25.0,18.5,0.74,19.5,3,2024-04-26 08:43:00,8,0,NORMAL
TXN-11982,BEN317,FPS-TIR-002,Tiruchirappalli,Rice,Antyodaya Anna Yojana (AAY),2,25.0,17.7,0.708,109.1,4,2024-07-07 11:51:00,11,0,NORMAL
TXN-11983,BEN219,FPS-TIR-002,Tiruchirappalli,Rice,Non-Priority (NPHH),5,25.0,21.1,0.844,30.9,2,2024-02-13 08:53:00,8,0,NORMAL
TXN-11984,BEN223,FPS-COI-002,Coimbatore,Dal,Antyodaya Anna Yojana (AAY),4,2.0,1.9,0.95,127.8,2,2024-05-17 13:30:00,13,0,NORMAL
TXN-11985,BEN386,FPS-SAL-001,Salem,Rice,Priority (PHH),4,20.0,15.9,0.795,11.1,3,2024-09-30 14:48:00,14,0,NORMAL
TXN-11986,BEN085,FPS-MAD-002,Madurai,Wheat,Priority (PHH),3,6.0,5.9,0.983,19.4,3,2024-06-03 13:43:00,13,0,NORMAL
TXN-11987,BEN040,FPS-TIR-002,Tiruchirappalli,Wheat,Antyodaya Anna Yojana (AAY),4,10.0,7.9,0.79,113.5,1,2024-05-17 17:29:00,17,0,NORMAL
TXN-11988,BEN388,FPS-MAD-002,Madurai,Sugar,Antyodaya Anna Yojana (AAY),5,2.0,1.9,0.95,29.4,1,2024-05-03 11:26:00,11,0,NORMAL
TXN-11989,BEN328,FPS-MAD-002,Madurai,Rice,Priority (PHH),2,10.0,7.3,0.73,4.8,2,2024-03-29 14:57:00,14,0,NORMAL
TXN-11990,BEN043,FPS-MAD-002,Madurai,Rice,Priority (PHH),4,20.0,17.3,0.865,4.9,3,2024-06-10 16:01:00,16,0,NORMAL
TXN-11991,BEN266,FPS-COI-002,Coimbatore,Wheat,Antyodaya Anna Yojana (AAY),5,10.0,7.4,0.74,23.9,2,2024-04-27 09:36:00,9,0,NORMAL
TXN-11992,BEN245,FPS-MAD-002,Madurai,Rice,Antyodaya Anna Yojana (AAY),2,25.0,20.3,0.812,92.2,2,2024-01-05 11:12:00,11,0,NORMAL
TXN-11993,BEN007,FPS-CHE-002,Chennai,Wheat,Antyodaya Anna Yojana (AAY),4,10.0,7.6,0.76,135.5,2,2024-10-22 08:57:00,8,0,NORMAL
TXN-11994,BEN357,FPS-TIR-001,Tiruchirappalli,Rice,Priority (PHH),4,20.0,18.8,0.94,7.8,1,2024-04-28 15:27:00,15,0,NORMAL
TXN-11995,BEN021,FPS-MAD-002,Madurai,Sugar,Antyodaya Anna Yojana (AAY),5,2.0,1.5,0.75,47.0,1,2024-08-31 16:08:00,16,0,NORMAL
TXN-11996,BEN049,FPS-TIR-001,Tiruchirappalli,Sugar,Priority (PHH),2,1.0,0.9,0.9,10.9,1,2024-05-20 09:11:00,9,0,NORMAL
TXN-11997,BEN059,FPS-COI-002,Coimbatore,Rice,Priority (PHH),2,10.0,10.0,1.0,23.4,1,2024-04-16 18:55:00,18,0,NORMAL
TXN-11998,BEN362,FPS-SAL-002,Salem,Dal,Antyodaya Anna Yojana (AAY),5,2.0,3.0,1.5,48.8,2,2024-08-06 01:43:00,1,1,SUSPICIOUS
TXN-11999,BEN057,FPS-TIR-002,Tiruchirappalli,Wheat,Priority (PHH),4,8.0,6.6,0.825,26.7,5,2024-04-30 08:19:00,8,0,NORMAL
TXN-12000,BEN089,FPS-MAD-002,Madurai,Rice,Antyodaya Anna Yojana (AAY),3,25.0,19.1,0.764,24.2,3,2024-09-24 08:00:00,8,0,NORMAL
TXN-12001,BEN167,FPS-SAL-001,Salem,Sugar,Antyodaya Anna Yojana (AAY),3,2.0,1.7,0.85,11.2,1,2024-03-23 17:54:00,17,0,NORMAL
TXN-12002,BEN114,FPS-SAL-002,Salem,Rice,Non-Priority (NPHH),2,10.0,10.0,1.0,25.9,2,2024-04-11 19:45:00,19,0,NORMAL
TXN-12003,BEN299,FPS-TIR-002,Tiruchirappalli,Rice,Non-Priority (NPHH),2,10.0,7.6,0.76,5.6,2,2024-07-20 18:34:00,18,0,NORMAL
TXN-12004,BEN085,FPS-SAL-001,Salem,Wheat,Priority (PHH),2,4.0,3.0,0.75,9.4,1,2024-07-25 08:54:00,8,0,NORMAL
TXN-12005,BEN119,FPS-COI-002,Coimbatore,Wheat,Priority (PHH),4,8.0,6.8,0.85,3.9,1,2024-08-02 19:40:00,19,0,NORMAL
TXN-12006,BEN294,FPS-SAL-002,Salem,Rice,Priority (PHH),4,20.0,18.3,0.915,10.7,2,2024-03-25 19:50:00,19,0,NORMAL
TXN-12007,BEN386,FPS-COI-001,Coimbatore,Wheat,Priority (PHH),2,4.0,3.9,0.975,33.4,3,2024-07-28 16:56:00,16,0,NORMAL
TXN-12008,BEN312,FPS-MAD-002,Madurai,Rice,Priority (PHH),5,25.0,22.6,0.904,23.2,2,2024-04-18 15:17:00,15,0,NORMAL
TXN-12009,BEN211,FPS-TIR-002,Tiruchirappalli,Rice,Non-Priority (NPHH),3,15.0,11.1,0.74,111.5,3,2024-06-04 17:42:00,17,0,NORMAL
TXN-12010,BEN133,FPS-CHE-002,Chennai,Wheat,Priority (PHH),2,4.0,3.8,0.95,20.7,3,2024-04-07 19:24:00,19,0,NORMAL
TXN-12011,BEN112,FPS-CHE-001,Chennai,Rice,Priority (PHH),5,25.0,23.6,0.944,6.2,1,2024-05-16 15:22:00,15,0,NORMAL
TXN-12012,BEN036,FPS-SAL-001,Salem,Wheat,Priority (PHH),2,4.0,2.8,0.7,18.9,1,2024-09-16 10:18:00,10,0,NORMAL
TXN-12013,BEN068,FPS-SAL-002,Salem,Dal,Priority (PHH),4,1.0,0.8,0.8,16.1,1,2024-09-30 12:21:00,12,0,NORMAL
TXN-12014,BEN249,FPS-CHE-002,Chennai,Dal,Antyodaya Anna Yojana (AAY),4,2.0,1.8,0.9,8.9,3,2024-08-28 18:16:00,18,0,NORMAL
TXN-12015,BEN333,FPS-COI-002,Coimbatore,Sugar,Antyodaya Anna Yojana (AAY),2,2.0,2.0,1.0,110.7,2,2024-01-31 14:54:00,14,0,NORMAL
TXN-12016,BEN137,FPS-MAD-002,Madurai,Wheat,Antyodaya Anna Yojana (AAY),5,10.0,9.7,0.97,1.0,5,2024-09-06 17:59:00,17,0,NORMAL
TXN-12017,BEN370,FPS-COI-002,Coimbatore,Sugar,Non-Priority (NPHH),2,1.0,0.9,0.9,9.8,1,2024-05-19 19:52:00,19,0,NORMAL
TXN-12018,BEN240,FPS-TIR-001,Tiruchirappalli,Wheat,Priority (PHH),5,10.0,7.8,0.78,2.2,1,2024-04-12 14:56:00,14,0,NORMAL
TXN-12019,BEN183,FPS-TIR-002,Tiruchirappalli,Rice,Priority (PHH),4,20.0,20.0,1.0,8.9,2,2024-10-22 13:10:00,13,0,NORMAL
TXN-12020,BEN042,FPS-TIR-001,Tiruchirappalli,Wheat,Non-Priority (NPHH),5,10.0,8.8,0.88,23.2,3,2024-09-28 16:05:00,16,0,NORMAL
TXN-12021,BEN179,FPS-CHE-001,Chennai,Rice,Non-Priority (NPHH),5,25.0,19.1,0.764,17.9,2,2024-02-23 09:07:00,9,0,NORMAL
TXN-12022,BEN377,FPS-SAL-002,Salem,Rice,Antyodaya Anna Yojana (AAY),3,25.0,18.6,0.744,15.6,2,2024-01-28 08:23:00,8,0,NORMAL
TXN-12023,BEN205,FPS-COI-002,Coimbatore,Rice,Priority (PHH),4,20.0,17.3,0.865,10.5,3,2024-07-30 15:26:00,15,0,NORMAL
TXN-12024,BEN348,FPS-SAL-002,Salem,Rice,Priority (PHH),3,15.0,12.3,0.82,29.2,2,2024-02-21 12:41:00,12,0,NORMAL
TXN-12025,BEN342,FPS-TIR-002,Tiruchirappalli,Rice,Antyodaya Anna Yojana (AAY),3,25.0,19.3,0.772,13.3,3,2024-05-06 14:02:00,14,0,NORMAL
TXN-12026,BEN127,FPS-SAL-001,Salem,Rice,Non-Priority (NPHH),3,15.0,10.7,0.713,50.3,4,2024-04-14 08:11:00,8,0,NORMAL
TXN-12027,BEN221,FPS-SAL-002,Salem,Rice,Priority (PHH),4,20.0,15.6,0.78,30.7,2,2024-04-12 11:53:00,11,0,NORMAL
TXN-12028,BEN055,FPS-SAL-002,Salem,Rice,Non-Priority (NPHH),5,25.0,21.8,0.872,42.4,3,2024-06-28 19:36:00,19,0,NORMAL
TXN-12029,BEN379,FPS-TIR-002,Tiruchirappalli,Sugar,Priority (PHH),5,1.0,0.9,0.9,6.4,4,2024-05-07 12:57:00,12,0,NORMAL
TXN-12030,BEN181,FPS-TIR-002,Tiruchirappalli,Sugar,Priority (PHH),5,1.0,0.9,0.9,7.0,3,2024-07-05 10:27:00,10,0,NORMAL
TXN-12031,BEN180,FPS-CHE-002,Chennai,Wheat,Priority (PHH),3,6.0,5.1,0.85,10.2,3,2024-01-27 15:01:00,15,0,NORMAL
TXN-12032,BEN377,FPS-SAL-001,Salem,Wheat,Non-Priority (NPHH),2,4.0,3.2,0.8,26.4,2,2024-07-05 11:34:00,11,0,NORMAL
TXN-12033,BEN375,FPS-CHE-001,Chennai,Rice,Priority (PHH),3,15.0,11.2,0.747,9.1,2,2024-08-11 19:14:00,19,0,NORMAL
TXN-12034,BEN268,FPS-SAL-001,Salem,Rice,Non-Priority (NPHH),5,25.0,22.8,0.912,14.8,2,2024-02-19 18:05:00,18,0,NORMAL
TXN-12035,BEN360,FPS-CHE-001,Chennai,Rice,Priority (PHH),2,10.0,7.2,0.72,4.6,3,2024-05-08 12:04:00,12,0,NORMAL
TXN-12036,BEN164,FPS-TIR-001,Tiruchirappalli,Wheat,Antyodaya Anna Yojana (AAY),5,10.0,8.7,0.87,19.9,2,2024-09-07 09:23:00,9,0,NORMAL
TXN-12037,BEN154,FPS-MAD-001,Madurai,Wheat,Priority (PHH),2,4.0,3.8,0.95,4.3,3,2024-07-07 11:18:00,11,0,NORMAL
TXN-12038,BEN210,FPS-CHE-001,Chennai,Rice,Priority (PHH),2,10.0,9.1,0.91,2.5,1,2024-03-06 13:01:00,13,0,NORMAL
TXN-12039,BEN286,FPS-COI-001,Coimbatore,Wheat,Priority (PHH),5,10.0,9.1,0.91,2.6,1,2024-01-14 19:13:00,19,0,NORMAL
TXN-12040,BEN296,FPS-TIR-002,Tiruchirappalli,Rice,Priority (PHH),4,20.0,17.2,0.86,7.0,1,2024-03-13 11:30:00,11,0,NORMAL
TXN-12041,BEN024,FPS-COI-002,Coimbatore,Wheat,Non-Priority (NPHH),5,10.0,8.6,0.86,45.8,1,2024-04-07 18:57:00,18,0,NORMAL
TXN-12042,BEN007,FPS-MAD-002,Madurai,Rice,Priority (PHH),5,25.0,22.8,0.912,33.6,2,2024-06-01 18:20:00,18,0,NORMAL
TXN-12043,BEN021,FPS-MAD-002,Madurai,Wheat,Non-Priority (NPHH),3,6.0,4.9,0.817,42.1,2,2024-10-11 08:33:00,8,0,NORMAL
TXN-12044,BEN111,FPS-COI-002,Coimbatore,Rice,Non-Priority (NPHH),3,15.0,12.2,0.813,9.6,3,2024-02-28 18:15:00,18,0,NORMAL
TXN-12045,BEN292,FPS-TIR-002,Tiruchirappalli,Rice,Priority (PHH),3,15.0,13.1,0.873,35.5,1,2024-03-19 09:21:00,9,0,NORMAL
TXN-12046,BEN183,FPS-COI-001,Coimbatore,Rice,Priority (PHH),4,20.0,15.3,0.765,18.0,2,2024-03-23 13:40:00,13,0,NORMAL
TXN-12047,BEN280,FPS-COI-002,Coimbatore,Dal,Non-Priority (NPHH),4,1.0,0.7,0.7,2.2,2,2024-02-20 10:49:00,10,0,NORMAL
TXN-12048,BEN273,FPS-CHE-001,Chennai,Wheat,Priority (PHH),5,10.0,7.7,0.77,36.0,3,2024-04-06 19:49:00,19,0,NORMAL
TXN-12049,BEN089,FPS-MAD-002,Madurai,Rice,Antyodaya Anna Yojana (AAY),2,25.0,24.8,0.992,27.2,3,2024-06-25 12:53:00,12,0,NORMAL
TXN-12050,BEN193,FPS-SAL-001,Salem,Wheat,Priority (PHH),2,4.0,3.5,0.875,21.8,1,2024-08-04 18:21:00,18,0,NORMAL
TXN-12051,BEN214,FPS-CHE-001,Chennai,Rice,Priority (PHH),2,10.0,7.9,0.79,35.3,1,2024-05-20 18:22:00,18,0,NORMAL
TXN-12052,BEN395,FPS-COI-002,Coimbatore,Sugar,Priority (PHH),5,1.0,0.7,0.7,29.2,1,2024-08-31 14:19:00,14,0,NORMAL
TXN-12053,BEN332,FPS-TIR-001,Tiruchirappalli,Rice,Priority (PHH),2,10.0,8.6,0.86,2.1,1,2024-05-10 14:50:00,14,0,NORMAL
TXN-12054,BEN207,FPS-CHE-001,Chennai,Dal,Antyodaya Anna Yojana (AAY),5,2.0,1.7,0.85,62.8,2,2024-06-17 13:51:00,13,0,NORMAL
TXN-12055,BEN096,FPS-SAL-002,Salem,Rice,Priority (PHH),3,15.0,12.9,0.86,3.0,3,2024-06-26 08:41:00,8,0,NORMAL
TXN-12056,BEN088,FPS-CHE-001,Chennai,Sugar,Non-Priority (NPHH),3,1.0,0.9,0.9,53.2,3,2024-03-06 12:50:00,12,0,NORMAL
TXN-12057,BEN186,FPS-SAL-001,Salem,Rice,Priority (PHH),4,20.0,15.6,0.78,39.5,1,2024-10-23 12:22:00,12,0,NORMAL
TXN-12058,BEN242,FPS-MAD-001,Madurai,Rice,Non-Priority (NPHH),4,20.0,18.3,0.915,7.2,1,2024-02-28 16:29:00,16,0,NORMAL
TXN-12059,BEN252,FPS-TIR-001,Tiruchirappalli,Wheat,Priority (PHH),2,4.0,3.9,0.975,5.7,1,2024-06-21 18:48:00,18,0,NORMAL
TXN-12060,BEN273,FPS-MAD-002,Madurai,Rice,Priority (PHH),5,25.0,20.9,0.836,9.0,1,2024-08-07 14:09:00,14,0,NORMAL
TXN-12061,BEN168,FPS-SAL-001,Salem,Sugar,Priority (PHH),3,1.0,1.1,1.1,0.4,7,2024-04-28 18:33:00,18,1,SUSPICIOUS
TXN-12062,BEN089,FPS-SAL-002,Salem,Rice,Priority (PHH),4,20.0,19.4,0.97,17.4,3,2024-09-06 08:06:00,8,0,NORMAL
TXN-12063,BEN082,FPS-CHE-002,Chennai,Wheat,Priority (PHH),5,10.0,15.0,1.5,12.6,3,2024-07-12 01:04:00,1,1,SUSPICIOUS
TXN-12064,BEN125,FPS-TIR-001,Tiruchirappalli,Wheat,Priority (PHH),4,8.0,7.1,0.887,10.4,2,2024-03-10 13:46:00,13,0,NORMAL
TXN-12065,BEN200,FPS-CHE-001,Chennai,Rice,Antyodaya Anna Yojana (AAY),2,25.0,18.3,0.732,15.7,3,2024-10-11 12:25:00,12,0,NORMAL
TXN-12066,BEN228,FPS-COI-001,Coimbatore,Wheat,Antyodaya Anna Yojana (AAY),4,10.0,8.9,0.89,1.8,4,2024-01-06 11:52:00,11,0,NORMAL
TXN-12067,BEN198,FPS-CHE-001,Chennai,Rice,Priority (PHH),3,15.0,14.2,0.947,12.4,1,2024-01-01 19:55:00,19,0,NORMAL
TXN-12068,BEN024,FPS-MAD-001,Madurai,Rice,Antyodaya Anna Yojana (AAY),2,25.0,19.9,0.796,6.8,1,2024-03-03 15:09:00,15,0,NORMAL
TXN-12069,BEN294,FPS-MAD-002,Madurai,Rice,Priority (PHH),3,15.0,13.4,0.893,33.4,1,2024-08-16 19:27:00,19,0,NORMAL
TXN-12070,BEN293,FPS-COI-001,Coimbatore,Rice,Priority (PHH),5,25.0,25.1,1.004,0.5,4,2024-10-11 16:33:00,16,1,SUSPICIOUS
TXN-12071,BEN346,FPS-TIR-002,Tiruchirappalli,Rice,Priority (PHH),2,10.0,7.1,0.71,41.0,1,2024-04-23 17:11:00,17,0,NORMAL
TXN-12072,BEN328,FPS-CHE-001,Chennai,Rice,Priority (PHH),5,25.0,22.5,0.9,10.8,1,2024-07-22 08:52:00,8,0,NORMAL
TXN-12073,BEN100,FPS-TIR-001,Tiruchirappalli,Wheat,Priority (PHH),4,8.0,6.7,0.837,1.1,2,2024-04-15 14:37:00,14,0,NORMAL
TXN-12074,BEN133,FPS-SAL-002,Salem,Sugar,Priority (PHH),5,1.0,0.7,0.7,4.8,1,2024-05-12 11:08:00,11,0,NORMAL
TXN-12075,BEN068,FPS-CHE-001,Chennai,Sugar,Priority (PHH),3,1.0,0.9,0.9,5.3,3,2024-10-13 08:08:00,8,0,NORMAL
TXN-12076,BEN153,FPS-TIR-002,Tiruchirappalli,Wheat,Priority (PHH),2,4.0,3.0,0.75,13.7,1,2024-07-17 11:19:00,11,0,NORMAL
TXN-12077,BEN229,FPS-CHE-002,Chennai,Rice,Priority (PHH),3,15.0,10.8,0.72,39.8,2,2024-02-05 13:56:00,13,0,NORMAL
TXN-12078,BEN280,FPS-TIR-002,Tiruchirappalli,Rice,Priority (PHH),2,10.0,8.9,0.89,78.3,5,2024-02-03 14:40:00,14,0,NORMAL
TXN-12079,BEN148,FPS-MAD-001,Madurai,Wheat,Priority (PHH),5,10.0,8.3,0.83,5.2,4,2024-08-14 08:39:00,8,0,NORMAL
TXN-12080,BEN273,FPS-COI-002,Coimbatore,Rice,Priority (PHH),2,10.0,7.3,0.73,74.7,4,2024-01-26 16:24:00,16,0,NORMAL
TXN-12081,BEN310,FPS-COI-002,Coimbatore,Wheat,Priority (PHH),3,6.0,4.3,0.717,15.7,1,2024-03-05 19:28:00,19,0,NORMAL
TXN-12082,BEN327,FPS-CHE-002,Chennai,Wheat,Antyodaya Anna Yojana (AAY),4,10.0,9.4,0.94,4.3,2,2024-05-03 18:19:00,18,0,NORMAL
TXN-12083,BEN030,FPS-TIR-002,Tiruchirappalli,Wheat,Priority (PHH),5,10.0,9.1,0.91,7.0,1,2024-07-29 08:12:00,8,0,NORMAL
TXN-12084,BEN009,FPS-MAD-002,Madurai,Rice,Non-Priority (NPHH),4,20.0,18.6,0.93,6.9,2,2024-07-06 18:09:00,18,0,NORMAL
TXN-12085,BEN058,FPS-SAL-001,Salem,Dal,Priority (PHH),5,1.0,0.9,0.9,14.9,2,2024-03-25 17:15:00,17,0,NORMAL
TXN-12086,BEN119,FPS-TIR-001,Tiruchirappalli,Rice,Priority (PHH),3,15.0,13.2,0.88,9.2,2,2024-01-17 17:37:00,17,0,NORMAL
TXN-12087,BEN206,FPS-CHE-002,Chennai,Rice,Priority (PHH),3,15.0,11.2,0.747,11.8,2,2024-10-26 11:07:00,11,0,NORMAL
TXN-12088,BEN234,FPS-SAL-002,Salem,Rice,Antyodaya Anna Yojana (AAY),4,25.0,17.5,0.7,40.7,4,2024-10-23 10:18:00,10,0,NORMAL
TXN-12089,BEN212,FPS-CHE-001,Chennai,Rice,Antyodaya Anna Yojana (AAY),4,25.0,20.4,0.816,47.3,1,2024-07-07 08:08:00,8,0,NORMAL
TXN-12090,BEN398,FPS-TIR-001,Tiruchirappalli,Wheat,Priority (PHH),2,4.0,2.8,0.7,8.8,1,2024-08-05 13:08:00,13,0,NORMAL
TXN-12091,BEN153,FPS-TIR-002,Tiruchirappalli,Dal,Priority (PHH),5,1.0,2.6,2.6,1.8,2,2024-03-24 10:05:00,10,1,SUSPICIOUS
TXN-12092,BEN052,FPS-SAL-001,Salem,Rice,Priority (PHH),3,15.0,13.4,0.893,26.2,2,2024-09-29 19:55:00,19,0,NORMAL
TXN-12093,BEN313,FPS-TIR-002,Tiruchirappalli,Rice,Antyodaya Anna Yojana (AAY),3,25.0,22.2,0.888,11.6,2,2024-02-25 14:52:00,14,0,NORMAL
TXN-12094,BEN186,FPS-CHE-001,Chennai,Wheat,Priority (PHH),3,6.0,4.7,0.783,19.4,2,2024-04-05 13:15:00,13,0,NORMAL
TXN-12095,BEN358,FPS-MAD-002,Madurai,Rice,Priority (PHH),4,20.0,14.8,0.74,60.3,1,2024-02-05 19:03:00,19,0,NORMAL
TXN-12096,BEN175,FPS-TIR-002,Tiruchirappalli,Rice,Antyodaya Anna Yojana (AAY),3,25.0,17.6,0.704,18.4,2,2024-05-13 19:25:00,19,0,NORMAL
TXN-12097,BEN391,FPS-MAD-001,Madurai,Wheat,Priority (PHH),4,8.0,5.7,0.712,81.5,1,2024-08-24 08:40:00,8,0,NORMAL
TXN-12098,BEN277,FPS-MAD-001,Madurai,Wheat,Antyodaya Anna Yojana (AAY),3,10.0,9.5,0.95,4.1,4,2024-04-30 18:49:00,18,0,NORMAL
TXN-12099,BEN229,FPS-SAL-002,Salem,Rice,Priority (PHH),2,10.0,7.9,0.79,20.3,2,2024-10-07 09:22:00,9,0,NORMAL
TXN-12100,BEN121,FPS-MAD-002,Madurai,Rice,Antyodaya Anna Yojana (AAY),4,25.0,19.6,0.784,2.7,4,2024-01-28 13:41:00,13,0,NORMAL
TXN-12101,BEN082,FPS-CHE-002,Chennai,Rice,Priority (PHH),2,10.0,8.0,0.8,8.6,3,2024-07-16 16:33:00,16,0,NORMAL
TXN-12102,BEN140,FPS-TIR-002,Tiruchirappalli,Dal,Priority (PHH),2,1.0,4.9,4.9,2.3,2,2024-04-05 14:03:00,14,1,SUSPICIOUS
TXN-12103,BEN099,FPS-TIR-001,Tiruchirappalli,Sugar,Non-Priority (NPHH),4,1.0,0.8,0.8,22.8,2,2024-09-02 17:22:00,17,0,NORMAL
TXN-12104,BEN085,FPS-COI-001,Coimbatore,Rice,Priority (PHH),5,25.0,23.5,0.94,1.7,2,2024-01-18 14:12:00,14,0,NORMAL
TXN-12105,BEN307,FPS-TIR-001,Tiruchirappalli,Rice,Priority (PHH),4,20.0,16.0,0.8,16.8,1,2024-09-21 16:13:00,16,0,NORMAL
TXN-12106,BEN388,FPS-SAL-002,Salem,Rice,Priority (PHH),3,15.0,14.2,0.947,27.1,2,2024-01-04 09:04:00,9,0,NORMAL
TXN-12107,BEN205,FPS-COI-001,Coimbatore,Rice,Priority (PHH),3,15.0,11.9,0.793,24.2,3,2024-09-09 08:55:00,8,0,NORMAL
TXN-12108,BEN394,FPS-MAD-001,Madurai,Wheat,Antyodaya Anna Yojana (AAY),3,10.0,9.5,0.95,17.4,3,2024-02-06 13:32:00,13,0,NORMAL
TXN-12109,BEN007,FPS-CHE-001,Chennai,Rice,Antyodaya Anna Yojana (AAY),5,25.0,22.0,0.88,36.0,2,2024-02-05 16:29:00,16,0,NORMAL
TXN-12110,BEN383,FPS-TIR-001,Tiruchirappalli,Dal,Priority (PHH),5,1.0,0.8,0.8,2.0,3,2024-08-06 16:53:00,16,0,NORMAL
TXN-12111,BEN016,FPS-COI-001,Coimbatore,Rice,Priority (PHH),4,20.0,16.2,0.81,18.1,2,2024-03-27 09:59:00,9,0,NORMAL
TXN-12112,BEN375,FPS-CHE-001,Chennai,Wheat,Non-Priority (NPHH),4,8.0,6.7,0.837,7.4,2,2024-08-14 10:38:00,10,0,NORMAL
TXN-12113,BEN113,FPS-MAD-001,Madurai,Sugar,Priority (PHH),5,1.0,0.9,0.9,21.5,1,2024-01-12 14:45:00,14,0,NORMAL
TXN-12114,BEN310,FPS-CHE-001,Chennai,Rice,Antyodaya Anna Yojana (AAY),4,25.0,20.2,0.808,19.4,7,2024-09-11 10:33:00,10,0,NORMAL
TXN-12115,BEN018,FPS-SAL-001,Salem,Rice,Priority (PHH),5,25.0,18.7,0.748,65.5,3,2024-06-23 12:59:00,12,0,NORMAL
TXN-12116,BEN104,FPS-MAD-002,Madurai,Dal,Antyodaya Anna Yojana (AAY),2,2.0,1.6,0.8,4.9,1,2024-08-08 09:25:00,9,0,NORMAL
TXN-12117,BEN147,FPS-COI-001,Coimbatore,Sugar,Priority (PHH),4,1.0,0.9,0.9,35.6,2,2024-01-06 10:13:00,10,0,NORMAL
TXN-12118,BEN312,FPS-SAL-002,Salem,Sugar,Priority (PHH),2,1.0,0.9,0.9,14.0,2,2024-03-12 12:07:00,12,0,NORMAL
TXN-12119,BEN132,FPS-TIR-002,Tiruchirappalli,Dal,Priority (PHH),4,1.0,0.8,0.8,13.8,4,2024-10-16 16:15:00,16,0,NORMAL
TXN-12120,BEN266,FPS-COI-002,Coimbatore,Rice,Priority (PHH),2,10.0,9.8,0.98,2.5,1,2024-06-29 15:15:00,15,0,NORMAL
TXN-12121,BEN061,FPS-SAL-001,Salem,Wheat,Priority (PHH),3,6.0,4.4,0.733,54.8,2,2024-09-11 08:25:00,8,0,NORMAL
TXN-12122,BEN110,FPS-SAL-002,Salem,Rice,Non-Priority (NPHH),3,15.0,12.3,0.82,2.4,4,2024-08-12 17:53:00,17,0,NORMAL
TXN-12123,BEN069,FPS-TIR-002,Tiruchirappalli,Rice,Antyodaya Anna Yojana (AAY),3,25.0,22.3,0.892,5.1,3,2024-10-07 16:26:00,16,0,NORMAL
TXN-12124,BEN349,FPS-TIR-001,Tiruchirappalli,Sugar,Priority (PHH),3,1.0,0.9,0.9,4.5,2,2024-06-05 08:15:00,8,0,NORMAL
TXN-12125,BEN314,FPS-COI-002,Coimbatore,Dal,Antyodaya Anna Yojana (AAY),4,2.0,1.6,0.8,16.6,3,2024-04-27 13:08:00,13,0,NORMAL
TXN-12126,BEN335,FPS-TIR-002,Tiruchirappalli,Sugar,Priority (PHH),5,1.0,0.9,0.9,51.2,1,2024-02-25 16:08:00,16,0,NORMAL
TXN-12127,BEN169,FPS-CHE-001,Chennai,Rice,Priority (PHH),2,10.0,10.0,1.0,1.4,1,2024-04-15 18:59:00,18,0,NORMAL
TXN-12128,BEN297,FPS-MAD-002,Madurai,Sugar,Priority (PHH),5,1.0,0.9,0.9,19.4,1,2024-04-15 13:19:00,13,0,NORMAL
TXN-12129,BEN014,FPS-SAL-001,Salem,Rice,Non-Priority (NPHH),2,10.0,8.0,0.8,2.2,2,2024-08-22 12:05:00,12,0,NORMAL
TXN-12130,BEN069,FPS-SAL-001,Salem,Dal,Priority (PHH),5,1.0,1.0,1.0,7.5,1,2024-06-23 14:44:00,14,0,NORMAL
TXN-12131,BEN025,FPS-TIR-001,Tiruchirappalli,Sugar,Non-Priority (NPHH),3,1.0,0.7,0.7,35.8,1,2024-07-26 18:29:00,18,0,NORMAL
TXN-12132,BEN326,FPS-COI-002,Coimbatore,Wheat,Non-Priority (NPHH),3,6.0,5.9,0.983,19.9,1,2024-02-29 19:26:00,19,0,NORMAL
TXN-12133,BEN304,FPS-TIR-001,Tiruchirappalli,Wheat,Priority (PHH),5,10.0,7.9,0.79,5.4,3,2024-09-04 08:40:00,8,0,NORMAL
TXN-12134,BEN011,FPS-COI-001,Coimbatore,Sugar,Non-Priority (NPHH),5,1.0,1.5,1.5,12.7,6,2024-04-15 02:54:00,2,1,SUSPICIOUS
TXN-12135,BEN190,FPS-TIR-001,Tiruchirappalli,Rice,Antyodaya Anna Yojana (AAY),4,25.0,23.7,0.948,10.3,1,2024-08-23 15:11:00,15,0,NORMAL
TXN-12136,BEN089,FPS-CHE-002,Chennai,Wheat,Priority (PHH),2,4.0,3.9,0.975,9.1,2,2024-01-01 19:35:00,19,0,NORMAL
TXN-12137,BEN270,FPS-SAL-002,Salem,Wheat,Antyodaya Anna Yojana (AAY),4,10.0,8.7,0.87,4.1,1,2024-02-14 12:40:00,12,0,NORMAL
TXN-12138,BEN004,FPS-SAL-001,Salem,Wheat,Antyodaya Anna Yojana (AAY),4,10.0,8.1,0.81,2.5,1,2024-08-06 17:53:00,17,0,NORMAL
TXN-12139,BEN115,FPS-CHE-001,Chennai,Rice,Antyodaya Anna Yojana (AAY),3,25.0,20.5,0.82,15.8,1,2024-08-17 16:33:00,16,0,NORMAL
TXN-12140,BEN240,FPS-TIR-002,Tiruchirappalli,Rice,Priority (PHH),4,20.0,19.1,0.955,32.3,1,2024-06-14 16:32:00,16,0,NORMAL
TXN-12141,BEN137,FPS-TIR-002,Tiruchirappalli,Rice,Priority (PHH),2,10.0,7.4,0.74,1.2,3,2024-06-06 17:39:00,17,0,NORMAL
TXN-12142,BEN121,FPS-COI-001,Coimbatore,Rice,Non-Priority (NPHH),4,20.0,14.5,0.725,12.5,3,2024-05-15 13:40:00,13,0,NORMAL
TXN-12143,BEN207,FPS-COI-002,Coimbatore,Wheat,Priority (PHH),3,6.0,4.7,0.783,11.8,1,2024-01-03 18:45:00,18,0,NORMAL
TXN-12144,BEN153,FPS-SAL-001,Salem,Sugar,Priority (PHH),2,1.0,0.8,0.8,22.2,1,2024-10-10 15:32:00,15,0,NORMAL
TXN-12145,BEN394,FPS-MAD-001,Madurai,Dal,Antyodaya Anna Yojana (AAY),3,2.0,9.6,4.8,5.7,1,2024-04-24 13:16:00,13,1,SUSPICIOUS
TXN-12146,BEN156,FPS-MAD-002,Madurai,Dal,Antyodaya Anna Yojana (AAY),4,2.0,1.5,0.75,19.6,1,2024-05-21 13:09:00,13,0,NORMAL
TXN-12147,BEN197,FPS-COI-001,Coimbatore,Rice,Non-Priority (NPHH),5,25.0,19.1,0.764,42.5,3,2024-05-26 18:02:00,18,0,NORMAL
TXN-12148,BEN008,FPS-TIR-001,Tiruchirappalli,Wheat,Priority (PHH),4,8.0,7.6,0.95,10.1,2,2024-03-12 15:44:00,15,0,NORMAL
TXN-12149,BEN030,FPS-SAL-002,Salem,Sugar,Antyodaya Anna Yojana (AAY),3,2.0,1.5,0.75,4.3,2,2024-03-03 14:28:00,14,0,NORMAL
TXN-12150,BEN006,FPS-CHE-002,Chennai,Dal,Antyodaya Anna Yojana (AAY),2,2.0,1.9,0.95,16.7,1,2024-09-04 18:03:00,18,0,NORMAL
TXN-12151,BEN177,FPS-TIR-001,Tiruchirappalli,Wheat,Antyodaya Anna Yojana (AAY),4,10.0,9.0,0.9,31.4,3,2024-03-19 10:54:00,10,0,NORMAL
TXN-12152,BEN165,FPS-TIR-001,Tiruchirappalli,Wheat,Priority (PHH),4,8.0,5.7,0.712,15.3,4,2024-02-21 09:24:00,9,0,NORMAL
TXN-12153,BEN027,FPS-COI-001,Coimbatore,Rice,Priority (PHH),2,10.0,8.0,0.8,37.5,2,2024-07-27 10:47:00,10,0,NORMAL
TXN-12154,BEN395,FPS-MAD-002,Madurai,Rice,Non-Priority (NPHH),2,10.0,8.2,0.82,5.7,6,2024-06-22 13:01:00,13,0,NORMAL
TXN-12155,BEN101,FPS-COI-002,Coimbatore,Sugar,Non-Priority (NPHH),5,1.0,0.9,0.9,116.8,2,2024-07-21 17:02:00,17,0,NORMAL
TXN-12156,BEN071,FPS-MAD-001,Madurai,Sugar,Antyodaya Anna Yojana (AAY),5,2.0,2.0,1.0,4.7,1,2024-02-04 19:03:00,19,0,NORMAL
TXN-12157,BEN066,FPS-MAD-002,Madurai,Wheat,Priority (PHH),2,4.0,3.2,0.8,21.6,1,2024-04-15 17:17:00,17,0,NORMAL
TXN-12158,BEN162,FPS-SAL-002,Salem,Dal,Priority (PHH),4,1.0,1.0,1.0,27.4,6,2024-05-03 11:27:00,11,0,NORMAL
TXN-12159,BEN254,FPS-COI-002,Coimbatore,Sugar,Non-Priority (NPHH),5,1.0,0.8,0.8,4.1,2,2024-05-15 15:12:00,15,0,NORMAL
TXN-12160,BEN046,FPS-SAL-002,Salem,Wheat,Antyodaya Anna Yojana (AAY),2,10.0,8.2,0.82,3.1,2,2024-02-06 13:48:00,13,0,NORMAL
TXN-12161,BEN346,FPS-SAL-002,Salem,Wheat,Priority (PHH),2,4.0,3.6,0.9,40.9,2,2024-02-25 15:10:00,15,0,NORMAL
TXN-12162,BEN005,FPS-SAL-002,Salem,Rice,Non-Priority (NPHH),2,10.0,7.6,0.76,2.9,2,2024-07-29 09:57:00,9,0,NORMAL
TXN-12163,BEN169,FPS-TIR-001,Tiruchirappalli,Rice,Priority (PHH),3,15.0,10.7,0.713,35.7,4,2024-04-07 17:56:00,17,0,NORMAL
TXN-12164,BEN206,FPS-COI-002,Coimbatore,Wheat,Priority (PHH),5,10.0,9.0,0.9,2.4,1,2024-05-17 14:55:00,14,0,NORMAL
TXN-12165,BEN233,FPS-COI-001,Coimbatore,Dal,Priority (PHH),3,1.0,0.8,0.8,71.9,2,2024-03-06 13:50:00,13,0,NORMAL
TXN-12166,BEN287,FPS-MAD-001,Madurai,Wheat,Non-Priority (NPHH),5,10.0,8.3,0.83,6.0,2,2024-07-14 10:36:00,10,0,NORMAL
TXN-12167,BEN116,FPS-CHE-002,Chennai,Rice,Priority (PHH),2,10.0,8.0,0.8,39.4,4,2024-04-17 17:18:00,17,0,NORMAL
TXN-12168,BEN024,FPS-COI-001,Coimbatore,Rice,Priority (PHH),4,20.0,16.5,0.825,5.6,2,2024-10-07 19:35:00,19,0,NORMAL
TXN-12169,BEN281,FPS-CHE-002,Chennai,Rice,Antyodaya Anna Yojana (AAY),5,25.0,19.9,0.796,34.9,3,2024-06-06 11:20:00,11,0,NORMAL
TXN-12170,BEN274,FPS-CHE-001,Chennai,Rice,Non-Priority (NPHH),4,20.0,15.5,0.775,18.1,1,2024-07-18 15:39:00,15,0,NORMAL
TXN-12171,BEN306,FPS-TIR-002,Tiruchirappalli,Rice,Antyodaya Anna Yojana (AAY),3,25.0,22.6,0.904,88.7,4,2024-10-21 14:32:00,14,0,NORMAL
TXN-12172,BEN134,FPS-CHE-002,Chennai,Rice,Priority (PHH),4,20.0,19.0,0.95,7.7,2,2024-01-16 16:22:00,16,0,NORMAL
TXN-12173,BEN296,FPS-COI-002,Coimbatore,Wheat,Priority (PHH),3,6.0,4.4,0.733,52.3,2,2024-02-05 18:09:00,18,0,NORMAL
TXN-12174,BEN204,FPS-MAD-001,Madurai,Rice,Antyodaya Anna Yojana (AAY),4,25.0,19.8,0.792,3.0,1,2024-01-08 11:51:00,11,0,NORMAL
TXN-12175,BEN300,FPS-CHE-001,Chennai,Rice,Antyodaya Anna Yojana (AAY),5,25.0,24.2,0.968,12.7,2,2024-10-10 11:48:00,11,0,NORMAL
TXN-12176,BEN075,FPS-MAD-002,Madurai,Rice,Priority (PHH),2,10.0,8.6,0.86,12.3,2,2024-02-26 16:59:00,16,0,NORMAL
TXN-12177,BEN106,FPS-SAL-002,Salem,Rice,Priority (PHH),4,20.0,14.3,0.715,30.9,2,2024-06-09 08:57:00,8,0,NORMAL
TXN-12178,BEN231,FPS-SAL-001,Salem,Sugar,Priority (PHH),5,1.0,0.8,0.8,60.1,3,2024-03-28 08:07:00,8,0,NORMAL
TXN-12179,BEN088,FPS-CHE-002,Chennai,Rice,Priority (PHH),5,25.0,21.3,0.852,21.3,3,2024-10-17 09:21:00,9,0,NORMAL
TXN-12180,BEN102,FPS-COI-001,Coimbatore,Rice,Priority (PHH),3,15.0,12.7,0.847,4.8,3,2024-08-24 15:47:00,15,0,NORMAL
TXN-12181,BEN102,FPS-SAL-001,Salem,Sugar,Antyodaya Anna Yojana (AAY),5,2.0,1.9,0.95,12.8,1,2024-10-09 17:55:00,17,0,NORMAL
TXN-12182,BEN301,FPS-SAL-001,Salem,Wheat,Priority (PHH),3,6.0,5.1,0.85,15.3,3,2024-01-21 10:08:00,10,0,NORMAL
TXN-12183,BEN126,FPS-TIR-001,Tiruchirappalli,Dal,Antyodaya Anna Yojana (AAY),4,2.0,1.9,0.95,3.4,7,2024-05-21 11:09:00,11,0,NORMAL
TXN-12184,BEN158,FPS-COI-001,Coimbatore,Sugar,Priority (PHH),3,1.0,0.8,0.8,43.7,2,2024-02-24 14:08:00,14,0,NORMAL
TXN-12185,BEN108,FPS-COI-002,Coimbatore,Rice,Priority (PHH),2,10.0,9.9,0.99,1.8,3,2024-06-29 08:11:00,8,0,NORMAL
TXN-12186,BEN079,FPS-CHE-001,Chennai,Wheat,Priority (PHH),4,8.0,7.5,0.937,22.8,4,2024-01-15 10:42:00,10,0,NORMAL
TXN-12187,BEN095,FPS-CHE-001,Chennai,Dal,Non-Priority (NPHH),5,1.0,0.9,0.9,2.2,1,2024-03-07 19:31:00,19,0,NORMAL
TXN-12188,BEN060,FPS-SAL-001,Salem,Wheat,Antyodaya Anna Yojana (AAY),5,10.0,7.5,0.75,12.0,3,2024-01-14 15:26:00,15,0,NORMAL
TXN-12189,BEN386,FPS-MAD-001,Madurai,Rice,Priority (PHH),4,20.0,18.4,0.92,5.4,1,2024-10-01 08:53:00,8,0,NORMAL
TXN-12190,BEN295,FPS-COI-002,Coimbatore,Rice,Priority (PHH),2,10.0,9.4,0.94,10.6,2,2024-08-22 10:37:00,10,0,NORMAL
TXN-12191,BEN092,FPS-CHE-001,Chennai,Rice,Priority (PHH),3,15.0,13.5,0.9,45.2,2,2024-05-13 11:15:00,11,0,NORMAL
TXN-12192,BEN242,FPS-COI-001,Coimbatore,Sugar,Priority (PHH),3,1.0,0.8,0.8,45.6,5,2024-10-05 11:16:00,11,0,NORMAL
TXN-12193,BEN320,FPS-MAD-002,Madurai,Rice,Priority (PHH),4,20.0,17.1,0.855,9.1,2,2024-09-30 11:19:00,11,0,NORMAL
TXN-12194,BEN291,FPS-MAD-001,Madurai,Wheat,Priority (PHH),5,10.0,7.1,0.71,7.5,3,2024-04-15 16:11:00,16,0,NORMAL
TXN-12195,BEN090,FPS-COI-001,Coimbatore,Wheat,Priority (PHH),4,8.0,6.7,0.837,18.4,2,2024-10-11 18:52:00,18,0,NORMAL
TXN-12196,BEN207,FPS-SAL-001,Salem,Dal,Priority (PHH),4,1.0,1.0,1.0,29.4,3,2024-03-06 09:59:00,9,0,NORMAL
TXN-12197,BEN166,FPS-SAL-002,Salem,Sugar,Antyodaya Anna Yojana (AAY),5,2.0,1.7,0.85,39.2,1,2024-07-05 14:45:00,14,0,NORMAL
TXN-12198,BEN213,FPS-COI-002,Coimbatore,Sugar,Priority (PHH),3,1.0,0.7,0.7,1.8,4,2024-02-15 17:03:00,17,0,NORMAL
TXN-12199,BEN145,FPS-COI-001,Coimbatore,Sugar,Priority (PHH),4,1.0,1.0,1.0,35.2,3,2024-08-10 11:25:00,11,0,NORMAL
TXN-12200,BEN392,FPS-CHE-001,Chennai,Wheat,Priority (PHH),5,10.0,7.9,0.79,43.7,3,2024-09-13 16:46:00,16,0,NORMAL
TXN-12201,BEN260,FPS-COI-001,Coimbatore,Rice,Antyodaya Anna Yojana (AAY),4,25.0,24.3,0.972,26.3,3,2024-04-27 15:20:00,15,0,NORMAL
TXN-12202,BEN291,FPS-TIR-001,Tiruchirappalli,Wheat,Priority (PHH),5,10.0,7.5,0.75,1.5,1,2024-05-30 08:22:00,8,0,NORMAL
TXN-12203,BEN009,FPS-CHE-001,Chennai,Dal,Priority (PHH),2,1.0,0.8,0.8,60.5,5,2024-03-18 09:17:00,9,0,NORMAL
TXN-12204,BEN390,FPS-CHE-001,Chennai,Sugar,Priority (PHH),4,1.0,0.8,0.8,28.9,3,2024-09-29 19:21:00,19,0,NORMAL
TXN-12205,BEN041,FPS-COI-002,Coimbatore,Rice,Priority (PHH),4,20.0,19.0,0.95,23.6,2,2024-02-17 17:54:00,17,0,NORMAL
TXN-12206,BEN175,FPS-MAD-001,Madurai,Rice,Priority (PHH),2,10.0,7.0,0.7,16.4,1,2024-03-13 17:47:00,17,0,NORMAL
TXN-12207,BEN160,FPS-SAL-001,Salem,Wheat,Priority (PHH),5,10.0,7.4,0.74,26.4,3,2024-03-10 19:57:00,19,0,NORMAL
TXN-12208,BEN338,FPS-COI-002,Coimbatore,Dal,Priority (PHH),2,1.0,1.0,1.0,48.0,3,2024-08-18 11:47:00,11,0,NORMAL
TXN-12209,BEN394,FPS-COI-002,Coimbatore,Rice,Priority (PHH),3,15.0,13.0,0.867,6.6,3,2024-06-15 11:09:00,11,0,NORMAL
TXN-12210,BEN345,FPS-TIR-002,Tiruchirappalli,Wheat,Priority (PHH),5,10.0,9.9,0.99,38.8,1,2024-10-22 13:55:00,13,0,NORMAL
TXN-12211,BEN052,FPS-MAD-002,Madurai,Wheat,Priority (PHH),3,6.0,9.0,1.5,28.1,1,2024-04-17 02:01:00,2,1,SUSPICIOUS
TXN-12212,BEN359,FPS-SAL-002,Salem,Rice,Non-Priority (NPHH),4,20.0,15.2,0.76,33.7,2,2024-10-21 15:38:00,15,0,NORMAL
TXN-12213,BEN274,FPS-TIR-002,Tiruchirappalli,Wheat,Priority (PHH),4,8.0,7.1,0.887,9.7,1,2024-09-08 16:37:00,16,0,NORMAL
TXN-12214,BEN068,FPS-MAD-002,Madurai,Wheat,Priority (PHH),2,4.0,2.8,0.7,104.1,2,2024-07-10 10:03:00,10,0,NORMAL
TXN-12215,BEN247,FPS-CHE-001,Chennai,Rice,Non-Priority (NPHH),4,20.0,14.0,0.7,1.4,3,2024-03-04 14:34:00,14,0,NORMAL
TXN-12216,BEN214,FPS-TIR-001,Tiruchirappalli,Rice,Non-Priority (NPHH),2,10.0,7.4,0.74,3.7,1,2024-10-02 16:26:00,16,0,NORMAL
TXN-12217,BEN294,FPS-SAL-001,Salem,Rice,Priority (PHH),2,10.0,9.7,0.97,43.7,2,2024-08-08 17:45:00,17,0,NORMAL
TXN-12218,BEN051,FPS-MAD-001,Madurai,Rice,Priority (PHH),2,10.0,7.0,0.7,5.9,3,2024-07-13 08:18:00,8,0,NORMAL
TXN-12219,BEN037,FPS-SAL-001,Salem,Wheat,Non-Priority (NPHH),5,10.0,9.2,0.92,137.7,1,2024-04-30 17:18:00,17,0,NORMAL
TXN-12220,BEN155,FPS-CHE-002,Chennai,Rice,Priority (PHH),2,10.0,7.3,0.73,114.2,1,2024-09-06 17:12:00,17,0,NORMAL
TXN-12221,BEN075,FPS-COI-002,Coimbatore,Wheat,Priority (PHH),2,4.0,3.7,0.925,42.6,2,2024-01-04 10:58:00,10,0,NORMAL
TXN-12222,BEN252,FPS-SAL-002,Salem,Sugar,Antyodaya Anna Yojana (AAY),4,2.0,1.6,0.8,22.4,3,2024-01-28 18:26:00,18,0,NORMAL
TXN-12223,BEN234,FPS-SAL-002,Salem,Wheat,Priority (PHH),5,10.0,8.1,0.81,2.1,1,2024-08-18 17:14:00,17,0,NORMAL
TXN-12224,BEN291,FPS-SAL-001,Salem,Rice,Priority (PHH),2,10.0,8.8,0.88,22.4,2,2024-03-06 14:07:00,14,0,NORMAL
TXN-12225,BEN373,FPS-SAL-001,Salem,Rice,Priority (PHH),5,25.0,17.9,0.716,7.8,2,2024-06-08 15:00:00,15,0,NORMAL
TXN-12226,BEN070,FPS-COI-001,Coimbatore,Dal,Priority (PHH),2,1.0,1.0,1.0,17.2,4,2024-01-22 12:34:00,12,0,NORMAL
TXN-12227,BEN011,FPS-CHE-002,Chennai,Wheat,Priority (PHH),5,10.0,9.7,0.97,22.2,1,2024-09-10 13:29:00,13,0,NORMAL
TXN-12228,BEN052,FPS-TIR-002,Tiruchirappalli,Rice,Priority (PHH),4,20.0,18.4,0.92,14.3,2,2024-07-04 14:30:00,14,0,NORMAL
TXN-12229,BEN344,FPS-TIR-001,Tiruchirappalli,Sugar,Priority (PHH),2,1.0,0.8,0.8,153.3,3,2024-10-13 19:00:00,19,0,NORMAL
TXN-12230,BEN353,FPS-TIR-001,Tiruchirappalli,Wheat,Non-Priority (NPHH),3,6.0,4.5,0.75,29.5,1,2024-05-13 12:28:00,12,0,NORMAL
TXN-12231,BEN330,FPS-MAD-001,Madurai,Wheat,Priority (PHH),5,10.0,8.9,0.89,8.5,4,2024-01-02 14:16:00,14,0,NORMAL
TXN-12232,BEN309,FPS-CHE-002,Chennai,Wheat,Non-Priority (NPHH),5,10.0,7.4,0.74,3.9,2,2024-02-24 17:14:00,17,0,NORMAL
TXN-12233,BEN158,FPS-SAL-002,Salem,Sugar,Antyodaya Anna Yojana (AAY),5,2.0,1.8,0.9,33.6,2,2024-07-20 16:10:00,16,0,NORMAL
TXN-12234,BEN359,FPS-MAD-002,Madurai,Wheat,Antyodaya Anna Yojana (AAY),4,10.0,7.6,0.76,5.6,2,2024-01-12 15:08:00,15,0,NORMAL
TXN-12235,BEN278,FPS-SAL-001,Salem,Sugar,Priority (PHH),2,1.0,0.9,0.9,68.4,2,2024-02-21 12:47:00,12,0,NORMAL
TXN-12236,BEN340,FPS-MAD-001,Madurai,Rice,Priority (PHH),4,20.0,17.6,0.88,11.1,2,2024-10-11 16:12:00,16,0,NORMAL
TXN-12237,BEN197,FPS-COI-001,Coimbatore,Rice,Priority (PHH),3,15.0,14.0,0.933,12.0,5,2024-07-20 12:24:00,12,0,NORMAL
TXN-12238,BEN050,FPS-CHE-002,Chennai,Rice,Priority (PHH),3,15.0,13.4,0.893,15.0,2,2024-08-07 18:57:00,18,0,NORMAL
TXN-12239,BEN017,FPS-COI-002,Coimbatore,Rice,Priority (PHH),4,20.0,14.7,0.735,37.8,1,2024-08-14 12:16:00,12,0,NORMAL
TXN-12240,BEN221,FPS-CHE-001,Chennai,Dal,Antyodaya Anna Yojana (AAY),5,2.0,1.6,0.8,29.5,1,2024-03-31 09:22:00,9,0,NORMAL
TXN-12241,BEN268,FPS-TIR-002,Tiruchirappalli,Sugar,Priority (PHH),3,1.0,0.8,0.8,45.9,2,2024-02-21 11:46:00,11,0,NORMAL
TXN-12242,BEN396,FPS-CHE-001,Chennai,Wheat,Antyodaya Anna Yojana (AAY),5,10.0,8.6,0.86,32.3,3,2024-09-02 12:29:00,12,0,NORMAL
TXN-12243,BEN360,FPS-COI-001,Coimbatore,Rice,Priority (PHH),4,20.0,15.1,0.755,9.4,3,2024-01-23 08:42:00,8,0,NORMAL
TXN-12244,BEN128,FPS-COI-001,Coimbatore,Rice,Antyodaya Anna Yojana (AAY),2,25.0,23.8,0.952,17.2,5,2024-02-12 14:57:00,14,0,NORMAL
TXN-12245,BEN173,FPS-SAL-002,Salem,Rice,Priority (PHH),2,10.0,9.3,0.93,18.8,1,2024-09-18 15:44:00,15,0,NORMAL
TXN-12246,BEN011,FPS-TIR-002,Tiruchirappalli,Rice,Priority (PHH),3,15.0,13.6,0.907,9.6,4,2024-07-28 11:14:00,11,0,NORMAL
TXN-12247,BEN383,FPS-SAL-001,Salem,Rice,Priority (PHH),2,10.0,9.5,0.95,38.2,2,2024-03-16 18:09:00,18,0,NORMAL
TXN-12248,BEN375,FPS-COI-001,Coimbatore,Dal,Antyodaya Anna Yojana (AAY),3,2.0,2.0,1.0,16.7,2,2024-01-27 14:00:00,14,0,NORMAL
TXN-12249,BEN019,FPS-MAD-001,Madurai,Dal,Priority (PHH),3,1.0,0.9,0.9,45.6,2,2024-09-29 13:14:00,13,0,NORMAL
TXN-12250,BEN394,FPS-SAL-002,Salem,Dal,Non-Priority (NPHH),3,1.0,1.0,1.0,32.5,3,2024-01-13 11:08:00,11,0,NORMAL
TXN-12251,BEN001,FPS-COI-002,Coimbatore,Rice,Priority (PHH),3,15.0,10.5,0.7,24.4,1,2024-05-20 13:13:00,13,0,NORMAL
TXN-12252,BEN332,FPS-SAL-001,Salem,Rice,Antyodaya Anna Yojana (AAY),2,25.0,20.3,0.812,17.3,1,2024-09-03 11:24:00,11,0,NORMAL
TXN-12253,BEN377,FPS-SAL-002,Salem,Wheat,Priority (PHH),3,6.0,5.4,0.9,6.1,2,2024-03-27 08:57:00,8,0,NORMAL
TXN-12254,BEN346,FPS-CHE-002,Chennai,Rice,Priority (PHH),2,10.0,7.4,0.74,5.5,3,2024-04-30 19:25:00,19,0,NORMAL
TXN-12255,BEN158,FPS-MAD-002,Madurai,Dal,Priority (PHH),2,1.0,0.9,0.9,14.8,1,2024-04-01 16:43:00,16,0,NORMAL
TXN-12256,BEN128,FPS-COI-002,Coimbatore,Rice,Priority (PHH),2,10.0,9.1,0.91,1.2,2,2024-10-06 12:28:00,12,0,NORMAL
TXN-12257,BEN051,FPS-SAL-001,Salem,Sugar,Antyodaya Anna Yojana (AAY),2,2.0,1.6,0.8,36.6,3,2024-05-15 09:53:00,9,0,NORMAL
TXN-12258,BEN133,FPS-COI-002,Coimbatore,Rice,Priority (PHH),2,10.0,8.2,0.82,24.8,1,2024-02-19 19:37:00,19,0,NORMAL
TXN-12259,BEN191,FPS-CHE-001,Chennai,Wheat,Priority (PHH),4,8.0,7.1,0.887,25.7,4,2024-01-22 11:09:00,11,0,NORMAL
TXN-12260,BEN057,FPS-TIR-002,Tiruchirappalli,Rice,Priority (PHH),4,20.0,14.1,0.705,2.3,2,2024-02-04 08:06:00,8,0,NORMAL
TXN-12261,BEN200,FPS-MAD-001,Madurai,Rice,Priority (PHH),3,15.0,11.9,0.793,54.5,3,2024-02-08 18:22:00,18,0,NORMAL
TXN-12262,BEN319,FPS-CHE-002,Chennai,Sugar,Priority (PHH),5,1.0,0.7,0.7,7.9,5,2024-04-08 19:40:00,19,0,NORMAL
TXN-12263,BEN068,FPS-TIR-002,Tiruchirappalli,Sugar,Non-Priority (NPHH),5,1.0,0.8,0.8,4.1,4,2024-04-16 17:43:00,17,0,NORMAL
TXN-12264,BEN087,FPS-CHE-001,Chennai,Dal,Priority (PHH),5,1.0,0.7,0.7,3.2,2,2024-01-15 14:00:00,14,0,NORMAL
TXN-12265,BEN017,FPS-SAL-002,Salem,Sugar,Non-Priority (NPHH),4,1.0,0.9,0.9,40.6,1,2024-08-20 17:32:00,17,0,NORMAL
TXN-12266,BEN149,FPS-MAD-001,Madurai,Dal,Priority (PHH),3,1.0,0.9,0.9,83.6,3,2024-06-15 17:47:00,17,0,NORMAL
TXN-12267,BEN066,FPS-COI-001,Coimbatore,Rice,Antyodaya Anna Yojana (AAY),3,25.0,24.3,0.972,3.6,2,2024-03-11 19:19:00,19,0,NORMAL
TXN-12268,BEN333,FPS-TIR-002,Tiruchirappalli,Sugar,Priority (PHH),3,1.0,0.8,0.8,45.8,3,2024-04-21 09:45:00,9,0,NORMAL
TXN-12269,BEN008,FPS-SAL-002,Salem,Wheat,Priority (PHH),3,6.0,5.1,0.85,102.4,2,2024-09-23 18:23:00,18,0,NORMAL
TXN-12270,BEN034,FPS-SAL-002,Salem,Rice,Priority (PHH),4,20.0,16.1,0.805,26.1,2,2024-10-04 15:02:00,15,0,NORMAL
TXN-12271,BEN397,FPS-CHE-002,Chennai,Rice,Antyodaya Anna Yojana (AAY),3,25.0,19.7,0.788,19.6,3,2024-03-29 19:47:00,19,0,NORMAL
TXN-12272,BEN044,FPS-CHE-002,Chennai,Rice,Priority (PHH),3,15.0,12.6,0.84,7.1,1,2024-03-31 18:08:00,18,0,NORMAL
TXN-12273,BEN219,FPS-MAD-001,Madurai,Wheat,Priority (PHH),2,4.0,3.9,0.975,15.8,3,2024-05-04 08:00:00,8,0,NORMAL
TXN-12274,BEN380,FPS-CHE-001,Chennai,Sugar,Antyodaya Anna Yojana (AAY),2,2.0,7.5,3.75,20.1,2,2024-09-03 17:51:00,17,1,SUSPICIOUS
TXN-12275,BEN248,FPS-CHE-002,Chennai,Wheat,Antyodaya Anna Yojana (AAY),3,10.0,9.1,0.91,22.4,2,2024-08-10 10:25:00,10,0,NORMAL
TXN-12276,BEN097,FPS-SAL-002,Salem,Rice,Priority (PHH),4,20.0,17.0,0.85,2.6,3,2024-03-25 13:48:00,13,0,NORMAL
TXN-12277,BEN302,FPS-COI-001,Coimbatore,Rice,Priority (PHH),5,25.0,23.1,0.924,46.0,4,2024-01-29 19:13:00,19,0,NORMAL
TXN-12278,BEN210,FPS-COI-002,Coimbatore,Rice,Priority (PHH),2,10.0,8.6,0.86,48.5,2,2024-03-02 08:38:00,8,0,NORMAL
TXN-12279,BEN339,FPS-COI-002,Coimbatore,Wheat,Priority (PHH),5,10.0,8.2,0.82,4.0,2,2024-05-24 12:37:00,12,0,NORMAL
TXN-12280,BEN026,FPS-CHE-001,Chennai,Sugar,Non-Priority (NPHH),3,1.0,0.9,0.9,10.4,1,2024-03-02 13:52:00,13,0,NORMAL
TXN-12281,BEN119,FPS-CHE-001,Chennai,Wheat,Non-Priority (NPHH),3,6.0,4.3,0.717,19.2,2,2024-05-04 16:17:00,16,0,NORMAL
TXN-12282,BEN244,FPS-TIR-002,Tiruchirappalli,Rice,Priority (PHH),4,20.0,17.2,0.86,79.8,1,2024-03-28 12:57:00,12,0,NORMAL
TXN-12283,BEN143,FPS-SAL-001,Salem,Rice,Priority (PHH),2,10.0,9.9,0.99,108.6,4,2024-06-23 10:43:00,10,0,NORMAL
TXN-12284,BEN339,FPS-SAL-002,Salem,Rice,Antyodaya Anna Yojana (AAY),4,25.0,23.5,0.94,4.7,4,2024-07-25 19:11:00,19,0,NORMAL
TXN-12285,BEN134,FPS-COI-001,Coimbatore,Dal,Priority (PHH),5,1.0,1.0,1.0,51.2,5,2024-09-14 14:48:00,14,0,NORMAL
TXN-12286,BEN009,FPS-COI-002,Coimbatore,Rice,Priority (PHH),5,25.0,22.9,0.916,1.9,4,2024-05-06 13:05:00,13,0,NORMAL
TXN-12287,BEN218,FPS-COI-002,Coimbatore,Wheat,Antyodaya Anna Yojana (AAY),2,10.0,15.0,1.5,22.9,1,2024-01-05 01:08:00,1,1,SUSPICIOUS
TXN-12288,BEN367,FPS-TIR-002,Tiruchirappalli,Dal,Antyodaya Anna Yojana (AAY),5,2.0,1.8,0.9,5.6,1,2024-04-22 19:27:00,19,0,NORMAL
TXN-12289,BEN357,FPS-MAD-002,Madurai,Dal,Antyodaya Anna Yojana (AAY),2,2.0,1.5,0.75,42.5,1,2024-01-04 16:37:00,16,0,NORMAL
TXN-12290,BEN177,FPS-SAL-002,Salem,Rice,Non-Priority (NPHH),3,15.0,12.8,0.853,14.7,4,2024-03-22 17:23:00,17,0,NORMAL
TXN-12291,BEN167,FPS-TIR-002,Tiruchirappalli,Rice,Antyodaya Anna Yojana (AAY),3,25.0,24.2,0.968,1.0,1,2024-03-02 11:21:00,11,0,NORMAL
TXN-12292,BEN333,FPS-TIR-002,Tiruchirappalli,Dal,Non-Priority (NPHH),4,1.0,0.8,0.8,1.6,5,2024-09-08 11:35:00,11,0,NORMAL
TXN-12293,BEN386,FPS-SAL-002,Salem,Wheat,Priority (PHH),2,4.0,3.1,0.775,29.7,1,2024-06-01 16:07:00,16,0,NORMAL
TXN-12294,BEN258,FPS-COI-002,Coimbatore,Dal,Antyodaya Anna Yojana (AAY),3,2.0,1.5,0.75,54.9,1,2024-01-21 17:31:00,17,0,NORMAL
TXN-12295,BEN088,FPS-COI-001,Coimbatore,Rice,Antyodaya Anna Yojana (AAY),4,25.0,24.2,0.968,16.5,2,2024-05-20 13:03:00,13,0,NORMAL
TXN-12296,BEN145,FPS-CHE-001,Chennai,Sugar,Priority (PHH),3,1.0,0.9,0.9,3.5,1,2024-07-02 14:48:00,14,0,NORMAL
TXN-12297,BEN104,FPS-SAL-001,Salem,Sugar,Priority (PHH),4,1.0,0.8,0.8,76.6,5,2024-07-27 18:13:00,18,0,NORMAL
TXN-12298,BEN134,FPS-MAD-001,Madurai,Wheat,Antyodaya Anna Yojana (AAY),2,10.0,8.4,0.84,1.9,2,2024-06-25 10:34:00,10,0,NORMAL
TXN-12299,BEN110,FPS-SAL-001,Salem,Sugar,Priority (PHH),4,1.0,0.8,0.8,3.2,3,2024-07-06 11:19:00,11,0,NORMAL
TXN-12300,BEN020,FPS-COI-001,Coimbatore,Rice,Antyodaya Anna Yojana (AAY),4,25.0,23.0,0.92,8.1,4,2024-07-21 16:51:00,16,0,NORMAL
TXN-12301,BEN253,FPS-COI-001,Coimbatore,Wheat,Priority (PHH),5,10.0,7.5,0.75,20.6,3,2024-10-16 16:22:00,16,0,NORMAL
TXN-12302,BEN207,FPS-SAL-001,Salem,Wheat,Antyodaya Anna Yojana (AAY),2,10.0,8.5,0.85,52.6,2,2024-05-12 12:24:00,12,0,NORMAL
TXN-12303,BEN046,FPS-SAL-001,Salem,Rice,Antyodaya Anna Yojana (AAY),2,25.0,23.5,0.94,9.9,2,2024-09-30 16:01:00,16,0,NORMAL
TXN-12304,BEN137,FPS-CHE-002,Chennai,Wheat,Antyodaya Anna Yojana (AAY),5,10.0,10.0,1.0,4.3,3,2024-08-19 15:15:00,15,0,NORMAL
TXN-12305,BEN383,FPS-TIR-001,Tiruchirappalli,Rice,Non-Priority (NPHH),2,10.0,7.3,0.73,10.1,2,2024-09-05 13:06:00,13,0,NORMAL
TXN-12306,BEN323,FPS-CHE-001,Chennai,Rice,Priority (PHH),4,20.0,19.6,0.98,28.1,3,2024-04-15 11:04:00,11,0,NORMAL
TXN-12307,BEN156,FPS-COI-002,Coimbatore,Rice,Antyodaya Anna Yojana (AAY),3,25.0,19.5,0.78,1.0,2,2024-06-18 11:01:00,11,0,NORMAL
TXN-12308,BEN319,FPS-TIR-001,Tiruchirappalli,Wheat,Antyodaya Anna Yojana (AAY),2,10.0,8.2,0.82,10.3,2,2024-09-14 09:58:00,9,0,NORMAL
TXN-12309,BEN293,FPS-CHE-001,Chennai,Rice,Priority (PHH),5,25.0,19.6,0.784,3.0,2,2024-06-26 09:43:00,9,0,NORMAL
TXN-12310,BEN371,FPS-MAD-002,Madurai,Rice,Priority (PHH),4,20.0,19.4,0.97,26.8,1,2024-04-28 17:47:00,17,0,NORMAL
TXN-12311,BEN384,FPS-TIR-002,Tiruchirappalli,Wheat,Non-Priority (NPHH),4,8.0,7.1,0.887,28.2,1,2024-05-11 18:24:00,18,0,NORMAL
TXN-12312,BEN144,FPS-MAD-002,Madurai,Rice,Priority (PHH),3,15.0,66.5,4.433,17.3,4,2024-03-08 17:33:00,17,1,SUSPICIOUS
TXN-12313,BEN191,FPS-SAL-001,Salem,Wheat,Antyodaya Anna Yojana (AAY),2,10.0,7.8,0.78,43.9,5,2024-03-04 12:13:00,12,0,NORMAL
TXN-12314,BEN397,FPS-CHE-001,Chennai,Rice,Priority (PHH),4,20.0,16.7,0.835,1.3,2,2024-08-22 15:42:00,15,0,NORMAL
TXN-12315,BEN262,FPS-MAD-001,Madurai,Rice,Priority (PHH),2,10.0,7.7,0.77,21.9,1,2024-05-02 19:13:00,19,0,NORMAL
TXN-12316,BEN045,FPS-COI-002,Coimbatore,Wheat,Non-Priority (NPHH),5,10.0,9.0,0.9,3.7,1,2024-08-27 12:02:00,12,0,NORMAL
TXN-12317,BEN305,FPS-CHE-002,Chennai,Rice,Non-Priority (NPHH),5,25.0,20.3,0.812,128.1,5,2024-04-22 14:03:00,14,0,NORMAL
TXN-12318,BEN358,FPS-MAD-001,Madurai,Rice,Non-Priority (NPHH),5,25.0,19.6,0.784,11.9,2,2024-07-21 17:57:00,17,0,NORMAL
TXN-12319,BEN241,FPS-SAL-002,Salem,Sugar,Priority (PHH),4,1.0,0.7,0.7,77.4,2,2024-02-28 10:02:00,10,0,NORMAL
TXN-12320,BEN182,FPS-TIR-002,Tiruchirappalli,Dal,Antyodaya Anna Yojana (AAY),4,2.0,1.8,0.9,59.4,3,2024-03-27 12:51:00,12,0,NORMAL
TXN-12321,BEN312,FPS-TIR-002,Tiruchirappalli,Rice,Priority (PHH),4,20.0,17.9,0.895,41.6,1,2024-07-08 08:13:00,8,0,NORMAL
TXN-12322,BEN367,FPS-MAD-002,Madurai,Rice,Priority (PHH),3,15.0,14.3,0.953,47.8,2,2024-05-26 11:53:00,11,0,NORMAL
TXN-12323,BEN203,FPS-SAL-001,Salem,Rice,Priority (PHH),2,10.0,8.4,0.84,2.0,3,2024-10-10 14:29:00,14,0,NORMAL
TXN-12324,BEN111,FPS-CHE-001,Chennai,Rice,Priority (PHH),5,25.0,21.5,0.86,28.2,1,2024-10-01 19:10:00,19,0,NORMAL
TXN-12325,BEN325,FPS-CHE-001,Chennai,Wheat,Priority (PHH),4,8.0,6.4,0.8,47.8,3,2024-02-17 18:07:00,18,0,NORMAL
TXN-12326,BEN201,FPS-CHE-001,Chennai,Sugar,Priority (PHH),2,1.0,0.8,0.8,40.9,1,2024-04-05 15:53:00,15,0,NORMAL
TXN-12327,BEN212,FPS-CHE-001,Chennai,Rice,Priority (PHH),3,15.0,14.4,0.96,9.9,2,2024-02-05 17:35:00,17,0,NORMAL
TXN-12328,BEN096,FPS-CHE-002,Chennai,Rice,Antyodaya Anna Yojana (AAY),5,25.0,17.7,0.708,3.8,1,2024-05-23 19:50:00,19,0,NORMAL
TXN-12329,BEN080,FPS-MAD-001,Madurai,Sugar,Priority (PHH),4,1.0,0.8,0.8,43.6,3,2024-06-10 11:13:00,11,0,NORMAL
TXN-12330,BEN044,FPS-SAL-001,Salem,Rice,Priority (PHH),4,20.0,14.1,0.705,9.2,3,2024-10-15 15:49:00,15,0,NORMAL
TXN-12331,BEN240,FPS-SAL-001,Salem,Rice,Antyodaya Anna Yojana (AAY),2,25.0,22.4,0.896,17.1,3,2024-04-20 16:52:00,16,0,NORMAL
TXN-12332,BEN287,FPS-SAL-001,Salem,Sugar,Antyodaya Anna Yojana (AAY),5,2.0,1.4,0.7,8.3,2,2024-09-18 09:27:00,9,0,NORMAL
TXN-12333,BEN259,FPS-CHE-002,Chennai,Rice,Priority (PHH),4,20.0,17.7,0.885,19.2,1,2024-10-20 10:55:00,10,0,NORMAL
TXN-12334,BEN047,FPS-COI-002,Coimbatore,Wheat,Priority (PHH),5,10.0,7.3,0.73,64.6,2,2024-01-20 11:15:00,11,0,NORMAL
TXN-12335,BEN038,FPS-SAL-001,Salem,Rice,Antyodaya Anna Yojana (AAY),3,25.0,24.9,0.996,13.0,2,2024-05-20 16:16:00,16,0,NORMAL
TXN-12336,BEN389,FPS-CHE-002,Chennai,Rice,Non-Priority (NPHH),5,25.0,19.8,0.792,16.4,2,2024-06-21 08:04:00,8,0,NORMAL
TXN-12337,BEN030,FPS-TIR-002,Tiruchirappalli,Dal,Priority (PHH),4,1.0,0.9,0.9,46.5,2,2024-08-23 14:45:00,14,0,NORMAL
TXN-12338,BEN199,FPS-CHE-001,Chennai,Rice,Priority (PHH),2,10.0,8.9,0.89,14.0,1,2024-05-17 17:05:00,17,0,NORMAL
TXN-12339,BEN289,FPS-CHE-001,Chennai,Rice,Priority (PHH),2,10.0,9.0,0.9,1.0,1,2024-01-01 13:44:00,13,0,NORMAL
TXN-12340,BEN388,FPS-SAL-001,Salem,Wheat,Priority (PHH),5,10.0,8.9,0.89,1.3,3,2024-06-24 12:08:00,12,0,NORMAL
TXN-12341,BEN063,FPS-CHE-002,Chennai,Rice,Priority (PHH),5,25.0,18.1,0.724,88.5,1,2024-10-03 16:29:00,16,0,NORMAL
TXN-12342,BEN162,FPS-TIR-001,Tiruchirappalli,Rice,Priority (PHH),4,20.0,19.7,0.985,3.9,2,2024-01-19 17:41:00,17,0,NORMAL
TXN-12343,BEN103,FPS-TIR-001,Tiruchirappalli,Rice,Antyodaya Anna Yojana (AAY),4,25.0,23.2,0.928,14.0,2,2024-04-30 08:30:00,8,0,NORMAL
TXN-12344,BEN162,FPS-CHE-001,Chennai,Wheat,Priority (PHH),3,6.0,5.4,0.9,9.2,1,2024-09-19 09:20:00,9,0,NORMAL
TXN-12345,BEN301,FPS-TIR-002,Tiruchirappalli,Rice,Priority (PHH),4,20.0,15.1,0.755,14.3,1,2024-02-20 14:41:00,14,0,NORMAL
TXN-12346,BEN150,FPS-SAL-002,Salem,Rice,Priority (PHH),2,10.0,8.9,0.89,8.9,2,2024-01-06 13:13:00,13,0,NORMAL
TXN-12347,BEN148,FPS-SAL-002,Salem,Sugar,Non-Priority (NPHH),2,1.0,0.9,0.9,59.8,1,2024-09-01 18:51:00,18,0,NORMAL
TXN-12348,BEN350,FPS-COI-001,Coimbatore,Rice,Antyodaya Anna Yojana (AAY),2,25.0,19.9,0.796,5.5,1,2024-07-13 18:57:00,18,0,NORMAL
TXN-12349,BEN143,FPS-SAL-001,Salem,Sugar,Non-Priority (NPHH),3,1.0,1.0,1.0,3.6,3,2024-06-23 16:19:00,16,0,NORMAL
TXN-12350,BEN125,FPS-TIR-001,Tiruchirappalli,Sugar,Antyodaya Anna Yojana (AAY),5,2.0,2.0,1.0,26.9,3,2024-06-16 10:37:00,10,0,NORMAL
TXN-12351,BEN303,FPS-SAL-002,Salem,Dal,Non-Priority (NPHH),2,1.0,0.7,0.7,19.2,2,2024-03-31 10:22:00,10,0,NORMAL
TXN-12352,BEN385,FPS-MAD-002,Madurai,Wheat,Priority (PHH),3,6.0,5.4,0.9,70.8,3,2024-04-08 09:16:00,9,0,NORMAL
TXN-12353,BEN054,FPS-COI-002,Coimbatore,Sugar,Priority (PHH),3,1.0,1.0,1.0,7.2,1,2024-02-05 08:57:00,8,0,NORMAL
TXN-12354,BEN353,FPS-CHE-002,Chennai,Sugar,Priority (PHH),4,1.0,0.9,0.9,50.2,2,2024-09-14 10:13:00,10,0,NORMAL
TXN-12355,BEN185,FPS-SAL-002,Salem,Rice,Antyodaya Anna Yojana (AAY),2,25.0,21.9,0.876,52.6,4,2024-05-06 14:05:00,14,0,NORMAL
TXN-12356,BEN083,FPS-COI-002,Coimbatore,Rice,Priority (PHH),5,25.0,17.8,0.712,78.0,1,2024-03-11 14:15:00,14,0,NORMAL
TXN-12357,BEN231,FPS-TIR-002,Tiruchirappalli,Rice,Priority (PHH),3,15.0,12.0,0.8,14.0,1,2024-08-06 14:43:00,14,0,NORMAL
TXN-12358,BEN386,FPS-TIR-002,Tiruchirappalli,Rice,Antyodaya Anna Yojana (AAY),4,25.0,20.8,0.832,2.9,2,2024-04-28 18:35:00,18,0,NORMAL
TXN-12359,BEN276,FPS-SAL-002,Salem,Sugar,Priority (PHH),2,1.0,0.8,0.8,4.3,1,2024-10-22 11:43:00,11,0,NORMAL
TXN-12360,BEN175,FPS-SAL-001,Salem,Dal,Antyodaya Anna Yojana (AAY),3,2.0,1.9,0.95,17.2,2,2024-01-02 16:07:00,16,0,NORMAL
TXN-12361,BEN286,FPS-CHE-001,Chennai,Sugar,Priority (PHH),4,1.0,0.9,0.9,38.6,3,2024-07-11 08:30:00,8,0,NORMAL
TXN-12362,BEN072,FPS-COI-001,Coimbatore,Wheat,Priority (PHH),3,6.0,4.8,0.8,31.0,1,2024-10-11 11:49:00,11,0,NORMAL
TXN-12363,BEN100,FPS-COI-002,Coimbatore,Rice,Non-Priority (NPHH),2,10.0,15.0,1.5,2.5,2,2024-04-08 02:08:00,2,1,SUSPICIOUS
TXN-12364,BEN256,FPS-MAD-002,Madurai,Rice,Antyodaya Anna Yojana (AAY),5,25.0,23.9,0.956,7.9,2,2024-06-18 15:56:00,15,0,NORMAL
TXN-12365,BEN212,FPS-TIR-001,Tiruchirappalli,Wheat,Priority (PHH),2,4.0,3.0,0.75,2.1,4,2024-09-13 11:23:00,11,0,NORMAL
TXN-12366,BEN095,FPS-MAD-001,Madurai,Sugar,Priority (PHH),4,1.0,1.0,1.0,1.4,3,2024-07-19 14:21:00,14,0,NORMAL
TXN-12367,BEN033,FPS-SAL-001,Salem,Rice,Priority (PHH),3,15.0,69.5,4.633,58.9,2,2024-05-12 19:11:00,19,1,SUSPICIOUS
TXN-12368,BEN037,FPS-COI-002,Coimbatore,Dal,Non-Priority (NPHH),5,1.0,0.8,0.8,18.0,2,2024-03-27 11:15:00,11,0,NORMAL
TXN-12369,BEN394,FPS-CHE-002,Chennai,Dal,Priority (PHH),3,1.0,0.7,0.7,62.6,1,2024-02-28 08:05:00,8,0,NORMAL
TXN-12370,BEN218,FPS-TIR-002,Tiruchirappalli,Dal,Non-Priority (NPHH),2,1.0,0.8,0.8,4.2,3,2024-07-07 12:58:00,12,0,NORMAL
TXN-12371,BEN345,FPS-MAD-001,Madurai,Rice,Antyodaya Anna Yojana (AAY),5,25.0,23.4,0.936,11.0,2,2024-01-04 18:39:00,18,0,NORMAL
TXN-12372,BEN020,FPS-COI-001,Coimbatore,Rice,Non-Priority (NPHH),4,20.0,19.5,0.975,43.7,1,2024-05-05 10:17:00,10,0,NORMAL
TXN-12373,BEN141,FPS-SAL-002,Salem,Dal,Priority (PHH),4,1.0,0.8,0.8,2.6,1,2024-05-16 13:00:00,13,0,NORMAL
TXN-12374,BEN184,FPS-COI-002,Coimbatore,Wheat,Priority (PHH),4,8.0,6.0,0.75,25.9,3,2024-03-29 08:10:00,8,0,NORMAL
TXN-12375,BEN210,FPS-TIR-002,Tiruchirappalli,Dal,Priority (PHH),5,1.0,0.7,0.7,56.9,3,2024-06-04 12:49:00,12,0,NORMAL
TXN-12376,BEN223,FPS-SAL-001,Salem,Rice,Priority (PHH),2,10.0,7.5,0.75,9.1,2,2024-09-25 14:44:00,14,0,NORMAL
TXN-12377,BEN217,FPS-TIR-002,Tiruchirappalli,Sugar,Priority (PHH),4,1.0,0.9,0.9,9.9,1,2024-05-11 09:39:00,9,0,NORMAL
TXN-12378,BEN115,FPS-TIR-002,Tiruchirappalli,Rice,Priority (PHH),5,25.0,21.8,0.872,38.9,2,2024-08-29 15:17:00,15,0,NORMAL
TXN-12379,BEN332,FPS-CHE-002,Chennai,Wheat,Priority (PHH),3,6.0,4.3,0.717,9.9,5,2024-09-01 08:42:00,8,0,NORMAL
TXN-12380,BEN261,FPS-TIR-001,Tiruchirappalli,Rice,Priority (PHH),4,20.0,17.8,0.89,24.3,2,2024-08-11 18:30:00,18,0,NORMAL
TXN-12381,BEN276,FPS-MAD-001,Madurai,Rice,Priority (PHH),4,20.0,16.1,0.805,29.3,4,2024-01-24 09:19:00,9,0,NORMAL
TXN-12382,BEN353,FPS-SAL-002,Salem,Rice,Priority (PHH),3,15.0,14.9,0.993,32.0,1,2024-02-11 19:21:00,19,0,NORMAL
TXN-12383,BEN221,FPS-MAD-002,Madurai,Wheat,Priority (PHH),4,8.0,7.1,0.887,48.2,1,2024-06-19 08:39:00,8,0,NORMAL
TXN-12384,BEN192,FPS-SAL-002,Salem,Rice,Priority (PHH),2,10.0,7.2,0.72,15.2,3,2024-06-09 16:24:00,16,0,NORMAL
TXN-12385,BEN221,FPS-CHE-002,Chennai,Wheat,Non-Priority (NPHH),3,6.0,4.5,0.75,74.7,1,2024-09-21 08:09:00,8,0,NORMAL
TXN-12386,BEN117,FPS-TIR-002,Tiruchirappalli,Sugar,Antyodaya Anna Yojana (AAY),3,2.0,1.5,0.75,60.8,1,2024-05-28 11:09:00,11,0,NORMAL
TXN-12387,BEN170,FPS-MAD-001,Madurai,Rice,Antyodaya Anna Yojana (AAY),5,25.0,22.1,0.884,14.6,2,2024-05-18 13:46:00,13,0,NORMAL
TXN-12388,BEN371,FPS-TIR-001,Tiruchirappalli,Rice,Priority (PHH),5,25.0,19.7,0.788,22.9,2,2024-04-26 09:44:00,9,0,NORMAL
TXN-12389,BEN331,FPS-COI-001,Coimbatore,Rice,Non-Priority (NPHH),3,15.0,13.1,0.873,4.7,2,2024-07-20 10:10:00,10,0,NORMAL
TXN-12390,BEN019,FPS-TIR-002,Tiruchirappalli,Rice,Non-Priority (NPHH),5,25.0,24.1,0.964,51.9,2,2024-01-17 15:15:00,15,0,NORMAL
TXN-12391,BEN272,FPS-CHE-002,Chennai,Wheat,Priority (PHH),5,10.0,9.8,0.98,18.9,1,2024-05-13 12:54:00,12,0,NORMAL
TXN-12392,BEN016,FPS-MAD-002,Madurai,Rice,Priority (PHH),2,10.0,7.7,0.77,13.1,2,2024-07-15 12:09:00,12,0,NORMAL
TXN-12393,BEN130,FPS-COI-001,Coimbatore,Rice,Priority (PHH),5,25.0,22.5,0.9,5.7,1,2024-09-10 18:02:00,18,0,NORMAL
TXN-12394,BEN073,FPS-COI-002,Coimbatore,Rice,Non-Priority (NPHH),2,10.0,9.0,0.9,10.1,1,2024-09-18 18:52:00,18,0,NORMAL
TXN-12395,BEN205,FPS-COI-001,Coimbatore,Wheat,Priority (PHH),3,6.0,5.7,0.95,28.8,2,2024-07-25 09:37:00,9,0,NORMAL
TXN-12396,BEN350,FPS-COI-002,Coimbatore,Wheat,Non-Priority (NPHH),2,4.0,3.9,0.975,15.9,1,2024-08-26 10:26:00,10,0,NORMAL
TXN-12397,BEN231,FPS-SAL-001,Salem,Rice,Priority (PHH),3,15.0,11.6,0.773,16.4,1,2024-04-19 14:41:00,14,0,NORMAL
TXN-12398,BEN341,FPS-COI-001,Coimbatore,Rice,Priority (PHH),4,20.0,17.5,0.875,41.0,2,2024-05-09 14:04:00,14,0,NORMAL
TXN-12399,BEN171,FPS-COI-001,Coimbatore,Rice,Non-Priority (NPHH),3,15.0,14.8,0.987,32.5,4,2024-09-03 10:51:00,10,0,NORMAL
TXN-12400,BEN198,FPS-CHE-002,Chennai,Rice,Non-Priority (NPHH),3,15.0,14.2,0.947,34.0,4,2024-03-26 08:12:00,8,0,NORMAL
TXN-12401,BEN160,FPS-TIR-001,Tiruchirappalli,Rice,Priority (PHH),5,25.0,23.3,0.932,1.5,5,2024-09-21 16:23:00,16,0,NORMAL
TXN-12402,BEN284,FPS-CHE-002,Chennai,Wheat,Priority (PHH),2,4.0,3.5,0.875,11.0,1,2024-01-23 13:39:00,13,0,NORMAL
TXN-12403,BEN046,FPS-MAD-001,Madurai,Rice,Priority (PHH),5,25.0,21.9,0.876,54.5,2,2024-04-10 18:53:00,18,0,NORMAL
TXN-12404,BEN111,FPS-COI-001,Coimbatore,Rice,Priority (PHH),2,10.0,9.0,0.9,3.3,2,2024-07-21 08:29:00,8,0,NORMAL
TXN-12405,BEN373,FPS-SAL-002,Salem,Wheat,Priority (PHH),2,4.0,3.1,0.775,60.2,3,2024-02-29 13:39:00,13,0,NORMAL
TXN-12406,BEN268,FPS-CHE-002,Chennai,Wheat,Priority (PHH),3,6.0,5.2,0.867,4.2,3,2024-01-18 19:17:00,19,0,NORMAL
TXN-12407,BEN333,FPS-SAL-002,Salem,Rice,Priority (PHH),2,10.0,9.2,0.92,13.0,3,2024-05-29 14:22:00,14,0,NORMAL
TXN-12408,BEN342,FPS-CHE-001,Chennai,Rice,Antyodaya Anna Yojana (AAY),4,25.0,20.1,0.804,33.7,4,2024-05-03 13:24:00,13,0,NORMAL
TXN-12409,BEN146,FPS-MAD-002,Madurai,Rice,Priority (PHH),4,20.0,16.9,0.845,6.9,1,2024-05-14 17:15:00,17,0,NORMAL
TXN-12410,BEN329,FPS-COI-001,Coimbatore,Dal,Priority (PHH),5,1.0,0.8,0.8,9.3,2,2024-03-23 17:19:00,17,0,NORMAL
TXN-12411,BEN163,FPS-MAD-002,Madurai,Rice,Priority (PHH),2,10.0,7.2,0.72,31.7,2,2024-05-20 15:45:00,15,0,NORMAL
TXN-12412,BEN024,FPS-TIR-002,Tiruchirappalli,Sugar,Non-Priority (NPHH),2,1.0,0.7,0.7,4.7,1,2024-07-13 16:40:00,16,0,NORMAL
TXN-12413,BEN386,FPS-TIR-001,Tiruchirappalli,Rice,Priority (PHH),3,15.0,14.0,0.933,1.5,6,2024-02-19 17:41:00,17,1,SUSPICIOUS
TXN-12414,BEN241,FPS-CHE-001,Chennai,Rice,Non-Priority (NPHH),3,15.0,12.5,0.833,3.2,3,2024-02-05 09:56:00,9,0,NORMAL
TXN-12415,BEN261,FPS-SAL-001,Salem,Dal,Priority (PHH),5,1.0,0.9,0.9,43.3,2,2024-02-14 12:01:00,12,0,NORMAL
TXN-12416,BEN222,FPS-CHE-001,Chennai,Wheat,Priority (PHH),5,10.0,7.8,0.78,18.8,3,2024-06-28 08:38:00,8,0,NORMAL
TXN-12417,BEN305,FPS-TIR-002,Tiruchirappalli,Rice,Priority (PHH),2,10.0,9.4,0.94,21.3,4,2024-07-26 10:37:00,10,0,NORMAL
TXN-12418,BEN201,FPS-TIR-002,Tiruchirappalli,Sugar,Antyodaya Anna Yojana (AAY),2,2.0,6.0,3.0,1.6,3,2024-09-19 17:17:00,17,1,SUSPICIOUS
TXN-12419,BEN312,FPS-COI-002,Coimbatore,Rice,Antyodaya Anna Yojana (AAY),2,25.0,20.1,0.804,20.8,1,2024-05-17 14:50:00,14,0,NORMAL
TXN-12420,BEN363,FPS-SAL-002,Salem,Wheat,Priority (PHH),3,6.0,5.2,0.867,25.5,3,2024-08-12 11:53:00,11,0,NORMAL
TXN-12421,BEN143,FPS-COI-001,Coimbatore,Dal,Priority (PHH),4,1.0,0.7,0.7,27.2,4,2024-07-26 11:33:00,11,0,NORMAL
TXN-12422,BEN094,FPS-TIR-001,Tiruchirappalli,Sugar,Priority (PHH),4,1.0,0.8,0.8,28.8,1,2024-05-10 13:55:00,13,0,NORMAL
TXN-12423,BEN185,FPS-COI-002,Coimbatore,Wheat,Priority (PHH),4,8.0,6.9,0.862,3.4,2,2024-02-29 11:31:00,11,0,NORMAL
TXN-12424,BEN146,FPS-SAL-002,Salem,Wheat,Priority (PHH),5,10.0,8.1,0.81,6.0,1,2024-01-24 08:52:00,8,0,NORMAL
TXN-12425,BEN384,FPS-MAD-001,Madurai,Dal,Priority (PHH),4,1.0,0.8,0.8,8.4,1,2024-04-07 16:45:00,16,0,NORMAL
TXN-12426,BEN324,FPS-CHE-002,Chennai,Wheat,Non-Priority (NPHH),3,6.0,4.4,0.733,9.4,4,2024-04-25 12:59:00,12,0,NORMAL
TXN-12427,BEN388,FPS-CHE-001,Chennai,Dal,Priority (PHH),4,1.0,0.9,0.9,32.6,1,2024-01-08 17:44:00,17,0,NORMAL
TXN-12428,BEN380,FPS-MAD-001,Madurai,Rice,Non-Priority (NPHH),3,15.0,13.3,0.887,18.9,1,2024-10-21 19:27:00,19,0,NORMAL
TXN-12429,BEN175,FPS-MAD-001,Madurai,Dal,Non-Priority (NPHH),3,1.0,1.0,1.0,16.5,1,2024-10-17 09:45:00,9,0,NORMAL
TXN-12430,BEN082,FPS-COI-001,Coimbatore,Dal,Priority (PHH),4,1.0,0.7,0.7,26.3,2,2024-08-03 19:15:00,19,0,NORMAL
TXN-12431,BEN152,FPS-MAD-002,Madurai,Rice,Antyodaya Anna Yojana (AAY),5,25.0,18.3,0.732,2.4,3,2024-08-28 10:43:00,10,0,NORMAL
TXN-12432,BEN145,FPS-TIR-002,Tiruchirappalli,Dal,Priority (PHH),3,1.0,0.7,0.7,40.0,1,2024-09-25 10:42:00,10,0,NORMAL
TXN-12433,BEN338,FPS-COI-002,Coimbatore,Rice,Antyodaya Anna Yojana (AAY),4,25.0,21.6,0.864,34.0,2,2024-10-17 10:00:00,10,0,NORMAL
TXN-12434,BEN233,FPS-SAL-002,Salem,Wheat,Priority (PHH),5,10.0,8.8,0.88,50.4,1,2024-03-04 13:37:00,13,0,NORMAL
TXN-12435,BEN315,FPS-MAD-001,Madurai,Rice,Priority (PHH),5,25.0,23.6,0.944,3.0,3,2024-05-10 09:10:00,9,0,NORMAL
TXN-12436,BEN179,FPS-TIR-001,Tiruchirappalli,Rice,Non-Priority (NPHH),3,15.0,14.7,0.98,11.8,3,2024-08-05 19:58:00,19,0,NORMAL
TXN-12437,BEN208,FPS-MAD-001,Madurai,Rice,Priority (PHH),3,15.0,14.3,0.953,32.5,2,2024-02-01 13:55:00,13,0,NORMAL
TXN-12438,BEN247,FPS-MAD-002,Madurai,Rice,Priority (PHH),3,15.0,12.9,0.86,21.7,2,2024-05-08 17:39:00,17,0,NORMAL
TXN-12439,BEN152,FPS-CHE-002,Chennai,Dal,Priority (PHH),3,1.0,0.8,0.8,3.6,2,2024-09-23 16:48:00,16,0,NORMAL
TXN-12440,BEN199,FPS-COI-002,Coimbatore,Rice,Non-Priority (NPHH),4,20.0,14.9,0.745,25.6,2,2024-04-30 17:25:00,17,0,NORMAL
TXN-12441,BEN145,FPS-TIR-002,Tiruchirappalli,Wheat,Antyodaya Anna Yojana (AAY),5,10.0,7.2,0.72,12.9,4,2024-01-30 16:49:00,16,0,NORMAL
TXN-12442,BEN202,FPS-SAL-002,Salem,Wheat,Antyodaya Anna Yojana (AAY),3,10.0,7.5,0.75,112.2,3,2024-07-08 16:45:00,16,0,NORMAL
TXN-12443,BEN143,FPS-MAD-001,Madurai,Wheat,Non-Priority (NPHH),5,10.0,10.0,1.0,25.8,3,2024-02-20 14:22:00,14,0,NORMAL
TXN-12444,BEN265,FPS-CHE-001,Chennai,Rice,Priority (PHH),3,15.0,11.4,0.76,4.2,1,2024-01-18 15:26:00,15,0,NORMAL
TXN-12445,BEN026,FPS-SAL-001,Salem,Rice,Priority (PHH),2,10.0,8.0,0.8,50.1,2,2024-02-12 17:00:00,17,0,NORMAL
TXN-12446,BEN065,FPS-COI-002,Coimbatore,Rice,Antyodaya Anna Yojana (AAY),3,25.0,20.2,0.808,15.1,2,2024-02-11 11:39:00,11,0,NORMAL
TXN-12447,BEN116,FPS-TIR-001,Tiruchirappalli,Sugar,Non-Priority (NPHH),3,1.0,0.9,0.9,32.5,2,2024-03-19 14:36:00,14,0,NORMAL
TXN-12448,BEN102,FPS-SAL-002,Salem,Wheat,Priority (PHH),2,4.0,3.6,0.9,7.3,3,2024-05-15 16:40:00,16,0,NORMAL
TXN-12449,BEN311,FPS-MAD-002,Madurai,Wheat,Priority (PHH),4,8.0,6.8,0.85,31.8,1,2024-03-28 12:16:00,12,0,NORMAL
TXN-12450,BEN311,FPS-MAD-002,Madurai,Rice,Antyodaya Anna Yojana (AAY),5,25.0,22.8,0.912,48.9,3,2024-08-04 14:45:00,14,0,NORMAL
TXN-12451,BEN232,FPS-COI-001,Coimbatore,Wheat,Priority (PHH),3,6.0,4.9,0.817,6.0,1,2024-05-31 08:30:00,8,0,NORMAL
TXN-12452,BEN161,FPS-COI-002,Coimbatore,Dal,Priority (PHH),2,1.0,0.9,0.9,22.1,3,2024-08-29 17:44:00,17,0,NORMAL
TXN-12453,BEN268,FPS-MAD-001,Madurai,Rice,Non-Priority (NPHH),2,10.0,7.7,0.77,1.4,3,2024-03-31 08:39:00,8,0,NORMAL
TXN-12454,BEN371,FPS-SAL-002,Salem,Sugar,Priority (PHH),4,1.0,0.7,0.7,4.0,1,2024-03-30 16:47:00,16,0,NORMAL
TXN-12455,BEN086,FPS-TIR-001,Tiruchirappalli,Dal,Priority (PHH),4,1.0,0.8,0.8,56.5,1,2024-07-30 14:41:00,14,0,NORMAL
TXN-12456,BEN194,FPS-COI-001,Coimbatore,Rice,Priority (PHH),3,15.0,11.5,0.767,7.6,3,2024-03-11 19:08:00,19,0,NORMAL
TXN-12457,BEN371,FPS-TIR-002,Tiruchirappalli,Dal,Priority (PHH),4,1.0,1.0,1.0,77.3,1,2024-06-14 18:55:00,18,0,NORMAL
TXN-12458,BEN266,FPS-TIR-002,Tiruchirappalli,Dal,Antyodaya Anna Yojana (AAY),2,2.0,1.9,0.95,1.1,1,2024-08-24 14:45:00,14,0,NORMAL
TXN-12459,BEN026,FPS-CHE-002,Chennai,Wheat,Priority (PHH),3,6.0,5.5,0.917,4.1,2,2024-07-18 17:44:00,17,0,NORMAL
TXN-12460,BEN010,FPS-COI-001,Coimbatore,Wheat,Priority (PHH),5,10.0,8.9,0.89,30.1,1,2024-09-15 08:13:00,8,0,NORMAL
TXN-12461,BEN130,FPS-SAL-002,Salem,Sugar,Antyodaya Anna Yojana (AAY),5,2.0,1.7,0.85,24.1,3,2024-09-18 14:27:00,14,0,NORMAL
TXN-12462,BEN130,FPS-MAD-002,Madurai,Wheat,Antyodaya Anna Yojana (AAY),5,10.0,10.5,1.05,0.9,4,2024-03-04 10:58:00,10,1,SUSPICIOUS
TXN-12463,BEN193,FPS-TIR-001,Tiruchirappalli,Sugar,Priority (PHH),5,1.0,0.8,0.8,25.7,2,2024-10-13 15:14:00,15,0,NORMAL
TXN-12464,BEN357,FPS-TIR-001,Tiruchirappalli,Rice,Priority (PHH),4,20.0,15.0,0.75,26.4,2,2024-05-06 17:49:00,17,0,NORMAL
TXN-12465,BEN279,FPS-CHE-001,Chennai,Rice,Priority (PHH),5,25.0,21.2,0.848,34.3,1,2024-01-23 15:06:00,15,0,NORMAL
TXN-12466,BEN172,FPS-CHE-002,Chennai,Sugar,Antyodaya Anna Yojana (AAY),4,2.0,1.9,0.95,7.7,4,2024-02-17 08:14:00,8,0,NORMAL
TXN-12467,BEN267,FPS-SAL-002,Salem,Rice,Priority (PHH),3,15.0,13.6,0.907,23.2,3,2024-02-05 19:55:00,19,0,NORMAL
TXN-12468,BEN141,FPS-COI-002,Coimbatore,Rice,Priority (PHH),3,15.0,11.7,0.78,10.1,1,2024-02-26 18:12:00,18,0,NORMAL
TXN-12469,BEN356,FPS-TIR-001,Tiruchirappalli,Rice,Non-Priority (NPHH),3,15.0,12.4,0.827,12.4,2,2024-04-03 11:35:00,11,0,NORMAL
TXN-12470,BEN254,FPS-TIR-002,Tiruchirappalli,Wheat,Antyodaya Anna Yojana (AAY),2,10.0,7.5,0.75,18.5,1,2024-03-04 10:52:00,10,0,NORMAL
TXN-12471,BEN259,FPS-SAL-001,Salem,Wheat,Non-Priority (NPHH),4,8.0,7.0,0.875,19.0,1,2024-08-24 18:25:00,18,0,NORMAL
TXN-12472,BEN391,FPS-MAD-001,Madurai,Sugar,Antyodaya Anna Yojana (AAY),2,2.0,1.9,0.95,8.5,1,2024-04-03 13:52:00,13,0,NORMAL
TXN-12473,BEN188,FPS-CHE-002,Chennai,Wheat,Priority (PHH),3,6.0,5.2,0.867,6.5,2,2024-08-08 10:00:00,10,0,NORMAL
TXN-12474,BEN119,FPS-CHE-002,Chennai,Rice,Non-Priority (NPHH),4,20.0,15.2,0.76,18.9,1,2024-08-14 18:33:00,18,0,NORMAL
TXN-12475,BEN313,FPS-MAD-001,Madurai,Wheat,Priority (PHH),4,8.0,7.2,0.9,52.9,3,2024-01-11 12:30:00,12,0,NORMAL
TXN-12476,BEN337,FPS-TIR-001,Tiruchirappalli,Rice,Priority (PHH),4,20.0,17.9,0.895,13.3,4,2024-06-04 13:06:00,13,0,NORMAL
TXN-12477,BEN323,FPS-COI-002,Coimbatore,Sugar,Antyodaya Anna Yojana (AAY),4,2.0,1.5,0.75,3.8,5,2024-07-18 13:56:00,13,0,NORMAL
TXN-12478,BEN166,FPS-SAL-001,Salem,Rice,Antyodaya Anna Yojana (AAY),2,25.0,19.7,0.788,1.0,2,2024-02-14 19:07:00,19,0,NORMAL
TXN-12479,BEN210,FPS-SAL-002,Salem,Wheat,Priority (PHH),4,8.0,7.0,0.875,9.0,3,2024-01-16 13:05:00,13,0,NORMAL
TXN-12480,BEN296,FPS-SAL-001,Salem,Wheat,Non-Priority (NPHH),3,6.0,5.6,0.933,11.0,2,2024-08-01 17:30:00,17,0,NORMAL
TXN-12481,BEN278,FPS-SAL-002,Salem,Wheat,Priority (PHH),5,10.0,8.3,0.83,8.3,3,2024-08-09 10:05:00,10,0,NORMAL
TXN-12482,BEN067,FPS-COI-001,Coimbatore,Rice,Priority (PHH),5,25.0,19.0,0.76,24.8,2,2024-03-16 09:44:00,9,0,NORMAL
TXN-12483,BEN247,FPS-MAD-002,Madurai,Rice,Priority (PHH),2,10.0,8.3,0.83,29.3,4,2024-01-01 17:44:00,17,0,NORMAL
TXN-12484,BEN106,FPS-TIR-001,Tiruchirappalli,Sugar,Priority (PHH),3,1.0,0.9,0.9,13.2,4,2024-02-24 13:40:00,13,0,NORMAL
TXN-12485,BEN257,FPS-CHE-002,Chennai,Rice,Priority (PHH),5,25.0,18.7,0.748,13.2,3,2024-04-24 10:58:00,10,0,NORMAL
TXN-12486,BEN047,FPS-CHE-001,Chennai,Wheat,Priority (PHH),4,8.0,5.7,0.712,1.0,1,2024-05-21 18:05:00,18,0,NORMAL
TXN-12487,BEN295,FPS-COI-002,Coimbatore,Sugar,Priority (PHH),2,1.0,0.7,0.7,2.2,3,2024-05-13 13:26:00,13,0,NORMAL
TXN-12488,BEN009,FPS-SAL-002,Salem,Sugar,Non-Priority (NPHH),5,1.0,0.8,0.8,18.5,2,2024-09-16 11:28:00,11,0,NORMAL
TXN-12489,BEN151,FPS-COI-002,Coimbatore,Dal,Priority (PHH),4,1.0,0.9,0.9,10.7,4,2024-07-23 16:49:00,16,0,NORMAL
TXN-12490,BEN072,FPS-SAL-001,Salem,Rice,Priority (PHH),2,10.0,7.6,0.76,20.3,3,2024-08-19 18:08:00,18,0,NORMAL
TXN-12491,BEN231,FPS-MAD-001,Madurai,Dal,Priority (PHH),2,1.0,0.7,0.7,9.5,2,2024-09-12 12:45:00,12,0,NORMAL
TXN-12492,BEN325,FPS-TIR-001,Tiruchirappalli,Dal,Priority (PHH),2,1.0,0.8,0.8,9.4,2,2024-01-02 12:02:00,12,0,NORMAL
TXN-12493,BEN336,FPS-SAL-001,Salem,Sugar,Priority (PHH),4,1.0,0.9,0.9,21.0,2,2024-10-04 10:37:00,10,0,NORMAL
TXN-12494,BEN131,FPS-CHE-001,Chennai,Rice,Antyodaya Anna Yojana (AAY),5,25.0,24.0,0.96,32.1,4,2024-05-17 15:01:00,15,0,NORMAL
TXN-12495,BEN145,FPS-TIR-002,Tiruchirappalli,Rice,Antyodaya Anna Yojana (AAY),4,25.0,21.8,0.872,1.9,2,2024-09-24 17:44:00,17,0,NORMAL
TXN-12496,BEN234,FPS-TIR-001,Tiruchirappalli,Rice,Antyodaya Anna Yojana (AAY),5,25.0,19.9,0.796,73.2,2,2024-05-26 11:09:00,11,0,NORMAL
TXN-12497,BEN390,FPS-MAD-001,Madurai,Sugar,Priority (PHH),5,1.0,0.9,0.9,91.7,3,2024-08-01 19:09:00,19,0,NORMAL
TXN-12498,BEN061,FPS-COI-001,Coimbatore,Rice,Priority (PHH),3,15.0,16.0,1.067,1.3,4,2024-05-09 18:07:00,18,1,SUSPICIOUS
TXN-12499,BEN170,FPS-SAL-002,Salem,Sugar,Antyodaya Anna Yojana (AAY),5,2.0,1.9,0.95,7.2,5,2024-09-20 10:28:00,10,0,NORMAL
TXN-12500,BEN257,FPS-CHE-001,Chennai,Rice,Priority (PHH),3,15.0,13.0,0.867,99.5,2,2024-08-22 17:09:00,17,0,NORMAL
